peptide,gene_id,treatment,bio_rep,abundance
pw_001,gene_01,ctrl,1,63.92928663485915
pw_001,gene_01,ctrl,2,29.747502652333203
pw_001,gene_01,ctrl,3,48.63805204609367
pw_001,gene_01,ctrl,4,80.13300515937567
pw_001,gene_01,ctrl,5,36.66975493607865
pw_001,gene_01,ctrl,6,21.586035425401302
pw_001,gene_01,ctrl,7,30.104263800852525
pw_001,gene_01,ctrl,8,55.29743541823929
pw_001,gene_01,treatment,1,87.13350179743566
pw_001,gene_01,treatment,2,136.45529584416127
pw_001,gene_01,treatment,3,128.23307678898203
pw_001,gene_01,treatment,4,158.05803134313845
pw_001,gene_01,treatment,5,191.58259624945995
pw_001,gene_01,treatment,6,81.22612989100442
pw_001,gene_01,treatment,7,216.39488293529075
pw_001,gene_01,treatment,8,175.314908859947
pw_002,gene_01,ctrl,1,180.05796660497612
pw_002,gene_01,ctrl,2,135.3423811740285
pw_002,gene_01,ctrl,3,180.40355427300148
pw_002,gene_01,ctrl,4,41.223375011430136
pw_002,gene_01,ctrl,5,127.4908667262506
pw_002,gene_01,ctrl,6,59.62961658810874
pw_002,gene_01,ctrl,7,114.6865919013727
pw_002,gene_01,ctrl,8,151.19495568615795
pw_002,gene_01,treatment,1,260.1692856649741
pw_002,gene_01,treatment,2,387.8551481513264
pw_002,gene_01,treatment,3,321.48350276096426
pw_002,gene_01,treatment,4,189.06809443762907
pw_002,gene_01,treatment,5,520.3796629865071
pw_002,gene_01,treatment,6,305.81910925966497
pw_002,gene_01,treatment,7,382.933633154192
pw_002,gene_01,treatment,8,503.1470711531651
pw_003,gene_01,ctrl,1,47.360191110641686
pw_003,gene_01,ctrl,2,116.41304495621122
pw_003,gene_01,ctrl,3,13.567090870570114
pw_003,gene_01,ctrl,4,66.86765122717456
pw_003,gene_01,ctrl,5,29.150912618514315
pw_003,gene_01,ctrl,6,68.7197742237605
pw_003,gene_01,ctrl,7,45.243616986457525
pw_003,gene_01,ctrl,8,25.705096686681536
pw_003,gene_01,treatment,1,170.92561730523528
pw_003,gene_01,treatment,2,134.27377201892588
pw_003,gene_01,treatment,3,47.388348858632206
pw_003,gene_01,treatment,4,124.46588914369997
pw_003,gene_01,treatment,5,189.83472312702634
pw_003,gene_01,treatment,6,59.259997527543035
pw_003,gene_01,treatment,7,250.55607159736323
pw_003,gene_01,treatment,8,371.7808214270995
pw_004,gene_01,ctrl,1,112.06752543718633
pw_004,gene_01,ctrl,2,82.79255075853601
pw_004,gene_01,ctrl,3,140.24496872674987
pw_004,gene_01,ctrl,4,101.37354793775422
pw_004,gene_01,ctrl,5,121.03573949524028
pw_004,gene_01,ctrl,6,103.00332976502708
pw_004,gene_01,ctrl,7,106.85746423004889
pw_004,gene_01,ctrl,8,77.09307233305987
pw_004,gene_01,treatment,1,398.47874068871755
pw_004,gene_01,treatment,2,186.7395131734516
pw_004,gene_01,treatment,3,421.41739832559966
pw_004,gene_01,treatment,4,235.3296221443287
pw_004,gene_01,treatment,5,201.90313753131932
pw_004,gene_01,treatment,6,386.880162357576
pw_004,gene_01,treatment,7,200.73143272864763
pw_004,gene_01,treatment,8,333.10966218106165
pw_005,gene_01,ctrl,1,52.59891720611976
pw_005,gene_01,ctrl,2,79.13313308037705
pw_005,gene_01,ctrl,3,64.26492370447764
pw_005,gene_01,ctrl,4,64.49050659980006
pw_005,gene_01,ctrl,5,52.66574209843459
pw_005,gene_01,ctrl,6,31.20159572832084
pw_005,gene_01,ctrl,7,61.42427497699404
pw_005,gene_01,ctrl,8,34.62976961883482
pw_005,gene_01,treatment,1,207.16151478629314
pw_005,gene_01,treatment,2,174.77795979647442
pw_005,gene_01,treatment,3,150.8615131711407
pw_005,gene_01,treatment,4,169.22452527212747
pw_005,gene_01,treatment,5,239.63125255825727
pw_005,gene_01,treatment,6,164.06351074754897
pw_005,gene_01,treatment,7,202.27488191144414
pw_005,gene_01,treatment,8,92.80170298717927
pw_006,gene_02,ctrl,1,62.93905889671047
pw_006,gene_02,ctrl,2,133.282159047273
pw_006,gene_02,ctrl,3,107.20218186580072
pw_006,gene_02,ctrl,4,84.91184383380597
pw_006,gene_02,ctrl,5,62.12638858096401
pw_006,gene_02,ctrl,6,155.62017884741704
pw_006,gene_02,ctrl,7,121.27193099880935
pw_006,gene_02,ctrl,8,92.56893462674104
pw_006,gene_02,treatment,1,324.5182780088004
pw_006,gene_02,treatment,2,353.93079390571
pw_006,gene_02,treatment,3,223.05352680363578
pw_006,gene_02,treatment,4,306.30103338082785
pw_006,gene_02,treatment,5,195.13316318885026
pw_006,gene_02,treatment,6,234.9903741879659
pw_006,gene_02,treatment,7,261.35819711035407
pw_006,gene_02,treatment,8,490.48550527992086
pw_007,gene_02,ctrl,1,149.48038608264991
pw_007,gene_02,ctrl,2,104.53206577853771
pw_007,gene_02,ctrl,3,91.49179982379928
pw_007,gene_02,ctrl,4,93.9497966822331
pw_007,gene_02,ctrl,5,84.32031588092659
pw_007,gene_02,ctrl,6,77.6106555857442
pw_007,gene_02,ctrl,7,60.61429740190665
pw_007,gene_02,ctrl,8,67.39719612899474
pw_007,gene_02,treatment,1,169.44852720939363
pw_007,gene_02,treatment,2,174.90468441704013
pw_007,gene_02,treatment,3,119.51665863966186
pw_007,gene_02,treatment,4,168.83965423645427
pw_007,gene_02,treatment,5,374.88286444045735
pw_007,gene_02,treatment,6,197.6742324569027
pw_007,gene_02,treatment,7,73.99681601779854
pw_007,gene_02,treatment,8,250.1474037831179
pw_008,gene_02,ctrl,1,82.1879750842476
pw_008,gene_02,ctrl,2,81.73727052307926
pw_008,gene_02,ctrl,3,100.02778718110157
pw_008,gene_02,ctrl,4,45.214291587230235
pw_008,gene_02,ctrl,5,118.09166554881205
pw_008,gene_02,ctrl,6,92.45273008059917
pw_008,gene_02,ctrl,7,116.89918381056592
pw_008,gene_02,ctrl,8,43.5414603369065
pw_008,gene_02,treatment,1,391.3680807830002
pw_008,gene_02,treatment,2,193.5645185180491
pw_008,gene_02,treatment,3,261.05551568199735
pw_008,gene_02,treatment,4,258.3506884250962
pw_008,gene_02,treatment,5,228.01269513254297
pw_008,gene_02,treatment,6,145.3685699745567
pw_008,gene_02,treatment,7,196.0129780163054
pw_008,gene_02,treatment,8,316.01553479884785
pw_009,gene_02,ctrl,1,129.45021356620612
pw_009,gene_02,ctrl,2,69.31372165778733
pw_009,gene_02,ctrl,3,176.1369788615665
pw_009,gene_02,ctrl,4,90.35983717433713
pw_009,gene_02,ctrl,5,103.0273022715772
pw_009,gene_02,ctrl,6,185.26518455239895
pw_009,gene_02,ctrl,7,164.72785218265903
pw_009,gene_02,ctrl,8,105.1349818381381
pw_009,gene_02,treatment,1,532.9277424172245
pw_009,gene_02,treatment,2,515.0002622215461
pw_009,gene_02,treatment,3,972.5775964767873
pw_009,gene_02,treatment,4,769.9892356796627
pw_009,gene_02,treatment,5,521.5698088236601
pw_009,gene_02,treatment,6,522.0993457579985
pw_009,gene_02,treatment,7,599.5591853578549
pw_009,gene_02,treatment,8,476.29908601108195
pw_010,gene_02,ctrl,1,91.90646402318617
pw_010,gene_02,ctrl,2,69.84409473841912
pw_010,gene_02,ctrl,3,99.14978203787156
pw_010,gene_02,ctrl,4,43.71772657176358
pw_010,gene_02,ctrl,5,98.42656985289847
pw_010,gene_02,ctrl,6,109.02006452706141
pw_010,gene_02,ctrl,7,81.03143384719738
pw_010,gene_02,ctrl,8,81.61997788185924
pw_010,gene_02,treatment,1,234.9035363924187
pw_010,gene_02,treatment,2,221.37582690421496
pw_010,gene_02,treatment,3,217.96464514621528
pw_010,gene_02,treatment,4,207.27454764503844
pw_010,gene_02,treatment,5,207.48426208322545
pw_010,gene_02,treatment,6,234.72406543379046
pw_010,gene_02,treatment,7,309.8274799363301
pw_010,gene_02,treatment,8,309.6118109599722
pw_011,gene_03,ctrl,1,108.53405015240081
pw_011,gene_03,ctrl,2,87.84302465912516
pw_011,gene_03,ctrl,3,136.09823124852213
pw_011,gene_03,ctrl,4,48.75023092766385
pw_011,gene_03,ctrl,5,148.83211776877542
pw_011,gene_03,ctrl,6,127.69144992623431
pw_011,gene_03,ctrl,7,160.01211919721632
pw_011,gene_03,ctrl,8,108.27367573218542
pw_011,gene_03,treatment,1,328.2152756677443
pw_011,gene_03,treatment,2,174.250942945817
pw_011,gene_03,treatment,3,244.42812262567844
pw_011,gene_03,treatment,4,246.85728933190083
pw_011,gene_03,treatment,5,319.8470132222301
pw_011,gene_03,treatment,6,343.6013236428144
pw_011,gene_03,treatment,7,511.8049883921219
pw_011,gene_03,treatment,8,143.96920533628068
pw_012,gene_03,ctrl,1,147.3111449951384
pw_012,gene_03,ctrl,2,97.50852963504346
pw_012,gene_03,ctrl,3,30.24461715899096
pw_012,gene_03,ctrl,4,173.50933813636766
pw_012,gene_03,ctrl,5,56.19542281786521
pw_012,gene_03,ctrl,6,45.453694114128254
pw_012,gene_03,ctrl,7,45.78082325266692
pw_012,gene_03,ctrl,8,109.28807643832465
pw_012,gene_03,treatment,1,324.8720219522482
pw_012,gene_03,treatment,2,341.6432209554149
pw_012,gene_03,treatment,3,321.97059839376794
pw_012,gene_03,treatment,4,186.29447018941167
pw_012,gene_03,treatment,5,325.5849399392031
pw_012,gene_03,treatment,6,382.05998578021394
pw_012,gene_03,treatment,7,120.0742088906161
pw_012,gene_03,treatment,8,137.17359046841227
pw_013,gene_03,ctrl,1,33.49119906026308
pw_013,gene_03,ctrl,2,101.83641331500002
pw_013,gene_03,ctrl,3,184.36826511813706
pw_013,gene_03,ctrl,4,67.68293704362767
pw_013,gene_03,ctrl,5,67.47782615249172
pw_013,gene_03,ctrl,6,51.56047121133271
pw_013,gene_03,ctrl,7,58.57263180227413
pw_013,gene_03,ctrl,8,107.42822842653584
pw_013,gene_03,treatment,1,470.8640673459918
pw_013,gene_03,treatment,2,77.57205468364802
pw_013,gene_03,treatment,3,125.77117010034895
pw_013,gene_03,treatment,4,162.56630218940268
pw_013,gene_03,treatment,5,215.12234993450835
pw_013,gene_03,treatment,6,301.4143246609724
pw_013,gene_03,treatment,7,449.44414398517534
pw_013,gene_03,treatment,8,354.1221801723672
pw_014,gene_03,ctrl,1,86.7579295619537
pw_014,gene_03,ctrl,2,101.87254499686512
pw_014,gene_03,ctrl,3,154.64205564732086
pw_014,gene_03,ctrl,4,83.5250479192541
pw_014,gene_03,ctrl,5,67.75022372007749
pw_014,gene_03,ctrl,6,113.63103758784877
pw_014,gene_03,ctrl,7,40.77173631092976
pw_014,gene_03,ctrl,8,62.968476134161335
pw_014,gene_03,treatment,1,209.8869917718108
pw_014,gene_03,treatment,2,184.29096806427526
pw_014,gene_03,treatment,3,274.5210943948275
pw_014,gene_03,treatment,4,193.70115490928387
pw_014,gene_03,treatment,5,169.41404425013738
pw_014,gene_03,treatment,6,98.6245881776495
pw_014,gene_03,treatment,7,151.56813109381392
pw_014,gene_03,treatment,8,147.43073094002352
pw_015,gene_03,ctrl,1,113.71615319359574
pw_015,gene_03,ctrl,2,54.85520396885519
pw_015,gene_03,ctrl,3,65.44182365947773
pw_015,gene_03,ctrl,4,114.20256076209307
pw_015,gene_03,ctrl,5,73.408490742908
pw_015,gene_03,ctrl,6,57.43265811089301
pw_015,gene_03,ctrl,7,49.29678286770157
pw_015,gene_03,ctrl,8,84.90920525014144
pw_015,gene_03,treatment,1,189.77368551657352
pw_015,gene_03,treatment,2,161.62120266942875
pw_015,gene_03,treatment,3,46.57510027148311
pw_015,gene_03,treatment,4,172.49818769619756
pw_015,gene_03,treatment,5,118.23818847998037
pw_015,gene_03,treatment,6,248.35827265608455
pw_015,gene_03,treatment,7,204.66516638649082
pw_015,gene_03,treatment,8,109.61510320592726
pw_016,gene_04,ctrl,1,111.55082031751583
pw_016,gene_04,ctrl,2,39.958568613614425
pw_016,gene_04,ctrl,3,90.59693341955335
pw_016,gene_04,ctrl,4,104.87925933174711
pw_016,gene_04,ctrl,5,33.623685227826066
pw_016,gene_04,ctrl,6,85.99122364054261
pw_016,gene_04,ctrl,7,61.188829842583424
pw_016,gene_04,ctrl,8,73.10383425178006
pw_016,gene_04,treatment,1,139.8583583145446
pw_016,gene_04,treatment,2,373.5368416266309
pw_016,gene_04,treatment,3,125.65138145737166
pw_016,gene_04,treatment,4,214.32120406789377
pw_016,gene_04,treatment,5,117.23338525872786
pw_016,gene_04,treatment,6,172.08292396747996
pw_016,gene_04,treatment,7,233.3926379877299
pw_016,gene_04,treatment,8,99.27414568124235
pw_017,gene_04,ctrl,1,59.7991150890858
pw_017,gene_04,ctrl,2,51.59661812925808
pw_017,gene_04,ctrl,3,18.214421555315432
pw_017,gene_04,ctrl,4,59.13508641583616
pw_017,gene_04,ctrl,5,69.1324183250476
pw_017,gene_04,ctrl,6,33.74509479565025
pw_017,gene_04,ctrl,7,75.4348845777144
pw_017,gene_04,ctrl,8,48.88219466341623
pw_017,gene_04,treatment,1,97.04902470918188
pw_017,gene_04,treatment,2,134.14081160774776
pw_017,gene_04,treatment,3,91.65063420477686
pw_017,gene_04,treatment,4,62.11973303989452
pw_017,gene_04,treatment,5,90.56843296756013
pw_017,gene_04,treatment,6,65.81665618855813
pw_017,gene_04,treatment,7,141.44146530497596
pw_017,gene_04,treatment,8,148.83278570753288
pw_018,gene_04,ctrl,1,84.08830038610382
pw_018,gene_04,ctrl,2,133.6299511214101
pw_018,gene_04,ctrl,3,61.11628289192989
pw_018,gene_04,ctrl,4,118.24689958797612
pw_018,gene_04,ctrl,5,83.21320376607744
pw_018,gene_04,ctrl,6,49.232652835618964
pw_018,gene_04,ctrl,7,77.12592801760375
pw_018,gene_04,ctrl,8,171.45453919994907
pw_018,gene_04,treatment,1,234.39424407954715
pw_018,gene_04,treatment,2,244.01243816665468
pw_018,gene_04,treatment,3,371.98138841886794
pw_018,gene_04,treatment,4,202.8621242237786
pw_018,gene_04,treatment,5,318.97933799725087
pw_018,gene_04,treatment,6,123.48468750226975
pw_018,gene_04,treatment,7,299.0048943039191
pw_018,gene_04,treatment,8,386.70562265044384
pw_019,gene_04,ctrl,1,53.31214664224941
pw_019,gene_04,ctrl,2,41.02808269073796
pw_019,gene_04,ctrl,3,53.70656593179496
pw_019,gene_04,ctrl,4,42.90044142717827
pw_019,gene_04,ctrl,5,48.402909648567665
pw_019,gene_04,ctrl,6,100.0187623788339
pw_019,gene_04,ctrl,7,68.28599741784345
pw_019,gene_04,ctrl,8,55.526601932115234
pw_019,gene_04,treatment,1,113.43566502660003
pw_019,gene_04,treatment,2,89.26406280056106
pw_019,gene_04,treatment,3,64.41957029159414
pw_019,gene_04,treatment,4,134.3281502676606
pw_019,gene_04,treatment,5,156.94964655349494
pw_019,gene_04,treatment,6,79.54981039760418
pw_019,gene_04,treatment,7,140.97333511736502
pw_019,gene_04,treatment,8,144.4172037722545
pw_020,gene_04,ctrl,1,124.58022471602621
pw_020,gene_04,ctrl,2,112.25548740993354
pw_020,gene_04,ctrl,3,106.29126286940281
pw_020,gene_04,ctrl,4,109.36566371231206
pw_020,gene_04,ctrl,5,117.51983189745614
pw_020,gene_04,ctrl,6,90.51173577931736
pw_020,gene_04,ctrl,7,233.73498798463555
pw_020,gene_04,ctrl,8,193.31948980186775
pw_020,gene_04,treatment,1,159.63972134160227
pw_020,gene_04,treatment,2,349.02918709177953
pw_020,gene_04,treatment,3,429.88599216743495
pw_020,gene_04,treatment,4,210.48913918716664
pw_020,gene_04,treatment,5,300.24284654476696
pw_020,gene_04,treatment,6,325.8392375186934
pw_020,gene_04,treatment,7,431.76079458255805
pw_020,gene_04,treatment,8,557.9564489681342
pw_021,gene_05,ctrl,1,62.070786152223235
pw_021,gene_05,ctrl,2,37.637715245100225
pw_021,gene_05,ctrl,3,21.048050434264663
pw_021,gene_05,ctrl,4,46.60360932433422
pw_021,gene_05,ctrl,5,19.482341419913745
pw_021,gene_05,ctrl,6,NA
pw_021,gene_05,ctrl,7,60.5884246808862
pw_021,gene_05,ctrl,8,23.552819253040198
pw_021,gene_05,treatment,1,65.0671038557117
pw_021,gene_05,treatment,2,NA
pw_021,gene_05,treatment,3,58.2440942802001
pw_021,gene_05,treatment,4,107.8775555244021
pw_021,gene_05,treatment,5,41.674043086641234
pw_021,gene_05,treatment,6,142.38437194297651
pw_021,gene_05,treatment,7,140.4140899170297
pw_021,gene_05,treatment,8,126.69485636991018
pw_022,gene_05,ctrl,1,93.7010857427023
pw_022,gene_05,ctrl,2,123.25827538174514
pw_022,gene_05,ctrl,3,136.39683980482425
pw_022,gene_05,ctrl,4,172.41809043463863
pw_022,gene_05,ctrl,5,197.22260564157204
pw_022,gene_05,ctrl,6,218.79595665135793
pw_022,gene_05,ctrl,7,96.08069699472298
pw_022,gene_05,ctrl,8,134.49962608869393
pw_022,gene_05,treatment,1,225.16453810317492
pw_022,gene_05,treatment,2,204.54947038421693
pw_022,gene_05,treatment,3,270.63313121235797
pw_022,gene_05,treatment,4,437.9019684988124
pw_022,gene_05,treatment,5,413.0349674246147
pw_022,gene_05,treatment,6,460.3267781947166
pw_022,gene_05,treatment,7,360.17248994007826
pw_022,gene_05,treatment,8,302.49282179385625
pw_023,gene_05,ctrl,1,52.55828698224736
pw_023,gene_05,ctrl,2,86.15976528062151
pw_023,gene_05,ctrl,3,95.29556609468735
pw_023,gene_05,ctrl,4,48.84630043020205
pw_023,gene_05,ctrl,5,42.091871690963316
pw_023,gene_05,ctrl,6,60.45063702668072
pw_023,gene_05,ctrl,7,56.66719736188015
pw_023,gene_05,ctrl,8,63.243867980845295
pw_023,gene_05,treatment,1,242.97056410723783
pw_023,gene_05,treatment,2,302.6988641773768
pw_023,gene_05,treatment,3,273.77120351871235
pw_023,gene_05,treatment,4,99.90724554108743
pw_023,gene_05,treatment,5,136.52737477982149
pw_023,gene_05,treatment,6,121.47295099493464
pw_023,gene_05,treatment,7,214.38573449889802
pw_023,gene_05,treatment,8,112.39603055859
pw_024,gene_05,ctrl,1,148.96356854353255
pw_024,gene_05,ctrl,2,119.91470199231252
pw_024,gene_05,ctrl,3,180.9655943033655
pw_024,gene_05,ctrl,4,165.23117497209708
pw_024,gene_05,ctrl,5,126.25253980450329
pw_024,gene_05,ctrl,6,141.82207813358684
pw_024,gene_05,ctrl,7,96.46951859586285
pw_024,gene_05,ctrl,8,82.9055914351287
pw_024,gene_05,treatment,1,260.954546531863
pw_024,gene_05,treatment,2,398.5534645282256
pw_024,gene_05,treatment,3,689.7324423409214
pw_024,gene_05,treatment,4,260.17766094425696
pw_024,gene_05,treatment,5,636.7839126608725
pw_024,gene_05,treatment,6,314.664099407324
pw_024,gene_05,treatment,7,604.3129070889515
pw_024,gene_05,treatment,8,743.1495748165385
pw_025,gene_05,ctrl,1,44.801739813241355
pw_025,gene_05,ctrl,2,64.82287536469198
pw_025,gene_05,ctrl,3,57.88010976889904
pw_025,gene_05,ctrl,4,98.09091151354124
pw_025,gene_05,ctrl,5,62.02196414212075
pw_025,gene_05,ctrl,6,111.0852610397257
pw_025,gene_05,ctrl,7,42.77949038532658
pw_025,gene_05,ctrl,8,59.64592515625443
pw_025,gene_05,treatment,1,269.982060454912
pw_025,gene_05,treatment,2,197.62467196881667
pw_025,gene_05,treatment,3,294.0252559720075
pw_025,gene_05,treatment,4,390.8703025031156
pw_025,gene_05,treatment,5,317.19049381158476
pw_025,gene_05,treatment,6,233.96281223957445
pw_025,gene_05,treatment,7,150.26518162608835
pw_025,gene_05,treatment,8,308.2419682504474
pw_026,gene_06,ctrl,1,100.04830335403668
pw_026,gene_06,ctrl,2,135.00574025670824
pw_026,gene_06,ctrl,3,117.70337604792311
pw_026,gene_06,ctrl,4,168.45978176487964
pw_026,gene_06,ctrl,5,118.27051288118425
pw_026,gene_06,ctrl,6,76.16462921380409
pw_026,gene_06,ctrl,7,87.19821608543961
pw_026,gene_06,ctrl,8,238.34323131184138
pw_026,gene_06,treatment,1,345.87527343700026
pw_026,gene_06,treatment,2,401.27646883220314
pw_026,gene_06,treatment,3,462.1577452108035
pw_026,gene_06,treatment,4,503.1648269736359
pw_026,gene_06,treatment,5,367.88949257355466
pw_026,gene_06,treatment,6,261.0300723444908
pw_026,gene_06,treatment,7,283.53700580601554
pw_026,gene_06,treatment,8,294.7086083893055
pw_027,gene_06,ctrl,1,154.24350831402884
pw_027,gene_06,ctrl,2,147.83221725575922
pw_027,gene_06,ctrl,3,137.58549403332776
pw_027,gene_06,ctrl,4,193.84572068234223
pw_027,gene_06,ctrl,5,118.26692376632656
pw_027,gene_06,ctrl,6,167.01749396887013
pw_027,gene_06,ctrl,7,189.0741953884639
pw_027,gene_06,ctrl,8,100.88265774580509
pw_027,gene_06,treatment,1,324.5046715025472
pw_027,gene_06,treatment,2,170.92610221411405
pw_027,gene_06,treatment,3,305.92253300850155
pw_027,gene_06,treatment,4,579.3627156587386
pw_027,gene_06,treatment,5,283.8716035103967
pw_027,gene_06,treatment,6,335.7812316919027
pw_027,gene_06,treatment,7,301.23405080288876
pw_027,gene_06,treatment,8,218.94014734394537
pw_028,gene_06,ctrl,1,72.47301278824769
pw_028,gene_06,ctrl,2,51.80194934071048
pw_028,gene_06,ctrl,3,112.79392814714791
pw_028,gene_06,ctrl,4,142.72309868469193
pw_028,gene_06,ctrl,5,89.58875951278173
pw_028,gene_06,ctrl,6,141.13737314268903
pw_028,gene_06,ctrl,7,73.83490792550984
pw_028,gene_06,ctrl,8,84.65301728134118
pw_028,gene_06,treatment,1,467.3173182063079
pw_028,gene_06,treatment,2,365.41031479502834
pw_028,gene_06,treatment,3,546.1374674121748
pw_028,gene_06,treatment,4,156.5623388396432
pw_028,gene_06,treatment,5,406.23686241539866
pw_028,gene_06,treatment,6,410.5254825946897
pw_028,gene_06,treatment,7,357.68221646114506
pw_028,gene_06,treatment,8,528.1358151008346
pw_029,gene_06,ctrl,1,119.62284335190823
pw_029,gene_06,ctrl,2,141.27095778018793
pw_029,gene_06,ctrl,3,22.424950987825895
pw_029,gene_06,ctrl,4,78.65983156617082
pw_029,gene_06,ctrl,5,114.77820280212858
pw_029,gene_06,ctrl,6,67.7556412035248
pw_029,gene_06,ctrl,7,119.67601573361094
pw_029,gene_06,ctrl,8,125.57593510220546
pw_029,gene_06,treatment,1,104.12803055757621
pw_029,gene_06,treatment,2,257.14892654464774
pw_029,gene_06,treatment,3,55.788950749234736
pw_029,gene_06,treatment,4,212.66734616311376
pw_029,gene_06,treatment,5,182.36501587973402
pw_029,gene_06,treatment,6,114.32539058118557
pw_029,gene_06,treatment,7,139.81229465882814
pw_029,gene_06,treatment,8,195.00545966374298
pw_030,gene_06,ctrl,1,28.528075002163217
pw_030,gene_06,ctrl,2,94.34868271398916
pw_030,gene_06,ctrl,3,124.54704221674065
pw_030,gene_06,ctrl,4,90.79763500547914
pw_030,gene_06,ctrl,5,104.63362926392321
pw_030,gene_06,ctrl,6,133.31478342527146
pw_030,gene_06,ctrl,7,109.8547020847053
pw_030,gene_06,ctrl,8,91.53598453928826
pw_030,gene_06,treatment,1,244.18436221812277
pw_030,gene_06,treatment,2,246.21159882867568
pw_030,gene_06,treatment,3,300.62311335651907
pw_030,gene_06,treatment,4,328.1640669648673
pw_030,gene_06,treatment,5,375.68963906374466
pw_030,gene_06,treatment,6,362.8213855070705
pw_030,gene_06,treatment,7,323.38954898314665
pw_030,gene_06,treatment,8,240.89578480765124
pw_031,gene_07,ctrl,1,46.04827856618318
pw_031,gene_07,ctrl,2,23.514089105902464
pw_031,gene_07,ctrl,3,60.414246306872094
pw_031,gene_07,ctrl,4,51.531995859157206
pw_031,gene_07,ctrl,5,52.15401704726311
pw_031,gene_07,ctrl,6,41.990751028220444
pw_031,gene_07,ctrl,7,28.32402341218724
pw_031,gene_07,ctrl,8,11.235724075436513
pw_031,gene_07,treatment,1,22.35713749959585
pw_031,gene_07,treatment,2,17.60502717860889
pw_031,gene_07,treatment,3,70.63098694734937
pw_031,gene_07,treatment,4,49.02339132916566
pw_031,gene_07,treatment,5,19.00672116731353
pw_031,gene_07,treatment,6,92.40820705696538
pw_031,gene_07,treatment,7,49.61550424958684
pw_031,gene_07,treatment,8,81.3798005710996
pw_032,gene_07,ctrl,1,51.19628838044981
pw_032,gene_07,ctrl,2,120.01133770583728
pw_032,gene_07,ctrl,3,125.9430773349715
pw_032,gene_07,ctrl,4,43.7781093678218
pw_032,gene_07,ctrl,5,80.7230258302136
pw_032,gene_07,ctrl,6,66.84092980406551
pw_032,gene_07,ctrl,7,55.595538049449544
pw_032,gene_07,ctrl,8,44.50694051739356
pw_032,gene_07,treatment,1,69.2075269107101
pw_032,gene_07,treatment,2,74.17417475134243
pw_032,gene_07,treatment,3,84.82222368454825
pw_032,gene_07,treatment,4,60.455321432693765
pw_032,gene_07,treatment,5,64.9944589996892
pw_032,gene_07,treatment,6,85.46371317709192
pw_032,gene_07,treatment,7,68.92642651355885
pw_032,gene_07,treatment,8,68.73271034701199
pw_033,gene_07,ctrl,1,83.49458489929341
pw_033,gene_07,ctrl,2,88.87171933160336
pw_033,gene_07,ctrl,3,141.6368154571794
pw_033,gene_07,ctrl,4,56.517516851462496
pw_033,gene_07,ctrl,5,79.7308621643239
pw_033,gene_07,ctrl,6,92.98837477335789
pw_033,gene_07,ctrl,7,139.77383646326402
pw_033,gene_07,ctrl,8,80.2010312610605
pw_033,gene_07,treatment,1,98.62403953182604
pw_033,gene_07,treatment,2,73.30816601405635
pw_033,gene_07,treatment,3,117.37507624084057
pw_033,gene_07,treatment,4,104.6206117513969
pw_033,gene_07,treatment,5,71.97308622296413
pw_033,gene_07,treatment,6,97.06057065993359
pw_033,gene_07,treatment,7,128.58131434406513
pw_033,gene_07,treatment,8,112.31657352427983
pw_034,gene_07,ctrl,1,50.490816608219944
pw_034,gene_07,ctrl,2,36.8447040569635
pw_034,gene_07,ctrl,3,34.883721768542415
pw_034,gene_07,ctrl,4,76.69430931180904
pw_034,gene_07,ctrl,5,65.47123653970507
pw_034,gene_07,ctrl,6,70.38032548683249
pw_034,gene_07,ctrl,7,54.34867481978732
pw_034,gene_07,ctrl,8,137.32186553355703
pw_034,gene_07,treatment,1,69.48721494768431
pw_034,gene_07,treatment,2,41.53450597869115
pw_034,gene_07,treatment,3,62.58722653409577
pw_034,gene_07,treatment,4,60.488182396003964
pw_034,gene_07,treatment,5,64.39625439703644
pw_034,gene_07,treatment,6,32.72973099669549
pw_034,gene_07,treatment,7,62.22654579955139
pw_034,gene_07,treatment,8,85.96452535917422
pw_035,gene_07,ctrl,1,109.14637298294446
pw_035,gene_07,ctrl,2,141.7396703003368
pw_035,gene_07,ctrl,3,133.38690865593043
pw_035,gene_07,ctrl,4,171.3301930341254
pw_035,gene_07,ctrl,5,125.23364758235783
pw_035,gene_07,ctrl,6,71.70493798126718
pw_035,gene_07,ctrl,7,103.84834612161974
pw_035,gene_07,ctrl,8,109.14103384548561
pw_035,gene_07,treatment,1,90.29162470064982
pw_035,gene_07,treatment,2,51.61717369267731
pw_035,gene_07,treatment,3,129.5553299024454
pw_035,gene_07,treatment,4,129.12172770307313
pw_035,gene_07,treatment,5,119.26664177242397
pw_035,gene_07,treatment,6,93.22372886340457
pw_035,gene_07,treatment,7,125.09387375792734
pw_035,gene_07,treatment,8,69.05596950555292
pw_036,gene_08,ctrl,1,46.298873557979064
pw_036,gene_08,ctrl,2,56.7350323679657
pw_036,gene_08,ctrl,3,54.09933982991806
pw_036,gene_08,ctrl,4,59.88871456005555
pw_036,gene_08,ctrl,5,27.817924907385173
pw_036,gene_08,ctrl,6,38.03434685240527
pw_036,gene_08,ctrl,7,35.69603872452796
pw_036,gene_08,ctrl,8,50.17490675232512
pw_036,gene_08,treatment,1,61.53784731651095
pw_036,gene_08,treatment,2,92.91238561594481
pw_036,gene_08,treatment,3,57.633368528916115
pw_036,gene_08,treatment,4,31.417012810483133
pw_036,gene_08,treatment,5,77.29640202750333
pw_036,gene_08,treatment,6,61.539519816986505
pw_036,gene_08,treatment,7,33.43727079602876
pw_036,gene_08,treatment,8,56.12457299178653
pw_037,gene_08,ctrl,1,82.75506145226362
pw_037,gene_08,ctrl,2,104.64152284115913
pw_037,gene_08,ctrl,3,10.331996574667766
pw_037,gene_08,ctrl,4,23.231032669427346
pw_037,gene_08,ctrl,5,35.10437104080781
pw_037,gene_08,ctrl,6,94.22529763473187
pw_037,gene_08,ctrl,7,43.978557084922
pw_037,gene_08,ctrl,8,72.30901765608537
pw_037,gene_08,treatment,1,90.21422612239165
pw_037,gene_08,treatment,2,64.81072106703117
pw_037,gene_08,treatment,3,50.14292421650654
pw_037,gene_08,treatment,4,58.40153705180811
pw_037,gene_08,treatment,5,42.92317302754983
pw_037,gene_08,treatment,6,70.752167702400385
pw_037,gene_08,treatment,7,97.32560299964884
pw_037,gene_08,treatment,8,47.456159228837684
pw_038,gene_08,ctrl,1,94.1339880395795
pw_038,gene_08,ctrl,2,74.47284250617454
pw_038,gene_08,ctrl,3,68.6062715182695
pw_038,gene_08,ctrl,4,82.97042154109857
pw_038,gene_08,ctrl,5,88.29050508591696
pw_038,gene_08,ctrl,6,55.30934286810593
pw_038,gene_08,ctrl,7,63.21332174700199
pw_038,gene_08,ctrl,8,39.91596076731813
pw_038,gene_08,treatment,1,69.37260254272441
pw_038,gene_08,treatment,2,76.15066234374142
pw_038,gene_08,treatment,3,46.64260352745808
pw_038,gene_08,treatment,4,43.148600929974805
pw_038,gene_08,treatment,5,89.09952466628864
pw_038,gene_08,treatment,6,83.57980101005202
pw_038,gene_08,treatment,7,47.629801291178325
pw_038,gene_08,treatment,8,39.536643771012045
pw_039,gene_08,ctrl,1,87.49168029676363
pw_039,gene_08,ctrl,2,113.24598798647004
pw_039,gene_08,ctrl,3,144.4783695621879
pw_039,gene_08,ctrl,4,65.46282192208237
pw_039,gene_08,ctrl,5,188.3600810281985
pw_039,gene_08,ctrl,6,81.235861890257
pw_039,gene_08,ctrl,7,137.961656189017
pw_039,gene_08,ctrl,8,148.27624186686708
pw_039,gene_08,treatment,1,95.95038750897609
pw_039,gene_08,treatment,2,78.8500812244947
pw_039,gene_08,treatment,3,98.49015171878573
pw_039,gene_08,treatment,4,87.0993110332079
pw_039,gene_08,treatment,5,93.63978734935009
pw_039,gene_08,treatment,6,106.55049892822127
pw_039,gene_08,treatment,7,115.80906989919849
pw_039,gene_08,treatment,8,87.78942332734076
pw_040,gene_08,ctrl,1,55.74428270561191
pw_040,gene_08,ctrl,2,68.49632797673928
pw_040,gene_08,ctrl,3,77.26775566108255
pw_040,gene_08,ctrl,4,58.80530993951537
pw_040,gene_08,ctrl,5,89.78583140216583
pw_040,gene_08,ctrl,6,46.88643156106222
pw_040,gene_08,ctrl,7,45.74823406928263
pw_040,gene_08,ctrl,8,113.72942114035504
pw_040,gene_08,treatment,1,149.87324081873356
pw_040,gene_08,treatment,2,72.66205205100336
pw_040,gene_08,treatment,3,71.32079614529059
pw_040,gene_08,treatment,4,84.95340163741882
pw_040,gene_08,treatment,5,67.3183979497378
pw_040,gene_08,treatment,6,110.67146327141975
pw_040,gene_08,treatment,7,56.24947359428764
pw_040,gene_08,treatment,8,55.551161881769644
pw_041,gene_09,ctrl,1,89.76719133471167
pw_041,gene_09,ctrl,2,116.86712263587077
pw_041,gene_09,ctrl,3,46.97487069519034
pw_041,gene_09,ctrl,4,77.79707172736505
pw_041,gene_09,ctrl,5,108.51265721400021
pw_041,gene_09,ctrl,6,98.1539836404353
pw_041,gene_09,ctrl,7,123.07278360771079
pw_041,gene_09,ctrl,8,91.86726732997722
pw_041,gene_09,treatment,1,57.303480427065956
pw_041,gene_09,treatment,2,92.21294343680962
pw_041,gene_09,treatment,3,72.7504918349514
pw_041,gene_09,treatment,4,157.6133906990026
pw_041,gene_09,treatment,5,103.5537382392395
pw_041,gene_09,treatment,6,96.17687808906788
pw_041,gene_09,treatment,7,43.436219487650334
pw_041,gene_09,treatment,8,98.98467895230011
pw_042,gene_09,ctrl,1,117.74474821246592
pw_042,gene_09,ctrl,2,100.56658303095334
pw_042,gene_09,ctrl,3,56.00281589068137
pw_042,gene_09,ctrl,4,177.8970061331499
pw_042,gene_09,ctrl,5,103.88247691632189
pw_042,gene_09,ctrl,6,156.96572308520882
pw_042,gene_09,ctrl,7,137.58984927501783
pw_042,gene_09,ctrl,8,106.62827240305629
pw_042,gene_09,treatment,1,142.38032008053264
pw_042,gene_09,treatment,2,170.84697681433025
pw_042,gene_09,treatment,3,206.77927715873062
pw_042,gene_09,treatment,4,189.69969179585812
pw_042,gene_09,treatment,5,139.76087891597686
pw_042,gene_09,treatment,6,175.36979907166452
pw_042,gene_09,treatment,7,80.4145630045022
pw_042,gene_09,treatment,8,255.68263150401134
pw_043,gene_09,ctrl,1,160.7467395127393
pw_043,gene_09,ctrl,2,106.75187455335143
pw_043,gene_09,ctrl,3,157.49591171839776
pw_043,gene_09,ctrl,4,110.96610210711593
pw_043,gene_09,ctrl,5,65.42824271946837
pw_043,gene_09,ctrl,6,146.32571742333926
pw_043,gene_09,ctrl,7,65.75836884571343
pw_043,gene_09,ctrl,8,72.31979931709965
pw_043,gene_09,treatment,1,59.869237083278456
pw_043,gene_09,treatment,2,53.53554261074683
pw_043,gene_09,treatment,3,205.1802737341513
pw_043,gene_09,treatment,4,96.43409783076878
pw_043,gene_09,treatment,5,123.0363659565044
pw_043,gene_09,treatment,6,78.0872674445972
pw_043,gene_09,treatment,7,129.4478608674719
pw_043,gene_09,treatment,8,93.62916011129754
pw_044,gene_09,ctrl,1,113.88041191677672
pw_044,gene_09,ctrl,2,108.10857871393243
pw_044,gene_09,ctrl,3,121.2066480798081
pw_044,gene_09,ctrl,4,91.2629691127134
pw_044,gene_09,ctrl,5,188.44264747797575
pw_044,gene_09,ctrl,6,79.01947550396261
pw_044,gene_09,ctrl,7,75.72876930129351
pw_044,gene_09,ctrl,8,90.31381360981649
pw_044,gene_09,treatment,1,110.60698088583716
pw_044,gene_09,treatment,2,161.65754450696832
pw_044,gene_09,treatment,3,165.0831084042891
pw_044,gene_09,treatment,4,221.90769654478157
pw_044,gene_09,treatment,5,91.64007482821296
pw_044,gene_09,treatment,6,125.9858966627249
pw_044,gene_09,treatment,7,133.40054742873104
pw_044,gene_09,treatment,8,108.49436781909625
pw_045,gene_09,ctrl,1,142.19492651392196
pw_045,gene_09,ctrl,2,131.52061113624404
pw_045,gene_09,ctrl,3,192.7079236868625
pw_045,gene_09,ctrl,4,82.08559516346996
pw_045,gene_09,ctrl,5,48.50437074804975
pw_045,gene_09,ctrl,6,67.1569761427283
pw_045,gene_09,ctrl,7,89.46097001088826
pw_045,gene_09,ctrl,8,145.99542979299318
pw_045,gene_09,treatment,1,116.53347383252421
pw_045,gene_09,treatment,2,130.56320361927828
pw_045,gene_09,treatment,3,83.18741077420403
pw_045,gene_09,treatment,4,146.70877847660077
pw_045,gene_09,treatment,5,52.288635334033955
pw_045,gene_09,treatment,6,94.75764871288631
pw_045,gene_09,treatment,7,157.15873764260647
pw_045,gene_09,treatment,8,147.1869875239271
pw_046,gene_10,ctrl,1,74.36920514947914
pw_046,gene_10,ctrl,2,105.96636248338021
pw_046,gene_10,ctrl,3,26.8721978513407
pw_046,gene_10,ctrl,4,47.743817978780555
pw_046,gene_10,ctrl,5,39.07733746523858
pw_046,gene_10,ctrl,6,28.272331049939265
pw_046,gene_10,ctrl,7,54.284988209220536
pw_046,gene_10,ctrl,8,43.31629470821129
pw_046,gene_10,treatment,1,27.594940424170385
pw_046,gene_10,treatment,2,66.5025393444452
pw_046,gene_10,treatment,3,48.81006269587512
pw_046,gene_10,treatment,4,52.333152677774784
pw_046,gene_10,treatment,5,38.59361059124082
pw_046,gene_10,treatment,6,51.57962474177007
pw_046,gene_10,treatment,7,58.78390935926231
pw_046,gene_10,treatment,8,31.93914885730501
pw_047,gene_10,ctrl,1,31.050430581789165
pw_047,gene_10,ctrl,2,21.875481835217105
pw_047,gene_10,ctrl,3,54.743800964773165
pw_047,gene_10,ctrl,4,29.517461512103136
pw_047,gene_10,ctrl,5,80.29384903940444
pw_047,gene_10,ctrl,6,46.95710662050218
pw_047,gene_10,ctrl,7,51.9123296609369
pw_047,gene_10,ctrl,8,65.56368901295905
pw_047,gene_10,treatment,1,22.227797307330718
pw_047,gene_10,treatment,2,26.666708051865143
pw_047,gene_10,treatment,3,37.42439834654495
pw_047,gene_10,treatment,4,50.14949326841549
pw_047,gene_10,treatment,5,11.411523469008142
pw_047,gene_10,treatment,6,23.661965048963907
pw_047,gene_10,treatment,7,49.197829284579
pw_047,gene_10,treatment,8,61.75624535497492
pw_048,gene_10,ctrl,1,34.28879998368669
pw_048,gene_10,ctrl,2,40.486714899763946
pw_048,gene_10,ctrl,3,102.03753647619357
pw_048,gene_10,ctrl,4,66.81719588042763
pw_048,gene_10,ctrl,5,60.64548235272903
pw_048,gene_10,ctrl,6,70.84454357230264
pw_048,gene_10,ctrl,7,106.50115906391544
pw_048,gene_10,ctrl,8,218.70559201020296
pw_048,gene_10,treatment,1,78.01935008656952
pw_048,gene_10,treatment,2,138.52488051666754
pw_048,gene_10,treatment,3,84.55249851375423
pw_048,gene_10,treatment,4,55.82398657945897
pw_048,gene_10,treatment,5,97.62825642671851
pw_048,gene_10,treatment,6,106.53115105181283
pw_048,gene_10,treatment,7,102.00731635060389
pw_048,gene_10,treatment,8,174.22458626503698
pw_049,gene_10,ctrl,1,110.22797021170902
pw_049,gene_10,ctrl,2,127.36325548699108
pw_049,gene_10,ctrl,3,132.74333886709297
pw_049,gene_10,ctrl,4,199.46974613000774
pw_049,gene_10,ctrl,5,131.92141704218136
pw_049,gene_10,ctrl,6,149.95578134614348
pw_049,gene_10,ctrl,7,128.6383033801796
pw_049,gene_10,ctrl,8,114.47288664928043
pw_049,gene_10,treatment,1,122.64180380246597
pw_049,gene_10,treatment,2,45.67212562254048
pw_049,gene_10,treatment,3,119.61765095630194
pw_049,gene_10,treatment,4,138.84950134598978
pw_049,gene_10,treatment,5,94.46550820079582
pw_049,gene_10,treatment,6,190.58376029341974
pw_049,gene_10,treatment,7,171.59652913045556
pw_049,gene_10,treatment,8,126.76780136662569
pw_050,gene_10,ctrl,1,166.10260535818523
pw_050,gene_10,ctrl,2,97.37120704298765
pw_050,gene_10,ctrl,3,100.6225565663497
pw_050,gene_10,ctrl,4,134.99233824747805
pw_050,gene_10,ctrl,5,106.85800931872564
pw_050,gene_10,ctrl,6,100.3654783519013
pw_050,gene_10,ctrl,7,210.6085978673257
pw_050,gene_10,ctrl,8,129.470541214579
pw_050,gene_10,treatment,1,178.04867289490332
pw_050,gene_10,treatment,2,111.98473425225681
pw_050,gene_10,treatment,3,149.04663592577228
pw_050,gene_10,treatment,4,150.0837816882402
pw_050,gene_10,treatment,5,152.7451734481662
pw_050,gene_10,treatment,6,226.71034966783193
pw_050,gene_10,treatment,7,78.12691475807418
pw_050,gene_10,treatment,8,104.56092470459176
pw_051,gene_11,ctrl,1,137.76487580067155
pw_051,gene_11,ctrl,2,94.16791847136938
pw_051,gene_11,ctrl,3,74.82176942458055
pw_051,gene_11,ctrl,4,111.82181736182343
pw_051,gene_11,ctrl,5,59.89334231785458
pw_051,gene_11,ctrl,6,116.69454384703747
pw_051,gene_11,ctrl,7,107.0742431378852
pw_051,gene_11,ctrl,8,151.88687181148444
pw_051,gene_11,treatment,1,98.91015715003526
pw_051,gene_11,treatment,2,92.97091642912265
pw_051,gene_11,treatment,3,63.77423128731477
pw_051,gene_11,treatment,4,133.383999924507
pw_051,gene_11,treatment,5,58.31023027463776
pw_051,gene_11,treatment,6,205.53670760736478
pw_051,gene_11,treatment,7,75.10852662291767
pw_051,gene_11,treatment,8,123.26447433838834
pw_052,gene_11,ctrl,1,176.66950857143937
pw_052,gene_11,ctrl,2,70.4279683074282
pw_052,gene_11,ctrl,3,78.11695036899457
pw_052,gene_11,ctrl,4,72.1370576328
pw_052,gene_11,ctrl,5,63.239501088340745
pw_052,gene_11,ctrl,6,149.15738475537998
pw_052,gene_11,ctrl,7,86.40323429281342
pw_052,gene_11,ctrl,8,91.30661314457963
pw_052,gene_11,treatment,1,118.00925856288114
pw_052,gene_11,treatment,2,58.99800762101764
pw_052,gene_11,treatment,3,84.35734071447683
pw_052,gene_11,treatment,4,84.72402452097123
pw_052,gene_11,treatment,5,78.5579033140639
pw_052,gene_11,treatment,6,95.55593745525822
pw_052,gene_11,treatment,7,80.92155320255146
pw_052,gene_11,treatment,8,42.929052448001286
pw_053,gene_11,ctrl,1,51.66962573835058
pw_053,gene_11,ctrl,2,19.54249341499313
pw_053,gene_11,ctrl,3,45.90355274264542
pw_053,gene_11,ctrl,4,40.82108775464604
pw_053,gene_11,ctrl,5,31.73299381201983
pw_053,gene_11,ctrl,6,46.26281917467008
pw_053,gene_11,ctrl,7,46.695813079193776
pw_053,gene_11,ctrl,8,39.52257946517215
pw_053,gene_11,treatment,1,44.85484123412013
pw_053,gene_11,treatment,2,35.02937627665302
pw_053,gene_11,treatment,3,NA
pw_053,gene_11,treatment,4,107.74531599630758
pw_053,gene_11,treatment,5,30.28995747820382
pw_053,gene_11,treatment,6,59.27289319847664
pw_053,gene_11,treatment,7,58.74580089794832
pw_053,gene_11,treatment,8,24.43941046925627
pw_054,gene_11,ctrl,1,104.41778178388563
pw_054,gene_11,ctrl,2,212.874703091771
pw_054,gene_11,ctrl,3,185.2210254414918
pw_054,gene_11,ctrl,4,258.72069191408684
pw_054,gene_11,ctrl,5,157.18681679999514
pw_054,gene_11,ctrl,6,287.8543322262368
pw_054,gene_11,ctrl,7,243.21555742675662
pw_054,gene_11,ctrl,8,253.00552186393313
pw_054,gene_11,treatment,1,216.8447406948393
pw_054,gene_11,treatment,2,179.0298262270887
pw_054,gene_11,treatment,3,281.78172947284315
pw_054,gene_11,treatment,4,146.66783688672365
pw_054,gene_11,treatment,5,116.43668269791527
pw_054,gene_11,treatment,6,176.21207705070617
pw_054,gene_11,treatment,7,82.01852123365013
pw_054,gene_11,treatment,8,202.5891789342681
pw_055,gene_11,ctrl,1,151.56475447962512
pw_055,gene_11,ctrl,2,49.06101715244043
pw_055,gene_11,ctrl,3,93.1529608033715
pw_055,gene_11,ctrl,4,116.9084154067966
pw_055,gene_11,ctrl,5,103.25177207290575
pw_055,gene_11,ctrl,6,96.50864977439986
pw_055,gene_11,ctrl,7,126.23949204226705
pw_055,gene_11,ctrl,8,119.94715588178903
pw_055,gene_11,treatment,1,136.25553595199307
pw_055,gene_11,treatment,2,71.2241990455171
pw_055,gene_11,treatment,3,114.53086223860196
pw_055,gene_11,treatment,4,125.58076559227774
pw_055,gene_11,treatment,5,59.301163857607285
pw_055,gene_11,treatment,6,104.9780721016475
pw_055,gene_11,treatment,7,64.78281519532412
pw_055,gene_11,treatment,8,171.6133442724885
pw_056,gene_12,ctrl,1,62.894690512439794
pw_056,gene_12,ctrl,2,15.401485568344063
pw_056,gene_12,ctrl,3,66.42560953717984
pw_056,gene_12,ctrl,4,64.35782159943683
pw_056,gene_12,ctrl,5,79.63418940903945
pw_056,gene_12,ctrl,6,46.35148824034618
pw_056,gene_12,ctrl,7,46.30447366921273
pw_056,gene_12,ctrl,8,34.267241655325755
pw_056,gene_12,treatment,1,91.43334600340104
pw_056,gene_12,treatment,2,34.88365379446999
pw_056,gene_12,treatment,3,34.47764784783593
pw_056,gene_12,treatment,4,45.98773148405257
pw_056,gene_12,treatment,5,40.593779348249534
pw_056,gene_12,treatment,6,31.49875018167223
pw_056,gene_12,treatment,7,60.426731328094164
pw_056,gene_12,treatment,8,56.422063528851005
pw_057,gene_12,ctrl,1,133.82802625331107
pw_057,gene_12,ctrl,2,120.6362416119274
pw_057,gene_12,ctrl,3,90.50735334933447
pw_057,gene_12,ctrl,4,136.39562182863426
pw_057,gene_12,ctrl,5,71.00852502874396
pw_057,gene_12,ctrl,6,135.65103018568973
pw_057,gene_12,ctrl,7,60.18879473162744
pw_057,gene_12,ctrl,8,138.0338366406054
pw_057,gene_12,treatment,1,116.3674123690214
pw_057,gene_12,treatment,2,51.33690291997795
pw_057,gene_12,treatment,3,60.900526221152774
pw_057,gene_12,treatment,4,79.31181454492062
pw_057,gene_12,treatment,5,142.4498587912688
pw_057,gene_12,treatment,6,66.23758936741936
pw_057,gene_12,treatment,7,88.15720989699174
pw_057,gene_12,treatment,8,105.9747364126845
pw_058,gene_12,ctrl,1,169.41136963748025
pw_058,gene_12,ctrl,2,170.29093608706066
pw_058,gene_12,ctrl,3,215.5305226772351
pw_058,gene_12,ctrl,4,155.44176306284936
pw_058,gene_12,ctrl,5,141.01817528064478
pw_058,gene_12,ctrl,6,120.42556540974748
pw_058,gene_12,ctrl,7,140.21678763647745
pw_058,gene_12,ctrl,8,155.1520279694616
pw_058,gene_12,treatment,1,136.9052351680873
pw_058,gene_12,treatment,2,167.74837795338541
pw_058,gene_12,treatment,3,75.31129667127719
pw_058,gene_12,treatment,4,228.59410983288728
pw_058,gene_12,treatment,5,244.66383494520656
pw_058,gene_12,treatment,6,257.1210158612254
pw_058,gene_12,treatment,7,143.45234623236894
pw_058,gene_12,treatment,8,50.94391176331817
pw_059,gene_12,ctrl,1,205.03007496030477
pw_059,gene_12,ctrl,2,147.42316952586998
pw_059,gene_12,ctrl,3,131.79952910349718
pw_059,gene_12,ctrl,4,177.6560861967577
pw_059,gene_12,ctrl,5,166.65369063674777
pw_059,gene_12,ctrl,6,197.43743048580603
pw_059,gene_12,ctrl,7,136.39642100442572
pw_059,gene_12,ctrl,8,337.6248383054388
pw_059,gene_12,treatment,1,163.10199159392806
pw_059,gene_12,treatment,2,87.93159600935377
pw_059,gene_12,treatment,3,91.18791201465754
pw_059,gene_12,treatment,4,118.44974445785289
pw_059,gene_12,treatment,5,59.526282495221736
pw_059,gene_12,treatment,6,181.3412237230116
pw_059,gene_12,treatment,7,173.1701899993606
pw_059,gene_12,treatment,8,199.78754092161452
pw_060,gene_12,ctrl,1,94.54954549156153
pw_060,gene_12,ctrl,2,88.847835510327
pw_060,gene_12,ctrl,3,34.83347204180451
pw_060,gene_12,ctrl,4,64.28325603482254
pw_060,gene_12,ctrl,5,49.60683755022204
pw_060,gene_12,ctrl,6,81.8214101488423
pw_060,gene_12,ctrl,7,122.1807318171728
pw_060,gene_12,ctrl,8,83.60714194365468
pw_060,gene_12,treatment,1,44.363523532326866
pw_060,gene_12,treatment,2,166.93175771037116
pw_060,gene_12,treatment,3,132.51378119034496
pw_060,gene_12,treatment,4,52.77325035694349
pw_060,gene_12,treatment,5,42.333771881345264
pw_060,gene_12,treatment,6,79.84755280099434
pw_060,gene_12,treatment,7,47.1214411230866
pw_060,gene_12,treatment,8,27.821833710813777
pw_061,gene_13,ctrl,1,136.3251632268907
pw_061,gene_13,ctrl,2,82.90271968743632
pw_061,gene_13,ctrl,3,57.14397724540343
pw_061,gene_13,ctrl,4,47.79608471961035
pw_061,gene_13,ctrl,5,99.38352910007966
pw_061,gene_13,ctrl,6,134.96384699009582
pw_061,gene_13,ctrl,7,53.66297867387699
pw_061,gene_13,ctrl,8,141.25461228746852
pw_061,gene_13,treatment,1,151.3113152899367
pw_061,gene_13,treatment,2,46.69830003405079
pw_061,gene_13,treatment,3,137.9279268662557
pw_061,gene_13,treatment,4,87.83514007975788
pw_061,gene_13,treatment,5,125.88942109693656
pw_061,gene_13,treatment,6,92.81170253635486
pw_061,gene_13,treatment,7,130.7189590362092
pw_061,gene_13,treatment,8,134.91959119905044
pw_062,gene_13,ctrl,1,55.97682569418266
pw_062,gene_13,ctrl,2,51.79528780994686
pw_062,gene_13,ctrl,3,87.66562564795692
pw_062,gene_13,ctrl,4,66.201546314371
pw_062,gene_13,ctrl,5,52.627935515335885
pw_062,gene_13,ctrl,6,62.993222621825
pw_062,gene_13,ctrl,7,36.06101472505579
pw_062,gene_13,ctrl,8,73.70857122221747
pw_062,gene_13,treatment,1,38.68006824873016
pw_062,gene_13,treatment,2,132.49178557120078
pw_062,gene_13,treatment,3,68.23613459391183
pw_062,gene_13,treatment,4,56.34285325140023
pw_062,gene_13,treatment,5,92.6643905230553
pw_062,gene_13,treatment,6,69.65397417806521
pw_062,gene_13,treatment,7,75.24938228914898
pw_062,gene_13,treatment,8,48.80014388390625
pw_063,gene_13,ctrl,1,106.85121259457699
pw_063,gene_13,ctrl,2,108.84640947475407
pw_063,gene_13,ctrl,3,135.14889701564832
pw_063,gene_13,ctrl,4,86.71187685852622
pw_063,gene_13,ctrl,5,152.63320559473274
pw_063,gene_13,ctrl,6,163.88699306680854
pw_063,gene_13,ctrl,7,160.56384397791712
pw_063,gene_13,ctrl,8,107.06025753563435
pw_063,gene_13,treatment,1,186.66912516194648
pw_063,gene_13,treatment,2,185.2405164219104
pw_063,gene_13,treatment,3,181.71677125352548
pw_063,gene_13,treatment,4,162.8277148483434
pw_063,gene_13,treatment,5,101.90015539938608
pw_063,gene_13,treatment,6,69.69022842653
pw_063,gene_13,treatment,7,187.3352465027323
pw_063,gene_13,treatment,8,131.07442873691585
pw_064,gene_13,ctrl,1,115.27055603681934
pw_064,gene_13,ctrl,2,96.29117450451089
pw_064,gene_13,ctrl,3,90.18443503326185
pw_064,gene_13,ctrl,4,50.023525709807906
pw_064,gene_13,ctrl,5,67.32462802821472
pw_064,gene_13,ctrl,6,59.3336885828858
pw_064,gene_13,ctrl,7,58.62110334907139
pw_064,gene_13,ctrl,8,134.5844338496972
pw_064,gene_13,treatment,1,74.7578469567961
pw_064,gene_13,treatment,2,51.162968740145786
pw_064,gene_13,treatment,3,89.45775566819489
pw_064,gene_13,treatment,4,114.60753772928626
pw_064,gene_13,treatment,5,52.764510242397265
pw_064,gene_13,treatment,6,66.71316125142336
pw_064,gene_13,treatment,7,152.93003656235086
pw_064,gene_13,treatment,8,112.22305408162553
pw_065,gene_13,ctrl,1,59.236429356369484
pw_065,gene_13,ctrl,2,81.97506669755322
pw_065,gene_13,ctrl,3,81.82111234541439
pw_065,gene_13,ctrl,4,80.60201665128649
pw_065,gene_13,ctrl,5,132.18736061470585
pw_065,gene_13,ctrl,6,117.2068791549804
pw_065,gene_13,ctrl,7,29.084087204360017
pw_065,gene_13,ctrl,8,105.85002010300815
pw_065,gene_13,treatment,1,119.62056034272887
pw_065,gene_13,treatment,2,109.42642740502079
pw_065,gene_13,treatment,3,82.63854818222289
pw_065,gene_13,treatment,4,80.61840573378069
pw_065,gene_13,treatment,5,30.89451341518965
pw_065,gene_13,treatment,6,37.70836421528827
pw_065,gene_13,treatment,7,108.54462210151084
pw_065,gene_13,treatment,8,58.38279203814536
pw_066,gene_14,ctrl,1,56.88126455514573
pw_066,gene_14,ctrl,2,51.37052865130902
pw_066,gene_14,ctrl,3,80.68097847107508
pw_066,gene_14,ctrl,4,138.91943019131463
pw_066,gene_14,ctrl,5,195.76552954446333
pw_066,gene_14,ctrl,6,86.1252558826572
pw_066,gene_14,ctrl,7,78.06762841629549
pw_066,gene_14,ctrl,8,77.2193370493506
pw_066,gene_14,treatment,1,69.48870510645725
pw_066,gene_14,treatment,2,128.87612749805214
pw_066,gene_14,treatment,3,102.92384068019784
pw_066,gene_14,treatment,4,68.26841657757598
pw_066,gene_14,treatment,5,204.58304907426498
pw_066,gene_14,treatment,6,149.45317327945492
pw_066,gene_14,treatment,7,129.19712513316688
pw_066,gene_14,treatment,8,93.11254192167867
pw_067,gene_14,ctrl,1,128.32714117036463
pw_067,gene_14,ctrl,2,133.24608047725206
pw_067,gene_14,ctrl,3,143.99344615150787
pw_067,gene_14,ctrl,4,76.2493574708222
pw_067,gene_14,ctrl,5,193.4312459755587
pw_067,gene_14,ctrl,6,145.3603597377807
pw_067,gene_14,ctrl,7,147.50904131164174
pw_067,gene_14,ctrl,8,82.90795145865575
pw_067,gene_14,treatment,1,99.67480924731743
pw_067,gene_14,treatment,2,199.07500504432574
pw_067,gene_14,treatment,3,143.9035598540972
pw_067,gene_14,treatment,4,142.76734077370926
pw_067,gene_14,treatment,5,271.2636256193764
pw_067,gene_14,treatment,6,112.08836876121093
pw_067,gene_14,treatment,7,150.07422690984606
pw_067,gene_14,treatment,8,124.52907227742713
pw_068,gene_14,ctrl,1,93.28765162193318
pw_068,gene_14,ctrl,2,112.70976351580319
pw_068,gene_14,ctrl,3,58.48662605806269
pw_068,gene_14,ctrl,4,123.89518214522258
pw_068,gene_14,ctrl,5,110.2008491578255
pw_068,gene_14,ctrl,6,106.11170194160437
pw_068,gene_14,ctrl,7,131.46149601265958
pw_068,gene_14,ctrl,8,92.76941612606942
pw_068,gene_14,treatment,1,103.92853597766923
pw_068,gene_14,treatment,2,89.29001320566151
pw_068,gene_14,treatment,3,91.33807152975064
pw_068,gene_14,treatment,4,96.00182272209095
pw_068,gene_14,treatment,5,137.5980658321111
pw_068,gene_14,treatment,6,176.0326331638157
pw_068,gene_14,treatment,7,85.28568339318832
pw_068,gene_14,treatment,8,139.98311368161265
pw_069,gene_14,ctrl,1,184.8338597221154
pw_069,gene_14,ctrl,2,137.4754816370205
pw_069,gene_14,ctrl,3,97.15431023939378
pw_069,gene_14,ctrl,4,97.57810900698058
pw_069,gene_14,ctrl,5,136.8878329462415
pw_069,gene_14,ctrl,6,97.59267133127796
pw_069,gene_14,ctrl,7,92.44075386348686
pw_069,gene_14,ctrl,8,148.18365055896274
pw_069,gene_14,treatment,1,121.1168162432467
pw_069,gene_14,treatment,2,109.33806447658172
pw_069,gene_14,treatment,3,128.1268916514401
pw_069,gene_14,treatment,4,103.2250263694871
pw_069,gene_14,treatment,5,44.039396317740895
pw_069,gene_14,treatment,6,129.75162367776989
pw_069,gene_14,treatment,7,152.48376515320209
pw_069,gene_14,treatment,8,59.67526409724383
pw_070,gene_14,ctrl,1,93.9558442801951
pw_070,gene_14,ctrl,2,124.91991779723877
pw_070,gene_14,ctrl,3,113.56434040212284
pw_070,gene_14,ctrl,4,183.04952913387783
pw_070,gene_14,ctrl,5,102.92854564278927
pw_070,gene_14,ctrl,6,151.17305415274672
pw_070,gene_14,ctrl,7,276.60521076866894
pw_070,gene_14,ctrl,8,154.2084056683303
pw_070,gene_14,treatment,1,109.40168504642806
pw_070,gene_14,treatment,2,108.2766487369702
pw_070,gene_14,treatment,3,151.16784596281028
pw_070,gene_14,treatment,4,126.3959296697667
pw_070,gene_14,treatment,5,147.5375781263854
pw_070,gene_14,treatment,6,99.0917855770398
pw_070,gene_14,treatment,7,85.50387046981194
pw_070,gene_14,treatment,8,84.55237313894031
pw_071,gene_15,ctrl,1,79.8132063864355
pw_071,gene_15,ctrl,2,65.93455510291766
pw_071,gene_15,ctrl,3,67.27327552931419
pw_071,gene_15,ctrl,4,50.824807414888156
pw_071,gene_15,ctrl,5,23.418399320101784
pw_071,gene_15,ctrl,6,62.70598339319465
pw_071,gene_15,ctrl,7,27.04743979195563
pw_071,gene_15,ctrl,8,40.97076057925048
pw_071,gene_15,treatment,1,63.92712915487733
pw_071,gene_15,treatment,2,32.91673657961026
pw_071,gene_15,treatment,3,27.410547232591753
pw_071,gene_15,treatment,4,63.62387749945782
pw_071,gene_15,treatment,5,46.07738939167525
pw_071,gene_15,treatment,6,34.138601011367264
pw_071,gene_15,treatment,7,40.55852804145561
pw_071,gene_15,treatment,8,48.68395858816479
pw_072,gene_15,ctrl,1,121.38879452842122
pw_072,gene_15,ctrl,2,82.5596859679001
pw_072,gene_15,ctrl,3,80.1336692474425
pw_072,gene_15,ctrl,4,95.00096666854547
pw_072,gene_15,ctrl,5,78.97913567254743
pw_072,gene_15,ctrl,6,49.42658342775774
pw_072,gene_15,ctrl,7,53.80461296857313
pw_072,gene_15,ctrl,8,56.95560759044813
pw_072,gene_15,treatment,1,103.79241188797327
pw_072,gene_15,treatment,2,112.35467754741593
pw_072,gene_15,treatment,3,55.1885715887552
pw_072,gene_15,treatment,4,156.88156889173507
pw_072,gene_15,treatment,5,36.75065354614877
pw_072,gene_15,treatment,6,44.35410606262645
pw_072,gene_15,treatment,7,66.71571284246973
pw_072,gene_15,treatment,8,75.99565810912252
pw_073,gene_15,ctrl,1,63.1691259226711
pw_073,gene_15,ctrl,2,85.03936623519937
pw_073,gene_15,ctrl,3,64.08551686348336
pw_073,gene_15,ctrl,4,71.01468155425485
pw_073,gene_15,ctrl,5,96.30692315030106
pw_073,gene_15,ctrl,6,86.55110200900424
pw_073,gene_15,ctrl,7,53.28297475314459
pw_073,gene_15,ctrl,8,49.50151004022954
pw_073,gene_15,treatment,1,66.58443501149787
pw_073,gene_15,treatment,2,52.253228092490616
pw_073,gene_15,treatment,3,48.880483207139875
pw_073,gene_15,treatment,4,90.35776257517907
pw_073,gene_15,treatment,5,80.95849048295285
pw_073,gene_15,treatment,6,72.96220464190684
pw_073,gene_15,treatment,7,99.4964174653862
pw_073,gene_15,treatment,8,81.98628870080088
pw_074,gene_15,ctrl,1,64.03638317149527
pw_074,gene_15,ctrl,2,93.16614823941897
pw_074,gene_15,ctrl,3,88.02578681392185
pw_074,gene_15,ctrl,4,71.90399731133019
pw_074,gene_15,ctrl,5,69.02951782433446
pw_074,gene_15,ctrl,6,84.87559211335599
pw_074,gene_15,ctrl,7,27.65155226035326
pw_074,gene_15,ctrl,8,112.39212250216592
pw_074,gene_15,treatment,1,87.75800051790507
pw_074,gene_15,treatment,2,171.45548507823005
pw_074,gene_15,treatment,3,85.02701178769327
pw_074,gene_15,treatment,4,64.14039706249841
pw_074,gene_15,treatment,5,58.517924461024045
pw_074,gene_15,treatment,6,71.33631774734464
pw_074,gene_15,treatment,7,48.90283696252358
pw_074,gene_15,treatment,8,35.82399886432835
pw_075,gene_15,ctrl,1,92.86170413659973
pw_075,gene_15,ctrl,2,226.83007325666046
pw_075,gene_15,ctrl,3,151.24856246894004
pw_075,gene_15,ctrl,4,141.17396494783856
pw_075,gene_15,ctrl,5,102.77322655616618
pw_075,gene_15,ctrl,6,136.02942250564007
pw_075,gene_15,ctrl,7,91.74202006670622
pw_075,gene_15,ctrl,8,109.44428247132915
pw_075,gene_15,treatment,1,126.8499382625557
pw_075,gene_15,treatment,2,188.39918996891296
pw_075,gene_15,treatment,3,109.69280224434104
pw_075,gene_15,treatment,4,79.01468470523054
pw_075,gene_15,treatment,5,147.47114404728106
pw_075,gene_15,treatment,6,185.593019749134
pw_075,gene_15,treatment,7,160.17952932747852
pw_075,gene_15,treatment,8,302.25082288683205
pw_076,gene_16,ctrl,1,123.30347573775985
pw_076,gene_16,ctrl,2,69.63509980348302
pw_076,gene_16,ctrl,3,50.700038735721
pw_076,gene_16,ctrl,4,59.88590195886671
pw_076,gene_16,ctrl,5,69.43236552840713
pw_076,gene_16,ctrl,6,48.64824412259353
pw_076,gene_16,ctrl,7,84.90674876266085
pw_076,gene_16,ctrl,8,220.55042459367738
pw_076,gene_16,treatment,1,38.37662451128269
pw_076,gene_16,treatment,2,35.99163227262608
pw_076,gene_16,treatment,3,75.1757181326399
pw_076,gene_16,treatment,4,73.10328596008627
pw_076,gene_16,treatment,5,173.04096704855536
pw_076,gene_16,treatment,6,67.42947341098578
pw_076,gene_16,treatment,7,85.74515894558375
pw_076,gene_16,treatment,8,67.40609103743195
pw_077,gene_16,ctrl,1,126.65975141976283
pw_077,gene_16,ctrl,2,76.28710475540326
pw_077,gene_16,ctrl,3,137.796538079992
pw_077,gene_16,ctrl,4,53.47304263357178
pw_077,gene_16,ctrl,5,77.42119446528251
pw_077,gene_16,ctrl,6,60.00544047403559
pw_077,gene_16,ctrl,7,88.26756718753356
pw_077,gene_16,ctrl,8,59.7758967381995
pw_077,gene_16,treatment,1,101.88281206025017
pw_077,gene_16,treatment,2,108.1281711747126
pw_077,gene_16,treatment,3,138.49567881350293
pw_077,gene_16,treatment,4,114.32994110628084
pw_077,gene_16,treatment,5,64.87158046300313
pw_077,gene_16,treatment,6,140.3338315031753
pw_077,gene_16,treatment,7,33.00259517874893
pw_077,gene_16,treatment,8,51.6830989230254
pw_078,gene_16,ctrl,1,196.7632034235377
pw_078,gene_16,ctrl,2,142.86766617437118
pw_078,gene_16,ctrl,3,83.25977236346246
pw_078,gene_16,ctrl,4,105.61446704710424
pw_078,gene_16,ctrl,5,152.56118515791442
pw_078,gene_16,ctrl,6,142.32232294574382
pw_078,gene_16,ctrl,7,149.5560937533458
pw_078,gene_16,ctrl,8,93.41967876989915
pw_078,gene_16,treatment,1,76.56942307926822
pw_078,gene_16,treatment,2,81.25994459643691
pw_078,gene_16,treatment,3,58.053358006569205
pw_078,gene_16,treatment,4,106.29551740124987
pw_078,gene_16,treatment,5,143.25206654872568
pw_078,gene_16,treatment,6,55.09621161644062
pw_078,gene_16,treatment,7,82.54838173521078
pw_078,gene_16,treatment,8,108.61417869053855
pw_079,gene_16,ctrl,1,98.37272787930894
pw_079,gene_16,ctrl,2,52.74825858166754
pw_079,gene_16,ctrl,3,87.25315644194015
pw_079,gene_16,ctrl,4,45.44569788457823
pw_079,gene_16,ctrl,5,59.053632573375886
pw_079,gene_16,ctrl,6,81.05925407302921
pw_079,gene_16,ctrl,7,39.20055488757133
pw_079,gene_16,ctrl,8,92.5448447500752
pw_079,gene_16,treatment,1,60.442471471497484
pw_079,gene_16,treatment,2,122.09107872714836
pw_079,gene_16,treatment,3,56.32383932783263
pw_079,gene_16,treatment,4,73.21176233959818
pw_079,gene_16,treatment,5,67.93146762666161
pw_079,gene_16,treatment,6,57.111790768476084
pw_079,gene_16,treatment,7,72.86034447996057
pw_079,gene_16,treatment,8,55.10498305363967
pw_080,gene_16,ctrl,1,110.44055618329844
pw_080,gene_16,ctrl,2,55.6916799877078
pw_080,gene_16,ctrl,3,67.9766826595813
pw_080,gene_16,ctrl,4,84.326703960102
pw_080,gene_16,ctrl,5,63.44929283973334
pw_080,gene_16,ctrl,6,89.99699853200555
pw_080,gene_16,ctrl,7,84.3462342397403
pw_080,gene_16,ctrl,8,95.014662363251
pw_080,gene_16,treatment,1,90.38333236782029
pw_080,gene_16,treatment,2,155.51400048151925
pw_080,gene_16,treatment,3,79.58591834763982
pw_080,gene_16,treatment,4,44.455201569013745
pw_080,gene_16,treatment,5,84.4746278965803
pw_080,gene_16,treatment,6,73.18451527880318
pw_080,gene_16,treatment,7,84.476790192102
pw_080,gene_16,treatment,8,119.02061208067376
pw_081,gene_17,ctrl,1,219.15462869675363
pw_081,gene_17,ctrl,2,82.29829125018627
pw_081,gene_17,ctrl,3,58.171436085141025
pw_081,gene_17,ctrl,4,137.1901209324347
pw_081,gene_17,ctrl,5,188.36894549860807
pw_081,gene_17,ctrl,6,80.18045853509388
pw_081,gene_17,ctrl,7,125.536548162179
pw_081,gene_17,ctrl,8,116.58070387223891
pw_081,gene_17,treatment,1,120.4486546050822
pw_081,gene_17,treatment,2,196.41379827704992
pw_081,gene_17,treatment,3,164.83808010452145
pw_081,gene_17,treatment,4,136.33413259789538
pw_081,gene_17,treatment,5,104.49951201492333
pw_081,gene_17,treatment,6,105.8100834540571
pw_081,gene_17,treatment,7,165.6715206182238
pw_081,gene_17,treatment,8,96.19741250303032
pw_082,gene_17,ctrl,1,62.31272431459062
pw_082,gene_17,ctrl,2,37.92728609168727
pw_082,gene_17,ctrl,3,42.137303492787986
pw_082,gene_17,ctrl,4,89.04701681134141
pw_082,gene_17,ctrl,5,56.27512833316739
pw_082,gene_17,ctrl,6,74.83667664668842
pw_082,gene_17,ctrl,7,79.47073851474845
pw_082,gene_17,ctrl,8,32.44284393551055
pw_082,gene_17,treatment,1,42.4419230681306
pw_082,gene_17,treatment,2,41.355834796363546
pw_082,gene_17,treatment,3,41.2237944533065
pw_082,gene_17,treatment,4,28.497606308749624
pw_082,gene_17,treatment,5,52.086959516255504
pw_082,gene_17,treatment,6,41.89394174907018
pw_082,gene_17,treatment,7,66.37862983432825
pw_082,gene_17,treatment,8,50.45488507302766
pw_083,gene_17,ctrl,1,57.64648126358966
pw_083,gene_17,ctrl,2,55.35696313045243
pw_083,gene_17,ctrl,3,19.405196436505236
pw_083,gene_17,ctrl,4,58.04715340788786
pw_083,gene_17,ctrl,5,75.87209580298422
pw_083,gene_17,ctrl,6,52.91201303517947
pw_083,gene_17,ctrl,7,74.4846453871816
pw_083,gene_17,ctrl,8,65.0979079484516
pw_083,gene_17,treatment,1,36.39036724516173
pw_083,gene_17,treatment,2,73.3841853499129
pw_083,gene_17,treatment,3,36.06224747872777
pw_083,gene_17,treatment,4,52.89778908865266
pw_083,gene_17,treatment,5,79.30050379447833
pw_083,gene_17,treatment,6,15.91646517332175
pw_083,gene_17,treatment,7,30.094885834688068
pw_083,gene_17,treatment,8,48.61294728501334
pw_084,gene_17,ctrl,1,52.13270918848501
pw_084,gene_17,ctrl,2,77.09813675901783
pw_084,gene_17,ctrl,3,63.73975251080047
pw_084,gene_17,ctrl,4,41.084250507216886
pw_084,gene_17,ctrl,5,59.238115028529
pw_084,gene_17,ctrl,6,82.13896999932017
pw_084,gene_17,ctrl,7,168.040227090588
pw_084,gene_17,ctrl,8,107.03659409485542
pw_084,gene_17,treatment,1,100.94681784904299
pw_084,gene_17,treatment,2,49.90704779695727
pw_084,gene_17,treatment,3,86.67405909680868
pw_084,gene_17,treatment,4,100.54724284915069
pw_084,gene_17,treatment,5,71.59658083842467
pw_084,gene_17,treatment,6,76.54533886684737
pw_084,gene_17,treatment,7,138.06342305675776
pw_084,gene_17,treatment,8,66.0963790693848
pw_085,gene_17,ctrl,1,72.09087089830668
pw_085,gene_17,ctrl,2,119.4479754799208
pw_085,gene_17,ctrl,3,57.77607453383848
pw_085,gene_17,ctrl,4,102.28973540743243
pw_085,gene_17,ctrl,5,45.60722066522787
pw_085,gene_17,ctrl,6,83.04147902509165
pw_085,gene_17,ctrl,7,71.50434503881756
pw_085,gene_17,ctrl,8,25.57910710553149
pw_085,gene_17,treatment,1,92.9522742077416
pw_085,gene_17,treatment,2,83.24808129502334
pw_085,gene_17,treatment,3,83.50784654429249
pw_085,gene_17,treatment,4,130.38876599763046
pw_085,gene_17,treatment,5,66.8963037865181
pw_085,gene_17,treatment,6,69.19830946076175
pw_085,gene_17,treatment,7,81.65912907811129
pw_085,gene_17,treatment,8,149.56370112052082
pw_086,gene_18,ctrl,1,99.12694224274993
pw_086,gene_18,ctrl,2,72.05718013307613
pw_086,gene_18,ctrl,3,131.56803776447097
pw_086,gene_18,ctrl,4,114.0325696487309
pw_086,gene_18,ctrl,5,89.36526376408696
pw_086,gene_18,ctrl,6,59.608485191147516
pw_086,gene_18,ctrl,7,40.46354183014312
pw_086,gene_18,ctrl,8,78.54884904916472
pw_086,gene_18,treatment,1,119.08944335460939
pw_086,gene_18,treatment,2,55.254960645372726
pw_086,gene_18,treatment,3,119.58940876812159
pw_086,gene_18,treatment,4,95.49432890534707
pw_086,gene_18,treatment,5,86.94003621888783
pw_086,gene_18,treatment,6,64.76892484420823
pw_086,gene_18,treatment,7,76.83532651145676
pw_086,gene_18,treatment,8,39.498879114593656
pw_087,gene_18,ctrl,1,31.496998428432942
pw_087,gene_18,ctrl,2,116.3568620096983
pw_087,gene_18,ctrl,3,111.88812459214411
pw_087,gene_18,ctrl,4,40.41784624212997
pw_087,gene_18,ctrl,5,69.09181058817602
pw_087,gene_18,ctrl,6,61.05842425346473
pw_087,gene_18,ctrl,7,70.57198514469027
pw_087,gene_18,ctrl,8,70.35596372238348
pw_087,gene_18,treatment,1,85.02505963116631
pw_087,gene_18,treatment,2,125.58619687079943
pw_087,gene_18,treatment,3,107.33443645269166
pw_087,gene_18,treatment,4,72.97233197018315
pw_087,gene_18,treatment,5,114.4496204276553
pw_087,gene_18,treatment,6,98.82004076411455
pw_087,gene_18,treatment,7,92.85394062523508
pw_087,gene_18,treatment,8,102.18257591356439
pw_088,gene_18,ctrl,1,29.899113162821454
pw_088,gene_18,ctrl,2,44.32102049303077
pw_088,gene_18,ctrl,3,76.74331440419095
pw_088,gene_18,ctrl,4,57.238535566679175
pw_088,gene_18,ctrl,5,106.47417350293176
pw_088,gene_18,ctrl,6,41.386057916404795
pw_088,gene_18,ctrl,7,60.5748130526754
pw_088,gene_18,ctrl,8,132.58670122492924
pw_088,gene_18,treatment,1,92.64898222203004
pw_088,gene_18,treatment,2,45.20639595550921
pw_088,gene_18,treatment,3,67.24881050790978
pw_088,gene_18,treatment,4,102.48515825384922
pw_088,gene_18,treatment,5,107.38914181566659
pw_088,gene_18,treatment,6,70.6836174065962
pw_088,gene_18,treatment,7,72.12829290382358
pw_088,gene_18,treatment,8,48.4607614657757
pw_089,gene_18,ctrl,1,73.57693570321506
pw_089,gene_18,ctrl,2,108.53547006166104
pw_089,gene_18,ctrl,3,96.35178445049148
pw_089,gene_18,ctrl,4,62.3628905304472
pw_089,gene_18,ctrl,5,71.07851908641686
pw_089,gene_18,ctrl,6,55.91845752991462
pw_089,gene_18,ctrl,7,57.46509536252201
pw_089,gene_18,ctrl,8,64.92720271138924
pw_089,gene_18,treatment,1,59.58018734555278
pw_089,gene_18,treatment,2,102.95456215975618
pw_089,gene_18,treatment,3,46.43896911810763
pw_089,gene_18,treatment,4,59.652737064205134
pw_089,gene_18,treatment,5,29.305911586719596
pw_089,gene_18,treatment,6,48.264258308816935
pw_089,gene_18,treatment,7,79.68988186090098
pw_089,gene_18,treatment,8,86.54026430150641
pw_090,gene_18,ctrl,1,120.09200298366035
pw_090,gene_18,ctrl,2,80.050076271037
pw_090,gene_18,ctrl,3,161.42286467665832
pw_090,gene_18,ctrl,4,177.50189669390642
pw_090,gene_18,ctrl,5,198.62202627428897
pw_090,gene_18,ctrl,6,141.2031510984032
pw_090,gene_18,ctrl,7,186.2885183249112
pw_090,gene_18,ctrl,8,226.97259910041848
pw_090,gene_18,treatment,1,102.58464406759884
pw_090,gene_18,treatment,2,110.35577876921855
pw_090,gene_18,treatment,3,138.73584639232712
pw_090,gene_18,treatment,4,81.73231733748399
pw_090,gene_18,treatment,5,174.83331403149694
pw_090,gene_18,treatment,6,108.04490550784232
pw_090,gene_18,treatment,7,106.36820273456121
pw_090,gene_18,treatment,8,228.02461234764795
pw_091,gene_19,ctrl,1,96.67706388577874
pw_091,gene_19,ctrl,2,163.37689769141508
pw_091,gene_19,ctrl,3,113.3554024290002
pw_091,gene_19,ctrl,4,126.58206003763095
pw_091,gene_19,ctrl,5,128.8763560644847
pw_091,gene_19,ctrl,6,157.40652796336667
pw_091,gene_19,ctrl,7,180.43558612781476
pw_091,gene_19,ctrl,8,126.26709040495714
pw_091,gene_19,treatment,1,110.50689797309121
pw_091,gene_19,treatment,2,212.22090946325875
pw_091,gene_19,treatment,3,110.12093750906087
pw_091,gene_19,treatment,4,101.77998344268983
pw_091,gene_19,treatment,5,215.04969026984503
pw_091,gene_19,treatment,6,79.24534435333179
pw_091,gene_19,treatment,7,127.53786136852518
pw_091,gene_19,treatment,8,89.99893595271965
pw_092,gene_19,ctrl,1,76.2498083585867
pw_092,gene_19,ctrl,2,123.95506503304217
pw_092,gene_19,ctrl,3,115.9053045568059
pw_092,gene_19,ctrl,4,39.09055534902582
pw_092,gene_19,ctrl,5,44.518972489401946
pw_092,gene_19,ctrl,6,98.59325029834055
pw_092,gene_19,ctrl,7,46.18137566252279
pw_092,gene_19,ctrl,8,72.81893074787922
pw_092,gene_19,treatment,1,63.649331840174376
pw_092,gene_19,treatment,2,63.260242982477436
pw_092,gene_19,treatment,3,32.36867712515223
pw_092,gene_19,treatment,4,82.82009967963835
pw_092,gene_19,treatment,5,97.48040186491583
pw_092,gene_19,treatment,6,58.59894900271414
pw_092,gene_19,treatment,7,65.87466058763769
pw_092,gene_19,treatment,8,55.84003809818529
pw_093,gene_19,ctrl,1,37.16138045228359
pw_093,gene_19,ctrl,2,68.4586534614429
pw_093,gene_19,ctrl,3,110.59831221041
pw_093,gene_19,ctrl,4,39.215670514919175
pw_093,gene_19,ctrl,5,65.04635749622514
pw_093,gene_19,ctrl,6,100.09913147647356
pw_093,gene_19,ctrl,7,45.16029481639646
pw_093,gene_19,ctrl,8,132.16315371231255
pw_093,gene_19,treatment,1,66.97198958925222
pw_093,gene_19,treatment,2,87.6162216618661
pw_093,gene_19,treatment,3,91.0942123958528
pw_093,gene_19,treatment,4,84.71213662623184
pw_093,gene_19,treatment,5,28.031962359858195
pw_093,gene_19,treatment,6,60.928068889346
pw_093,gene_19,treatment,7,56.57685000951479
pw_093,gene_19,treatment,8,60.56818759524781
pw_094,gene_19,ctrl,1,67.63654998717627
pw_094,gene_19,ctrl,2,100.3915387718445
pw_094,gene_19,ctrl,3,80.42259346682305
pw_094,gene_19,ctrl,4,51.42529561316647
pw_094,gene_19,ctrl,5,44.760739790856434
pw_094,gene_19,ctrl,6,27.637241983532114
pw_094,gene_19,ctrl,7,75.59700070995295
pw_094,gene_19,ctrl,8,56.890735512303316
pw_094,gene_19,treatment,1,50.87203557684086
pw_094,gene_19,treatment,2,72.80872140900979
pw_094,gene_19,treatment,3,19.934398440463763
pw_094,gene_19,treatment,4,39.722399087873434
pw_094,gene_19,treatment,5,45.49204629227043
pw_094,gene_19,treatment,6,25.986696301377897
pw_094,gene_19,treatment,7,22.466473113841673
pw_094,gene_19,treatment,8,30.826570446577563
pw_095,gene_19,ctrl,1,141.3871733125424
pw_095,gene_19,ctrl,2,141.6013609941253
pw_095,gene_19,ctrl,3,95.80048006231843
pw_095,gene_19,ctrl,4,156.5210851871213
pw_095,gene_19,ctrl,5,142.87973714771402
pw_095,gene_19,ctrl,6,214.53175434149614
pw_095,gene_19,ctrl,7,68.65547805988511
pw_095,gene_19,ctrl,8,128.697348326583
pw_095,gene_19,treatment,1,89.04435094678095
pw_095,gene_19,treatment,2,114.66451747530301
pw_095,gene_19,treatment,3,118.47003305879555
pw_095,gene_19,treatment,4,68.02080386463605
pw_095,gene_19,treatment,5,79.07178485867482
pw_095,gene_19,treatment,6,92.21645126230428
pw_095,gene_19,treatment,7,175.24890967211311
pw_095,gene_19,treatment,8,124.02223208513348
pw_096,gene_20,ctrl,1,47.550783082671416
pw_096,gene_20,ctrl,2,48.12707690035763
pw_096,gene_20,ctrl,3,66.80715343527478
pw_096,gene_20,ctrl,4,53.397600347676
pw_096,gene_20,ctrl,5,34.710074337390886
pw_096,gene_20,ctrl,6,33.163659625170865
pw_096,gene_20,ctrl,7,60.98967586613336
pw_096,gene_20,ctrl,8,41.859258528096284
pw_096,gene_20,treatment,1,51.41457519271998
pw_096,gene_20,treatment,2,58.15311929042397
pw_096,gene_20,treatment,3,37.952826168948825
pw_096,gene_20,treatment,4,28.525249147257473
pw_096,gene_20,treatment,5,55.1201424746869
pw_096,gene_20,treatment,6,20.509866774815325
pw_096,gene_20,treatment,7,55.436827936065015
pw_096,gene_20,treatment,8,29.863428103118128
pw_097,gene_20,ctrl,1,63.04205255648099
pw_097,gene_20,ctrl,2,35.422189238123195
pw_097,gene_20,ctrl,3,75.77684075357901
pw_097,gene_20,ctrl,4,74.9153638064666
pw_097,gene_20,ctrl,5,51.298965963266284
pw_097,gene_20,ctrl,6,72.92251445573568
pw_097,gene_20,ctrl,7,55.668635395413396
pw_097,gene_20,ctrl,8,87.03344347303153
pw_097,gene_20,treatment,1,37.776433735316736
pw_097,gene_20,treatment,2,70.14136815905673
pw_097,gene_20,treatment,3,57.966311598363134
pw_097,gene_20,treatment,4,52.563985630432654
pw_097,gene_20,treatment,5,90.24573483468448
pw_097,gene_20,treatment,6,80.55874995593206
pw_097,gene_20,treatment,7,100.28167166895544
pw_097,gene_20,treatment,8,123.99446737996546
pw_098,gene_20,ctrl,1,68.9494905943781
pw_098,gene_20,ctrl,2,88.56480071258699
pw_098,gene_20,ctrl,3,93.37578826406939
pw_098,gene_20,ctrl,4,49.751253259306175
pw_098,gene_20,ctrl,5,67.93070124988672
pw_098,gene_20,ctrl,6,56.10756049185328
pw_098,gene_20,ctrl,7,91.21291531150176
pw_098,gene_20,ctrl,8,70.29980301183228
pw_098,gene_20,treatment,1,114.228930635379
pw_098,gene_20,treatment,2,42.812649409997576
pw_098,gene_20,treatment,3,70.21983266886433
pw_098,gene_20,treatment,4,107.47215227113574
pw_098,gene_20,treatment,5,47.304519233755656
pw_098,gene_20,treatment,6,70.07700217108486
pw_098,gene_20,treatment,7,90.86572399329276
pw_098,gene_20,treatment,8,68.913844047063
pw_099,gene_20,ctrl,1,59.69226461733922
pw_099,gene_20,ctrl,2,86.82113334840973
pw_099,gene_20,ctrl,3,78.57252609829568
pw_099,gene_20,ctrl,4,87.51070062648783
pw_099,gene_20,ctrl,5,68.25238490740131
pw_099,gene_20,ctrl,6,73.475697303843
pw_099,gene_20,ctrl,7,88.48247593556984
pw_099,gene_20,ctrl,8,113.74020154012396
pw_099,gene_20,treatment,1,38.56631526914441
pw_099,gene_20,treatment,2,89.90392286983965
pw_099,gene_20,treatment,3,44.982775384258645
pw_099,gene_20,treatment,4,98.47444457286146
pw_099,gene_20,treatment,5,51.45951883383011
pw_099,gene_20,treatment,6,78.8026904496022
pw_099,gene_20,treatment,7,64.86347630090201
pw_099,gene_20,treatment,8,89.72932312650877
pw_100,gene_20,ctrl,1,121.8727684222773
pw_100,gene_20,ctrl,2,54.158012048248054
pw_100,gene_20,ctrl,3,110.25068715913706
pw_100,gene_20,ctrl,4,77.7569785847515
pw_100,gene_20,ctrl,5,29.165540954039834
pw_100,gene_20,ctrl,6,43.46849492073457
pw_100,gene_20,ctrl,7,71.82334602749067
pw_100,gene_20,ctrl,8,53.465181787098345
pw_100,gene_20,treatment,1,88.89673010518942
pw_100,gene_20,treatment,2,78.930608922138
pw_100,gene_20,treatment,3,84.33535779838517
pw_100,gene_20,treatment,4,67.42164715151833
pw_100,gene_20,treatment,5,63.38226011186053
pw_100,gene_20,treatment,6,45.15980587703638
pw_100,gene_20,treatment,7,64.6653119603254
pw_100,gene_20,treatment,8,78.55046694441346
pw_101,gene_21,ctrl,1,101.69980608170638
pw_101,gene_21,ctrl,2,72.93798441244688
pw_101,gene_21,ctrl,3,112.71204972374926
pw_101,gene_21,ctrl,4,180.65711790048684
pw_101,gene_21,ctrl,5,64.5196735873524
pw_101,gene_21,ctrl,6,43.75664322725402
pw_101,gene_21,ctrl,7,76.86757723704152
pw_101,gene_21,ctrl,8,50.039674972634245
pw_101,gene_21,treatment,1,117.76986603866285
pw_101,gene_21,treatment,2,27.196866621234406
pw_101,gene_21,treatment,3,55.990342198328854
pw_101,gene_21,treatment,4,125.28270856389975
pw_101,gene_21,treatment,5,43.69370176509167
pw_101,gene_21,treatment,6,34.28860997188911
pw_101,gene_21,treatment,7,44.3444963082337
pw_101,gene_21,treatment,8,52.43232797362843
pw_102,gene_21,ctrl,1,106.3543858151031
pw_102,gene_21,ctrl,2,127.28914084786895
pw_102,gene_21,ctrl,3,153.68436048681534
pw_102,gene_21,ctrl,4,109.79508954728104
pw_102,gene_21,ctrl,5,83.1238986178825
pw_102,gene_21,ctrl,6,100.9729022289518
pw_102,gene_21,ctrl,7,93.80964121311362
pw_102,gene_21,ctrl,8,53.852674133174155
pw_102,gene_21,treatment,1,62.510227802482135
pw_102,gene_21,treatment,2,51.644031820450344
pw_102,gene_21,treatment,3,78.34936000536419
pw_102,gene_21,treatment,4,59.96507164768808
pw_102,gene_21,treatment,5,125.00860268804983
pw_102,gene_21,treatment,6,107.77065617899562
pw_102,gene_21,treatment,7,135.23784732266034
pw_102,gene_21,treatment,8,85.98233960313246
pw_103,gene_21,ctrl,1,73.16324143963918
pw_103,gene_21,ctrl,2,55.74209496390731
pw_103,gene_21,ctrl,3,64.83404253407309
pw_103,gene_21,ctrl,4,86.31127132804907
pw_103,gene_21,ctrl,5,74.87482546805279
pw_103,gene_21,ctrl,6,70.1292206355915
pw_103,gene_21,ctrl,7,43.424032582325964
pw_103,gene_21,ctrl,8,78.52047023346762
pw_103,gene_21,treatment,1,113.77517185120675
pw_103,gene_21,treatment,2,152.04393899285196
pw_103,gene_21,treatment,3,48.814411949220755
pw_103,gene_21,treatment,4,79.6358864122211
pw_103,gene_21,treatment,5,98.11106811967447
pw_103,gene_21,treatment,6,62.0244695285623
pw_103,gene_21,treatment,7,91.59417382966542
pw_103,gene_21,treatment,8,35.59350490767789
pw_104,gene_21,ctrl,1,85.73123467050651
pw_104,gene_21,ctrl,2,84.41557002981813
pw_104,gene_21,ctrl,3,152.07921900164862
pw_104,gene_21,ctrl,4,124.33175476836428
pw_104,gene_21,ctrl,5,44.0337723410588
pw_104,gene_21,ctrl,6,41.211762719594425
pw_104,gene_21,ctrl,7,115.06607674386221
pw_104,gene_21,ctrl,8,85.60635217541
pw_104,gene_21,treatment,1,171.28746140664302
pw_104,gene_21,treatment,2,56.388807684763336
pw_104,gene_21,treatment,3,52.24426510396233
pw_104,gene_21,treatment,4,118.6291160017046
pw_104,gene_21,treatment,5,78.04192919305048
pw_104,gene_21,treatment,6,89.69471742140075
pw_104,gene_21,treatment,7,100.0741386081694
pw_104,gene_21,treatment,8,120.7322967708078
pw_105,gene_21,ctrl,1,56.31703673468192
pw_105,gene_21,ctrl,2,80.03414967267805
pw_105,gene_21,ctrl,3,56.211741401204335
pw_105,gene_21,ctrl,4,77.47815372694794
pw_105,gene_21,ctrl,5,52.18707222532643
pw_105,gene_21,ctrl,6,66.42104535275412
pw_105,gene_21,ctrl,7,43.33751422785652
pw_105,gene_21,ctrl,8,61.20366225506745
pw_105,gene_21,treatment,1,103.11276405006782
pw_105,gene_21,treatment,2,70.671339374276
pw_105,gene_21,treatment,3,72.58746690517593
pw_105,gene_21,treatment,4,114.35825038916934
pw_105,gene_21,treatment,5,58.9993321280268
pw_105,gene_21,treatment,6,57.35838440148938
pw_105,gene_21,treatment,7,73.8122198633355
pw_105,gene_21,treatment,8,66.30796383625237
pw_106,gene_22,ctrl,1,91.73878245049701
pw_106,gene_22,ctrl,2,72.6411910320287
pw_106,gene_22,ctrl,3,24.986724249532674
pw_106,gene_22,ctrl,4,51.249649372875226
pw_106,gene_22,ctrl,5,154.03122386952182
pw_106,gene_22,ctrl,6,124.50393536183749
pw_106,gene_22,ctrl,7,78.22760599210187
pw_106,gene_22,ctrl,8,76.59023511343527
pw_106,gene_22,treatment,1,105.81974048771279
pw_106,gene_22,treatment,2,66.99842467007677
pw_106,gene_22,treatment,3,106.76087324787979
pw_106,gene_22,treatment,4,139.66574880617617
pw_106,gene_22,treatment,5,79.01767801970975
pw_106,gene_22,treatment,6,171.17408202290815
pw_106,gene_22,treatment,7,75.6254204485721
pw_106,gene_22,treatment,8,57.36153003222412
pw_107,gene_22,ctrl,1,25.759220736575827
pw_107,gene_22,ctrl,2,48.01198973310586
pw_107,gene_22,ctrl,3,43.649260893353706
pw_107,gene_22,ctrl,4,126.59288853213943
pw_107,gene_22,ctrl,5,154.86085005844532
pw_107,gene_22,ctrl,6,51.67990733918769
pw_107,gene_22,ctrl,7,44.419864838558205
pw_107,gene_22,ctrl,8,53.85127771531789
pw_107,gene_22,treatment,1,89.92008152080314
pw_107,gene_22,treatment,2,61.20355379176429
pw_107,gene_22,treatment,3,100.32934380517493
pw_107,gene_22,treatment,4,39.1515655616726
pw_107,gene_22,treatment,5,43.71530871049149
pw_107,gene_22,treatment,6,28.262322955355017
pw_107,gene_22,treatment,7,103.1758468621295
pw_107,gene_22,treatment,8,92.41979795616058
pw_108,gene_22,ctrl,1,148.72045337522493
pw_108,gene_22,ctrl,2,173.17339912452775
pw_108,gene_22,ctrl,3,138.51318159951876
pw_108,gene_22,ctrl,4,119.96977632052476
pw_108,gene_22,ctrl,5,99.7825853868649
pw_108,gene_22,ctrl,6,55.61903427061477
pw_108,gene_22,ctrl,7,322.01892247623874
pw_108,gene_22,ctrl,8,167.60736718227355
pw_108,gene_22,treatment,1,101.57378718763805
pw_108,gene_22,treatment,2,122.59989497381547
pw_108,gene_22,treatment,3,109.98341697929044
pw_108,gene_22,treatment,4,130.17258320874157
pw_108,gene_22,treatment,5,136.79478884020415
pw_108,gene_22,treatment,6,106.55626769116652
pw_108,gene_22,treatment,7,117.2640164992774
pw_108,gene_22,treatment,8,133.91475458729786
pw_109,gene_22,ctrl,1,21.90027897529215
pw_109,gene_22,ctrl,2,56.76119704003955
pw_109,gene_22,ctrl,3,54.00740500552011
pw_109,gene_22,ctrl,4,8.605655170420528
pw_109,gene_22,ctrl,5,58.023146628571645
pw_109,gene_22,ctrl,6,71.66330381909772
pw_109,gene_22,ctrl,7,72.7174544035226
pw_109,gene_22,ctrl,8,50.30974861176019
pw_109,gene_22,treatment,1,51.52253841649722
pw_109,gene_22,treatment,2,50.74645735705323
pw_109,gene_22,treatment,3,40.794120237231695
pw_109,gene_22,treatment,4,43.6406199363281
pw_109,gene_22,treatment,5,41.858135647593414
pw_109,gene_22,treatment,6,34.80637313342835
pw_109,gene_22,treatment,7,69.5958774045696
pw_109,gene_22,treatment,8,42.35172242868417
pw_110,gene_22,ctrl,1,50.88740947174631
pw_110,gene_22,ctrl,2,124.03806218608791
pw_110,gene_22,ctrl,3,63.976075621113296
pw_110,gene_22,ctrl,4,80.84227487654479
pw_110,gene_22,ctrl,5,45.99104251250408
pw_110,gene_22,ctrl,6,102.90377228856642
pw_110,gene_22,ctrl,7,87.92547248590719
pw_110,gene_22,ctrl,8,212.167796464871
pw_110,gene_22,treatment,1,69.60919291260313
pw_110,gene_22,treatment,2,100.6774853312485
pw_110,gene_22,treatment,3,71.54510094616182
pw_110,gene_22,treatment,4,118.63609200998013
pw_110,gene_22,treatment,5,87.80073057622421
pw_110,gene_22,treatment,6,85.58770942008671
pw_110,gene_22,treatment,7,53.02856903385936
pw_110,gene_22,treatment,8,65.74409491088976
pw_111,gene_23,ctrl,1,69.24920578960665
pw_111,gene_23,ctrl,2,47.83175210571169
pw_111,gene_23,ctrl,3,62.16554444224088
pw_111,gene_23,ctrl,4,100.69211640062997
pw_111,gene_23,ctrl,5,61.969265259519766
pw_111,gene_23,ctrl,6,79.04983867534118
pw_111,gene_23,ctrl,7,35.40638210097454
pw_111,gene_23,ctrl,8,44.142032435289536
pw_111,gene_23,treatment,1,52.40213215152685
pw_111,gene_23,treatment,2,61.86963935961796
pw_111,gene_23,treatment,3,49.73811928798453
pw_111,gene_23,treatment,4,47.880724869603235
pw_111,gene_23,treatment,5,56.292484096235555
pw_111,gene_23,treatment,6,85.69002370017935
pw_111,gene_23,treatment,7,59.43791635757139
pw_111,gene_23,treatment,8,46.00277337586705
pw_112,gene_23,ctrl,1,41.843225233055044
pw_112,gene_23,ctrl,2,72.90152418183195
pw_112,gene_23,ctrl,3,46.089997416130785
pw_112,gene_23,ctrl,4,34.98183024736644
pw_112,gene_23,ctrl,5,58.754546787516944
pw_112,gene_23,ctrl,6,37.2336260030566
pw_112,gene_23,ctrl,7,46.746151310068775
pw_112,gene_23,ctrl,8,70.11513505743424
pw_112,gene_23,treatment,1,40.69671421003985
pw_112,gene_23,treatment,2,31.859445017898853
pw_112,gene_23,treatment,3,86.76940189197593
pw_112,gene_23,treatment,4,81.76550965090398
pw_112,gene_23,treatment,5,45.51347489276783
pw_112,gene_23,treatment,6,49.7378307091268
pw_112,gene_23,treatment,7,67.05279930089239
pw_112,gene_23,treatment,8,78.7893532058093
pw_113,gene_23,ctrl,1,130.26779619795528
pw_113,gene_23,ctrl,2,20.511478418659625
pw_113,gene_23,ctrl,3,55.138795676972805
pw_113,gene_23,ctrl,4,49.760424679242654
pw_113,gene_23,ctrl,5,70.98419828162312
pw_113,gene_23,ctrl,6,33.955603284776366
pw_113,gene_23,ctrl,7,10.217648011017792
pw_113,gene_23,ctrl,8,47.29972676476098
pw_113,gene_23,treatment,1,81.38075678866926
pw_113,gene_23,treatment,2,116.2884530818466
pw_113,gene_23,treatment,3,102.36697093446372
pw_113,gene_23,treatment,4,64.68087139871609
pw_113,gene_23,treatment,5,77.58197946697855
pw_113,gene_23,treatment,6,27.574136255247854
pw_113,gene_23,treatment,7,51.45928543838228
pw_113,gene_23,treatment,8,51.54595718308147
pw_114,gene_23,ctrl,1,66.42915867843232
pw_114,gene_23,ctrl,2,76.45675169043109
pw_114,gene_23,ctrl,3,30.85566081925432
pw_114,gene_23,ctrl,4,70.86856888924017
pw_114,gene_23,ctrl,5,25.195505094835877
pw_114,gene_23,ctrl,6,159.28451275671534
pw_114,gene_23,ctrl,7,58.97812655805863
pw_114,gene_23,ctrl,8,42.07223205952044
pw_114,gene_23,treatment,1,103.90818535839506
pw_114,gene_23,treatment,2,92.39507119424377
pw_114,gene_23,treatment,3,90.06787774617152
pw_114,gene_23,treatment,4,129.72574564894603
pw_114,gene_23,treatment,5,48.05495581917556
pw_114,gene_23,treatment,6,49.90082514445271
pw_114,gene_23,treatment,7,132.26011514410746
pw_114,gene_23,treatment,8,99.98492966458221
pw_115,gene_23,ctrl,1,41.456796964842944
pw_115,gene_23,ctrl,2,24.002314281672252
pw_115,gene_23,ctrl,3,38.221278485165456
pw_115,gene_23,ctrl,4,29.088051859072422
pw_115,gene_23,ctrl,5,43.628256818678594
pw_115,gene_23,ctrl,6,42.04300354428458
pw_115,gene_23,ctrl,7,76.83286269712205
pw_115,gene_23,ctrl,8,NA
pw_115,gene_23,treatment,1,36.88279953611085
pw_115,gene_23,treatment,2,61.63517713610764
pw_115,gene_23,treatment,3,18.442738674475144
pw_115,gene_23,treatment,4,39.74869276895736
pw_115,gene_23,treatment,5,33.18391110686171
pw_115,gene_23,treatment,6,35.55946213574565
pw_115,gene_23,treatment,7,39.429337593276344
pw_115,gene_23,treatment,8,64.16031231630568
pw_116,gene_24,ctrl,1,81.65695757640546
pw_116,gene_24,ctrl,2,130.42426518892864
pw_116,gene_24,ctrl,3,42.85283344899124
pw_116,gene_24,ctrl,4,87.62380865369357
pw_116,gene_24,ctrl,5,79.8339371137981
pw_116,gene_24,ctrl,6,59.59105068763433
pw_116,gene_24,ctrl,7,86.03904322730578
pw_116,gene_24,ctrl,8,122.15457708077427
pw_116,gene_24,treatment,1,65.9103582940821
pw_116,gene_24,treatment,2,130.42387361671135
pw_116,gene_24,treatment,3,91.60892617237789
pw_116,gene_24,treatment,4,50.513971644079966
pw_116,gene_24,treatment,5,116.84288495864698
pw_116,gene_24,treatment,6,105.73755263021471
pw_116,gene_24,treatment,7,178.62744436018482
pw_116,gene_24,treatment,8,108.33996198446754
pw_117,gene_24,ctrl,1,74.31076509873323
pw_117,gene_24,ctrl,2,110.71215090698308
pw_117,gene_24,ctrl,3,38.85786036692742
pw_117,gene_24,ctrl,4,79.80936207299901
pw_117,gene_24,ctrl,5,118.19430786570373
pw_117,gene_24,ctrl,6,75.2597980717751
pw_117,gene_24,ctrl,7,121.78009782021601
pw_117,gene_24,ctrl,8,88.72821829967305
pw_117,gene_24,treatment,1,91.5528265595207
pw_117,gene_24,treatment,2,80.31489513373636
pw_117,gene_24,treatment,3,73.58508399937043
pw_117,gene_24,treatment,4,67.90595949105608
pw_117,gene_24,treatment,5,88.07319067866618
pw_117,gene_24,treatment,6,46.53694004048094
pw_117,gene_24,treatment,7,53.568002114000265
pw_117,gene_24,treatment,8,58.72453699431078
pw_118,gene_24,ctrl,1,90.6144179153888
pw_118,gene_24,ctrl,2,79.38253279584951
pw_118,gene_24,ctrl,3,67.48096119932617
pw_118,gene_24,ctrl,4,104.40559716419004
pw_118,gene_24,ctrl,5,116.86515912426826
pw_118,gene_24,ctrl,6,90.35394304322085
pw_118,gene_24,ctrl,7,141.57293897939357
pw_118,gene_24,ctrl,8,81.46300563658804
pw_118,gene_24,treatment,1,108.23419042594703
pw_118,gene_24,treatment,2,86.27157206982977
pw_118,gene_24,treatment,3,147.3871406441641
pw_118,gene_24,treatment,4,127.41211603888412
pw_118,gene_24,treatment,5,175.8797828828191
pw_118,gene_24,treatment,6,144.799382461901
pw_118,gene_24,treatment,7,112.25228343658826
pw_118,gene_24,treatment,8,88.70535307435861
pw_119,gene_24,ctrl,1,272.9229156213543
pw_119,gene_24,ctrl,2,192.96469850759223
pw_119,gene_24,ctrl,3,142.01339935365942
pw_119,gene_24,ctrl,4,69.4722355110867
pw_119,gene_24,ctrl,5,205.05326452639252
pw_119,gene_24,ctrl,6,117.06639642151256
pw_119,gene_24,ctrl,7,199.73521128218087
pw_119,gene_24,ctrl,8,149.74115713644107
pw_119,gene_24,treatment,1,258.9494077976185
pw_119,gene_24,treatment,2,179.23385902909303
pw_119,gene_24,treatment,3,81.28167372767305
pw_119,gene_24,treatment,4,151.74539904200478
pw_119,gene_24,treatment,5,224.46447877484732
pw_119,gene_24,treatment,6,189.9322564906056
pw_119,gene_24,treatment,7,176.22117136428278
pw_119,gene_24,treatment,8,226.55302864935612
pw_120,gene_24,ctrl,1,43.14480370435414
pw_120,gene_24,ctrl,2,118.27941603934204
pw_120,gene_24,ctrl,3,108.20947999891969
pw_120,gene_24,ctrl,4,78.60240577739529
pw_120,gene_24,ctrl,5,116.54974467429307
pw_120,gene_24,ctrl,6,89.20032290709199
pw_120,gene_24,ctrl,7,114.09272017970355
pw_120,gene_24,ctrl,8,86.1064317552005
pw_120,gene_24,treatment,1,80.90700626177615
pw_120,gene_24,treatment,2,86.29557726845138
pw_120,gene_24,treatment,3,46.54982605208076
pw_120,gene_24,treatment,4,119.74548818840353
pw_120,gene_24,treatment,5,75.00123573516716
pw_120,gene_24,treatment,6,122.72707386436208
pw_120,gene_24,treatment,7,14.719344583152932
pw_120,gene_24,treatment,8,73.33627624986809
pw_121,gene_25,ctrl,1,107.22425980169962
pw_121,gene_25,ctrl,2,115.4970440889828
pw_121,gene_25,ctrl,3,100.75332138762448
pw_121,gene_25,ctrl,4,149.79253331146788
pw_121,gene_25,ctrl,5,143.720430523265
pw_121,gene_25,ctrl,6,145.85927211576893
pw_121,gene_25,ctrl,7,157.99679035565956
pw_121,gene_25,ctrl,8,103.57478989573293
pw_121,gene_25,treatment,1,139.16454020914648
pw_121,gene_25,treatment,2,125.22588556154344
pw_121,gene_25,treatment,3,97.97880003575818
pw_121,gene_25,treatment,4,194.2921103376534
pw_121,gene_25,treatment,5,198.1868838946873
pw_121,gene_25,treatment,6,116.6123978000026
pw_121,gene_25,treatment,7,89.91281033479666
pw_121,gene_25,treatment,8,154.3908348109693
pw_122,gene_25,ctrl,1,121.13788037115566
pw_122,gene_25,ctrl,2,51.81869350823665
pw_122,gene_25,ctrl,3,158.77384490310683
pw_122,gene_25,ctrl,4,89.60523532241261
pw_122,gene_25,ctrl,5,73.45768523967192
pw_122,gene_25,ctrl,6,184.85647964044335
pw_122,gene_25,ctrl,7,125.15418004574889
pw_122,gene_25,ctrl,8,124.58142169623054
pw_122,gene_25,treatment,1,76.06016939731941
pw_122,gene_25,treatment,2,115.86073975770597
pw_122,gene_25,treatment,3,61.87737289660149
pw_122,gene_25,treatment,4,79.04192725108477
pw_122,gene_25,treatment,5,142.8160826409936
pw_122,gene_25,treatment,6,79.51856596014883
pw_122,gene_25,treatment,7,176.20676390677414
pw_122,gene_25,treatment,8,89.41013860209979
pw_123,gene_25,ctrl,1,61.3057892410309
pw_123,gene_25,ctrl,2,39.31750812569081
pw_123,gene_25,ctrl,3,148.95625035545396
pw_123,gene_25,ctrl,4,66.92707782288707
pw_123,gene_25,ctrl,5,63.838403505655634
pw_123,gene_25,ctrl,6,99.99914959444504
pw_123,gene_25,ctrl,7,83.14472960100584
pw_123,gene_25,ctrl,8,71.22035909447082
pw_123,gene_25,treatment,1,103.92796207975681
pw_123,gene_25,treatment,2,69.81554172071569
pw_123,gene_25,treatment,3,57.789461100364605
pw_123,gene_25,treatment,4,76.69234862718439
pw_123,gene_25,treatment,5,48.860587877596096
pw_123,gene_25,treatment,6,79.28538804959418
pw_123,gene_25,treatment,7,84.04493740132956
pw_123,gene_25,treatment,8,66.76808417307197
pw_124,gene_25,ctrl,1,96.09294962144455
pw_124,gene_25,ctrl,2,110.77090039920972
pw_124,gene_25,ctrl,3,162.13354319892898
pw_124,gene_25,ctrl,4,65.89833717519788
pw_124,gene_25,ctrl,5,142.05274724333003
pw_124,gene_25,ctrl,6,77.89315525677817
pw_124,gene_25,ctrl,7,85.74808250878766
pw_124,gene_25,ctrl,8,175.67897385678964
pw_124,gene_25,treatment,1,99.82165000352764
pw_124,gene_25,treatment,2,108.5813287459878
pw_124,gene_25,treatment,3,113.68238249242701
pw_124,gene_25,treatment,4,84.86476198135847
pw_124,gene_25,treatment,5,94.48453069973652
pw_124,gene_25,treatment,6,129.8885067439705
pw_124,gene_25,treatment,7,156.14576633534563
pw_124,gene_25,treatment,8,87.43822452726644
pw_125,gene_25,ctrl,1,90.05412727304432
pw_125,gene_25,ctrl,2,21.418229906918615
pw_125,gene_25,ctrl,3,78.95108921013306
pw_125,gene_25,ctrl,4,64.53390498436238
pw_125,gene_25,ctrl,5,46.20312432879022
pw_125,gene_25,ctrl,6,46.91517232362409
pw_125,gene_25,ctrl,7,29.57725953779961
pw_125,gene_25,ctrl,8,129.50008621378657
pw_125,gene_25,treatment,1,91.65275439809939
pw_125,gene_25,treatment,2,59.37587358991124
pw_125,gene_25,treatment,3,69.03226589863154
pw_125,gene_25,treatment,4,36.70068904495389
pw_125,gene_25,treatment,5,46.19261497520807
pw_125,gene_25,treatment,6,55.968646142488204
pw_125,gene_25,treatment,7,48.909877252220404
pw_125,gene_25,treatment,8,41.69153041375111
pw_126,gene_26,ctrl,1,90.2868041591026
pw_126,gene_26,ctrl,2,166.53035485763593
pw_126,gene_26,ctrl,3,61.38329108319017
pw_126,gene_26,ctrl,4,83.1533226573525
pw_126,gene_26,ctrl,5,177.7950085959409
pw_126,gene_26,ctrl,6,181.29181631659546
pw_126,gene_26,ctrl,7,188.6288070040269
pw_126,gene_26,ctrl,8,170.5729356303693
pw_126,gene_26,treatment,1,167.6474256122391
pw_126,gene_26,treatment,2,138.7964953476624
pw_126,gene_26,treatment,3,96.1423753526392
pw_126,gene_26,treatment,4,100.51174091811048
pw_126,gene_26,treatment,5,64.8607864529112
pw_126,gene_26,treatment,6,83.66430637257609
pw_126,gene_26,treatment,7,210.4477226272319
pw_126,gene_26,treatment,8,87.30333166459897
pw_127,gene_26,ctrl,1,123.23102355006293
pw_127,gene_26,ctrl,2,65.13792787069178
pw_127,gene_26,ctrl,3,41.21449598791395
pw_127,gene_26,ctrl,4,56.74070050458989
pw_127,gene_26,ctrl,5,66.19237777456954
pw_127,gene_26,ctrl,6,91.13674024123378
pw_127,gene_26,ctrl,7,40.52353529239374
pw_127,gene_26,ctrl,8,14.619576847929741
pw_127,gene_26,treatment,1,46.11901239512106
pw_127,gene_26,treatment,2,48.2729287208595
pw_127,gene_26,treatment,3,83.56070040900859
pw_127,gene_26,treatment,4,52.803617836011625
pw_127,gene_26,treatment,5,49.97675100135109
pw_127,gene_26,treatment,6,83.69415168862827
pw_127,gene_26,treatment,7,42.107883353780096
pw_127,gene_26,treatment,8,41.959054100198294
pw_128,gene_26,ctrl,1,91.41023019971409
pw_128,gene_26,ctrl,2,167.60442681061156
pw_128,gene_26,ctrl,3,121.25082498116753
pw_128,gene_26,ctrl,4,176.06822423345756
pw_128,gene_26,ctrl,5,163.68219153493635
pw_128,gene_26,ctrl,6,102.96803661761815
pw_128,gene_26,ctrl,7,208.9397341215697
pw_128,gene_26,ctrl,8,98.76444864797035
pw_128,gene_26,treatment,1,76.75007564763747
pw_128,gene_26,treatment,2,153.69512837046292
pw_128,gene_26,treatment,3,92.55326231377374
pw_128,gene_26,treatment,4,91.2001655548716
pw_128,gene_26,treatment,5,115.43775510242713
pw_128,gene_26,treatment,6,98.45961495887931
pw_128,gene_26,treatment,7,100.3475343543003
pw_128,gene_26,treatment,8,82.12967963197612
pw_129,gene_26,ctrl,1,87.31367680289817
pw_129,gene_26,ctrl,2,77.072370123241555
pw_129,gene_26,ctrl,3,80.44903012623512
pw_129,gene_26,ctrl,4,105.59265391492528
pw_129,gene_26,ctrl,5,17.385996881784138
pw_129,gene_26,ctrl,6,61.76869983536356
pw_129,gene_26,ctrl,7,72.95920800946232
pw_129,gene_26,ctrl,8,53.040409211219256
pw_129,gene_26,treatment,1,37.204948299317714
pw_129,gene_26,treatment,2,29.660401834092283
pw_129,gene_26,treatment,3,76.8192104416793
pw_129,gene_26,treatment,4,62.32029538681462
pw_129,gene_26,treatment,5,111.96775860274558
pw_129,gene_26,treatment,6,49.13148707851738
pw_129,gene_26,treatment,7,78.17107453266631
pw_129,gene_26,treatment,8,69.22355290351203
pw_130,gene_26,ctrl,1,54.530630337854724
pw_130,gene_26,ctrl,2,75.57123042241804
pw_130,gene_26,ctrl,3,41.34028782902274
pw_130,gene_26,ctrl,4,71.38229542335753
pw_130,gene_26,ctrl,5,53.31555398886637
pw_130,gene_26,ctrl,6,51.53184279986244
pw_130,gene_26,ctrl,7,50.39605658621029
pw_130,gene_26,ctrl,8,99.71173624746386
pw_130,gene_26,treatment,1,52.79033397563152
pw_130,gene_26,treatment,2,57.184613463592484
pw_130,gene_26,treatment,3,52.84496356601885
pw_130,gene_26,treatment,4,109.46891751149845
pw_130,gene_26,treatment,5,41.74922234932738
pw_130,gene_26,treatment,6,57.979254333137
pw_130,gene_26,treatment,7,90.20708307448281
pw_130,gene_26,treatment,8,50.129648299692064
pw_131,gene_27,ctrl,1,79.84848055929446
pw_131,gene_27,ctrl,2,129.48989541028786
pw_131,gene_27,ctrl,3,91.80900297402907
pw_131,gene_27,ctrl,4,70.55328729360319
pw_131,gene_27,ctrl,5,52.76159557997276
pw_131,gene_27,ctrl,6,59.37345359985966
pw_131,gene_27,ctrl,7,60.862888416262216
pw_131,gene_27,ctrl,8,89.62676479439489
pw_131,gene_27,treatment,1,54.8573791898451
pw_131,gene_27,treatment,2,29.737171494533857
pw_131,gene_27,treatment,3,49.19398370084031
pw_131,gene_27,treatment,4,54.833822160235634
pw_131,gene_27,treatment,5,40.888176185732995
pw_131,gene_27,treatment,6,49.90017072962157
pw_131,gene_27,treatment,7,86.7978165474727
pw_131,gene_27,treatment,8,59.31197922295169
pw_132,gene_27,ctrl,1,101.26220993167635
pw_132,gene_27,ctrl,2,19.8723896832248
pw_132,gene_27,ctrl,3,28.834747754765512
pw_132,gene_27,ctrl,4,61.64868013196452
pw_132,gene_27,ctrl,5,14.964006070047784
pw_132,gene_27,ctrl,6,16.061879993216273
pw_132,gene_27,ctrl,7,37.0490541223931
pw_132,gene_27,ctrl,8,41.63304789174595
pw_132,gene_27,treatment,1,67.60912378404355
pw_132,gene_27,treatment,2,31.13767431788794
pw_132,gene_27,treatment,3,26.555584011551712
pw_132,gene_27,treatment,4,39.24743816469932
pw_132,gene_27,treatment,5,25.733731346798113
pw_132,gene_27,treatment,6,7.751513292014111
pw_132,gene_27,treatment,7,18.59181001559109
pw_132,gene_27,treatment,8,27.32622696515044
pw_133,gene_27,ctrl,1,29.060246047850274
pw_133,gene_27,ctrl,2,90.68059772174827
pw_133,gene_27,ctrl,3,95.91133579416956
pw_133,gene_27,ctrl,4,70.86718316115474
pw_133,gene_27,ctrl,5,90.13622794725025
pw_133,gene_27,ctrl,6,102.52219080808007
pw_133,gene_27,ctrl,7,50.93840071332202
pw_133,gene_27,ctrl,8,20.031796779715954
pw_133,gene_27,treatment,1,46.34355497463278
pw_133,gene_27,treatment,2,55.528373757674196
pw_133,gene_27,treatment,3,63.338472391047404
pw_133,gene_27,treatment,4,45.64611879957052
pw_133,gene_27,treatment,5,72.62163214735604
pw_133,gene_27,treatment,6,48.09314071236406
pw_133,gene_27,treatment,7,56.332080301895246
pw_133,gene_27,treatment,8,64.37626583888657
pw_134,gene_27,ctrl,1,93.0036254042001
pw_134,gene_27,ctrl,2,66.85311338995439
pw_134,gene_27,ctrl,3,76.23824062228448
pw_134,gene_27,ctrl,4,86.35377892994649
pw_134,gene_27,ctrl,5,86.71653727977343
pw_134,gene_27,ctrl,6,34.20474692287536
pw_134,gene_27,ctrl,7,59.49151697323807
pw_134,gene_27,ctrl,8,39.0871144631882
pw_134,gene_27,treatment,1,102.22141643650764
pw_134,gene_27,treatment,2,76.70364516546124
pw_134,gene_27,treatment,3,64.65630064317085
pw_134,gene_27,treatment,4,54.65694514945507
pw_134,gene_27,treatment,5,63.65830752655626
pw_134,gene_27,treatment,6,72.1569836278587
pw_134,gene_27,treatment,7,59.21691588867483
pw_134,gene_27,treatment,8,84.14612113109975
pw_135,gene_27,ctrl,1,143.3988571389876
pw_135,gene_27,ctrl,2,135.6668887919234
pw_135,gene_27,ctrl,3,105.22603832121065
pw_135,gene_27,ctrl,4,64.00994785954511
pw_135,gene_27,ctrl,5,158.75928723459515
pw_135,gene_27,ctrl,6,113.98963868420257
pw_135,gene_27,ctrl,7,142.5918594489981
pw_135,gene_27,ctrl,8,98.87162210481738
pw_135,gene_27,treatment,1,181.63267340384547
pw_135,gene_27,treatment,2,115.94004676133639
pw_135,gene_27,treatment,3,187.1966149539583
pw_135,gene_27,treatment,4,165.49702571682855
pw_135,gene_27,treatment,5,107.66034131073825
pw_135,gene_27,treatment,6,164.98045782023405
pw_135,gene_27,treatment,7,138.72105738559887
pw_135,gene_27,treatment,8,172.1929965905192
pw_136,gene_28,ctrl,1,123.99320561793857
pw_136,gene_28,ctrl,2,133.24983375056016
pw_136,gene_28,ctrl,3,157.99273268854586
pw_136,gene_28,ctrl,4,166.4100746585906
pw_136,gene_28,ctrl,5,122.25299389243271
pw_136,gene_28,ctrl,6,96.11406576464054
pw_136,gene_28,ctrl,7,82.07271095268354
pw_136,gene_28,ctrl,8,196.0296160463567
pw_136,gene_28,treatment,1,174.54514731329525
pw_136,gene_28,treatment,2,212.1532012802941
pw_136,gene_28,treatment,3,140.5951420159722
pw_136,gene_28,treatment,4,129.0088427906597
pw_136,gene_28,treatment,5,106.36075181909216
pw_136,gene_28,treatment,6,159.38852946341893
pw_136,gene_28,treatment,7,200.27580633465098
pw_136,gene_28,treatment,8,196.28977390695232
pw_137,gene_28,ctrl,1,106.28393866258247
pw_137,gene_28,ctrl,2,129.86240696529288
pw_137,gene_28,ctrl,3,87.34273030276928
pw_137,gene_28,ctrl,4,117.70280874837746
pw_137,gene_28,ctrl,5,96.72034405752822
pw_137,gene_28,ctrl,6,112.61681164983489
pw_137,gene_28,ctrl,7,105.46198695796969
pw_137,gene_28,ctrl,8,131.02441019048297
pw_137,gene_28,treatment,1,147.61226911651235
pw_137,gene_28,treatment,2,120.85103687336975
pw_137,gene_28,treatment,3,149.5769783506492
pw_137,gene_28,treatment,4,78.4709171654926
pw_137,gene_28,treatment,5,71.92223974948548
pw_137,gene_28,treatment,6,80.15829161319316
pw_137,gene_28,treatment,7,57.615164203703955
pw_137,gene_28,treatment,8,125.78242130325512
pw_138,gene_28,ctrl,1,43.51071833176584
pw_138,gene_28,ctrl,2,46.79971666740028
pw_138,gene_28,ctrl,3,54.4988097192647
pw_138,gene_28,ctrl,4,82.27658571367111
pw_138,gene_28,ctrl,5,114.12305473518806
pw_138,gene_28,ctrl,6,54.77459904768788
pw_138,gene_28,ctrl,7,49.708897450678016
pw_138,gene_28,ctrl,8,47.43450890999899
pw_138,gene_28,treatment,1,61.41232169716802
pw_138,gene_28,treatment,2,41.44662183249675
pw_138,gene_28,treatment,3,68.30007720696403
pw_138,gene_28,treatment,4,52.15255486464817
pw_138,gene_28,treatment,5,57.13780695021326
pw_138,gene_28,treatment,6,83.71048365141796
pw_138,gene_28,treatment,7,26.567739409528354
pw_138,gene_28,treatment,8,81.78541862239078
pw_139,gene_28,ctrl,1,96.6740320953668
pw_139,gene_28,ctrl,2,74.5909079456186
pw_139,gene_28,ctrl,3,92.93362198375964
pw_139,gene_28,ctrl,4,28.45762129946682
pw_139,gene_28,ctrl,5,66.21265099781907
pw_139,gene_28,ctrl,6,50.179729596060874
pw_139,gene_28,ctrl,7,83.5430450031493
pw_139,gene_28,ctrl,8,103.23824617340321
pw_139,gene_28,treatment,1,77.82776882568062
pw_139,gene_28,treatment,2,87.98117451996285
pw_139,gene_28,treatment,3,62.44616814737942
pw_139,gene_28,treatment,4,55.59603260992913
pw_139,gene_28,treatment,5,119.32141635950995
pw_139,gene_28,treatment,6,44.373383682053436
pw_139,gene_28,treatment,7,25.91085362953426
pw_139,gene_28,treatment,8,87.2781406579196
pw_140,gene_28,ctrl,1,101.19604203151603
pw_140,gene_28,ctrl,2,134.56494041394686
pw_140,gene_28,ctrl,3,85.8197102498871
pw_140,gene_28,ctrl,4,186.43969687541323
pw_140,gene_28,ctrl,5,123.47595703936511
pw_140,gene_28,ctrl,6,105.94957927870759
pw_140,gene_28,ctrl,7,136.72165293507786
pw_140,gene_28,ctrl,8,69.55963146985907
pw_140,gene_28,treatment,1,122.75458877653791
pw_140,gene_28,treatment,2,153.68759587908716
pw_140,gene_28,treatment,3,96.23922831456302
pw_140,gene_28,treatment,4,122.0148352123682
pw_140,gene_28,treatment,5,80.45362000153912
pw_140,gene_28,treatment,6,136.9457294420657
pw_140,gene_28,treatment,7,129.48911364104166
pw_140,gene_28,treatment,8,165.84749805920262
pw_141,gene_29,ctrl,1,101.63435130382605
pw_141,gene_29,ctrl,2,55.85415544249791
pw_141,gene_29,ctrl,3,59.17126942002464
pw_141,gene_29,ctrl,4,80.13631938332114
pw_141,gene_29,ctrl,5,84.39725675779738
pw_141,gene_29,ctrl,6,71.595678848128955
pw_141,gene_29,ctrl,7,59.30385654528989
pw_141,gene_29,ctrl,8,95.9647048013843
pw_141,gene_29,treatment,1,72.52829706078076
pw_141,gene_29,treatment,2,36.03552438221621
pw_141,gene_29,treatment,3,138.48715235012824
pw_141,gene_29,treatment,4,181.80539747407124
pw_141,gene_29,treatment,5,72.55389369732262
pw_141,gene_29,treatment,6,140.8133176203688
pw_141,gene_29,treatment,7,126.46645838931757
pw_141,gene_29,treatment,8,69.53374745687458
pw_142,gene_29,ctrl,1,69.61684044288938
pw_142,gene_29,ctrl,2,174.64565576684933
pw_142,gene_29,ctrl,3,103.74252615908398
pw_142,gene_29,ctrl,4,105.00109974328794
pw_142,gene_29,ctrl,5,74.17111540036592
pw_142,gene_29,ctrl,6,79.13121400241336
pw_142,gene_29,ctrl,7,59.98982752791098
pw_142,gene_29,ctrl,8,114.05034426162335
pw_142,gene_29,treatment,1,125.7240578739049
pw_142,gene_29,treatment,2,140.63905136496427
pw_142,gene_29,treatment,3,45.54334898962566
pw_142,gene_29,treatment,4,126.37397099207531
pw_142,gene_29,treatment,5,127.35754177851842
pw_142,gene_29,treatment,6,93.78522047981649
pw_142,gene_29,treatment,7,48.1918244808711
pw_142,gene_29,treatment,8,48.293475868012806
pw_143,gene_29,ctrl,1,149.5841220109657
pw_143,gene_29,ctrl,2,60.67997419460446
pw_143,gene_29,ctrl,3,71.32865266790073
pw_143,gene_29,ctrl,4,48.12020161584702
pw_143,gene_29,ctrl,5,140.99779769920443
pw_143,gene_29,ctrl,6,132.84505299112982
pw_143,gene_29,ctrl,7,80.88930280230429
pw_143,gene_29,ctrl,8,208.2903039783368
pw_143,gene_29,treatment,1,53.652141965434346
pw_143,gene_29,treatment,2,61.338273392778454
pw_143,gene_29,treatment,3,47.224711187734236
pw_143,gene_29,treatment,4,70.85233615651688
pw_143,gene_29,treatment,5,72.27428541352495
pw_143,gene_29,treatment,6,158.470797689438
pw_143,gene_29,treatment,7,65.14238189033028
pw_143,gene_29,treatment,8,95.7929060765921
pw_144,gene_29,ctrl,1,122.71109166869275
pw_144,gene_29,ctrl,2,178.67155799931683
pw_144,gene_29,ctrl,3,73.55533591966271
pw_144,gene_29,ctrl,4,237.88424938643644
pw_144,gene_29,ctrl,5,102.54163694937435
pw_144,gene_29,ctrl,6,91.79897383286011
pw_144,gene_29,ctrl,7,124.18330840982571
pw_144,gene_29,ctrl,8,187.29662317090165
pw_144,gene_29,treatment,1,118.28136097370587
pw_144,gene_29,treatment,2,130.87141048734316
pw_144,gene_29,treatment,3,116.7419595175902
pw_144,gene_29,treatment,4,151.84240396869384
pw_144,gene_29,treatment,5,257.5783037100864
pw_144,gene_29,treatment,6,152.29685621955423
pw_144,gene_29,treatment,7,101.54815727115945
pw_144,gene_29,treatment,8,121.46142594382954
pw_145,gene_29,ctrl,1,31.099171532126444
pw_145,gene_29,ctrl,2,78.47221553142447
pw_145,gene_29,ctrl,3,78.86942789183007
pw_145,gene_29,ctrl,4,27.819168523976824
pw_145,gene_29,ctrl,5,37.452374529229566
pw_145,gene_29,ctrl,6,77.11295031808724
pw_145,gene_29,ctrl,7,56.44646074819846
pw_145,gene_29,ctrl,8,31.6339696916649
pw_145,gene_29,treatment,1,58.74586198883897
pw_145,gene_29,treatment,2,33.60735717353786
pw_145,gene_29,treatment,3,37.598019288238284
pw_145,gene_29,treatment,4,72.62931535928823
pw_145,gene_29,treatment,5,23.225351186615132
pw_145,gene_29,treatment,6,47.87368877119269
pw_145,gene_29,treatment,7,34.70202477678976
pw_145,gene_29,treatment,8,54.52536653116543
pw_146,gene_30,ctrl,1,56.15221694499818
pw_146,gene_30,ctrl,2,46.83151672048048
pw_146,gene_30,ctrl,3,64.56878242560362
pw_146,gene_30,ctrl,4,144.42893801832045
pw_146,gene_30,ctrl,5,81.0117115977398
pw_146,gene_30,ctrl,6,55.57882596151105
pw_146,gene_30,ctrl,7,152.18102752591648
pw_146,gene_30,ctrl,8,92.13411708273945
pw_146,gene_30,treatment,1,74.6689136773479
pw_146,gene_30,treatment,2,174.71262619324747
pw_146,gene_30,treatment,3,88.01585675876707
pw_146,gene_30,treatment,4,70.57050071096421
pw_146,gene_30,treatment,5,138.68659829910894
pw_146,gene_30,treatment,6,137.62290794511094
pw_146,gene_30,treatment,7,33.7032691451343
pw_146,gene_30,treatment,8,35.606725169594164
pw_147,gene_30,ctrl,1,37.92868458388182
pw_147,gene_30,ctrl,2,140.728540070185
pw_147,gene_30,ctrl,3,71.58274263199307
pw_147,gene_30,ctrl,4,86.74207830925882
pw_147,gene_30,ctrl,5,80.85899654598792
pw_147,gene_30,ctrl,6,90.65879743502772
pw_147,gene_30,ctrl,7,134.85016430821702
pw_147,gene_30,ctrl,8,98.41869291432707
pw_147,gene_30,treatment,1,87.40685292011534
pw_147,gene_30,treatment,2,60.946316843274424
pw_147,gene_30,treatment,3,79.03923515654745
pw_147,gene_30,treatment,4,103.35594470507193
pw_147,gene_30,treatment,5,135.73786701744984
pw_147,gene_30,treatment,6,119.41319068280528
pw_147,gene_30,treatment,7,98.67209473366832
pw_147,gene_30,treatment,8,147.29606395387597
pw_148,gene_30,ctrl,1,69.94769692432584
pw_148,gene_30,ctrl,2,58.591167827609574
pw_148,gene_30,ctrl,3,70.36362150709613
pw_148,gene_30,ctrl,4,43.13230915329255
pw_148,gene_30,ctrl,5,60.32461727918179
pw_148,gene_30,ctrl,6,42.35297022260397
pw_148,gene_30,ctrl,7,105.94800125834335
pw_148,gene_30,ctrl,8,45.17845852869914
pw_148,gene_30,treatment,1,67.58440272677562
pw_148,gene_30,treatment,2,93.84953509217907
pw_148,gene_30,treatment,3,15.305736824783976
pw_148,gene_30,treatment,4,81.12820661920816
pw_148,gene_30,treatment,5,35.78276379022563
pw_148,gene_30,treatment,6,47.16316909829153
pw_148,gene_30,treatment,7,72.43147993118667
pw_148,gene_30,treatment,8,29.58055022618614
pw_149,gene_30,ctrl,1,161.0842625488175
pw_149,gene_30,ctrl,2,161.7708462231394
pw_149,gene_30,ctrl,3,108.9761184417724
pw_149,gene_30,ctrl,4,54.544078616404214
pw_149,gene_30,ctrl,5,94.8565825408726
pw_149,gene_30,ctrl,6,152.33394734004506
pw_149,gene_30,ctrl,7,81.18439484352523
pw_149,gene_30,ctrl,8,193.6074649623574
pw_149,gene_30,treatment,1,181.5246446644463
pw_149,gene_30,treatment,2,154.42719337047663
pw_149,gene_30,treatment,3,105.3647795598256
pw_149,gene_30,treatment,4,226.0686974702991
pw_149,gene_30,treatment,5,133.93245500808055
pw_149,gene_30,treatment,6,127.07383369312485
pw_149,gene_30,treatment,7,208.25549373577834
pw_149,gene_30,treatment,8,137.7841995930271
pw_150,gene_30,ctrl,1,45.51158613310759
pw_150,gene_30,ctrl,2,10.460145129724774
pw_150,gene_30,ctrl,3,77.05682456304166
pw_150,gene_30,ctrl,4,57.704440813281444
pw_150,gene_30,ctrl,5,45.76231913438588
pw_150,gene_30,ctrl,6,42.923447691360224
pw_150,gene_30,ctrl,7,38.9062600366919
pw_150,gene_30,ctrl,8,50.89634784505215
pw_150,gene_30,treatment,1,63.073254218968835
pw_150,gene_30,treatment,2,27.324109497521654
pw_150,gene_30,treatment,3,31.696742686708742
pw_150,gene_30,treatment,4,34.37219617204075
pw_150,gene_30,treatment,5,65.69870314930374
pw_150,gene_30,treatment,6,46.83314036767
pw_150,gene_30,treatment,7,68.01259728149417
pw_150,gene_30,treatment,8,70.09223346081677
pw_151,gene_31,ctrl,1,130.5540062064492
pw_151,gene_31,ctrl,2,137.4429708083596
pw_151,gene_31,ctrl,3,123.45014396342914
pw_151,gene_31,ctrl,4,66.58483715510742
pw_151,gene_31,ctrl,5,111.93973368604284
pw_151,gene_31,ctrl,6,127.96826923924368
pw_151,gene_31,ctrl,7,126.67357672012739
pw_151,gene_31,ctrl,8,122.5594482337375
pw_151,gene_31,treatment,1,120.16976406414312
pw_151,gene_31,treatment,2,80.88484506477874
pw_151,gene_31,treatment,3,88.7155551235768
pw_151,gene_31,treatment,4,169.96617730601622
pw_151,gene_31,treatment,5,132.97413804675148
pw_151,gene_31,treatment,6,108.4451350821478
pw_151,gene_31,treatment,7,137.71039603389877
pw_151,gene_31,treatment,8,135.72387097680925
pw_152,gene_31,ctrl,1,122.40316343464296
pw_152,gene_31,ctrl,2,142.93271109913363
pw_152,gene_31,ctrl,3,169.44750730688872
pw_152,gene_31,ctrl,4,103.66335004887091
pw_152,gene_31,ctrl,5,67.67538652652445
pw_152,gene_31,ctrl,6,94.04237685807357
pw_152,gene_31,ctrl,7,98.12446156134104
pw_152,gene_31,ctrl,8,71.81709043577987
pw_152,gene_31,treatment,1,89.89110233313396
pw_152,gene_31,treatment,2,139.55209482239454
pw_152,gene_31,treatment,3,88.74598313196218
pw_152,gene_31,treatment,4,144.50930228970077
pw_152,gene_31,treatment,5,94.08954345380607
pw_152,gene_31,treatment,6,110.50462778405956
pw_152,gene_31,treatment,7,103.99969003604808
pw_152,gene_31,treatment,8,72.43810369254138
pw_153,gene_31,ctrl,1,93.703031662797585
pw_153,gene_31,ctrl,2,43.053211597862585
pw_153,gene_31,ctrl,3,37.29873732341618
pw_153,gene_31,ctrl,4,113.69069113991792
pw_153,gene_31,ctrl,5,64.20595676664078
pw_153,gene_31,ctrl,6,82.80663738796694
pw_153,gene_31,ctrl,7,20.150775938911703
pw_153,gene_31,ctrl,8,61.92713055556614
pw_153,gene_31,treatment,1,65.37842975134248
pw_153,gene_31,treatment,2,38.475050329781894
pw_153,gene_31,treatment,3,54.21751726032111
pw_153,gene_31,treatment,4,98.44719970223754
pw_153,gene_31,treatment,5,53.398235537480694
pw_153,gene_31,treatment,6,67.10008288016375
pw_153,gene_31,treatment,7,73.24757864769414
pw_153,gene_31,treatment,8,62.84772320932839
pw_154,gene_31,ctrl,1,71.35051262228359
pw_154,gene_31,ctrl,2,67.58821988705365
pw_154,gene_31,ctrl,3,108.00552306481663
pw_154,gene_31,ctrl,4,69.8047802026441
pw_154,gene_31,ctrl,5,70.9635869802594
pw_154,gene_31,ctrl,6,113.78644727791344
pw_154,gene_31,ctrl,7,124.35405717459406
pw_154,gene_31,ctrl,8,111.41683003053558
pw_154,gene_31,treatment,1,109.41512826078076
pw_154,gene_31,treatment,2,40.421708923491195
pw_154,gene_31,treatment,3,129.97300987460437
pw_154,gene_31,treatment,4,61.301848734577646
pw_154,gene_31,treatment,5,170.22317844240087
pw_154,gene_31,treatment,6,137.93633827809742
pw_154,gene_31,treatment,7,122.36443038473708
pw_154,gene_31,treatment,8,90.17439014368638
pw_155,gene_31,ctrl,1,39.96979095130611
pw_155,gene_31,ctrl,2,23.983491124601994
pw_155,gene_31,ctrl,3,51.264790899096916
pw_155,gene_31,ctrl,4,52.59023427210418
pw_155,gene_31,ctrl,5,61.9625260223329
pw_155,gene_31,ctrl,6,49.461631907406854
pw_155,gene_31,ctrl,7,26.829191386245522
pw_155,gene_31,ctrl,8,34.90955516822388
pw_155,gene_31,treatment,1,33.53832451056084
pw_155,gene_31,treatment,2,35.582010379540655
pw_155,gene_31,treatment,3,78.53221576548486
pw_155,gene_31,treatment,4,65.44365282454372
pw_155,gene_31,treatment,5,26.54280838085278
pw_155,gene_31,treatment,6,50.26905578866017
pw_155,gene_31,treatment,7,24.963629049152424
pw_155,gene_31,treatment,8,27.678229236777188
pw_156,gene_32,ctrl,1,82.8775634159146
pw_156,gene_32,ctrl,2,87.8865236655094
pw_156,gene_32,ctrl,3,80.36870283016212
pw_156,gene_32,ctrl,4,136.87438054078336
pw_156,gene_32,ctrl,5,127.39505655522433
pw_156,gene_32,ctrl,6,170.01410807538656
pw_156,gene_32,ctrl,7,94.5583425651865
pw_156,gene_32,ctrl,8,73.3507271255158
pw_156,gene_32,treatment,1,192.7221635990479
pw_156,gene_32,treatment,2,102.28676224616765
pw_156,gene_32,treatment,3,145.1735541812557
pw_156,gene_32,treatment,4,108.06638694672414
pw_156,gene_32,treatment,5,64.24535040804251
pw_156,gene_32,treatment,6,79.18116159631127
pw_156,gene_32,treatment,7,130.952630635183
pw_156,gene_32,treatment,8,113.22342328834966
pw_157,gene_32,ctrl,1,120.71488833666616
pw_157,gene_32,ctrl,2,211.36295012308693
pw_157,gene_32,ctrl,3,210.64410239015177
pw_157,gene_32,ctrl,4,141.2104461544462
pw_157,gene_32,ctrl,5,179.3589582663679
pw_157,gene_32,ctrl,6,153.27204082594798
pw_157,gene_32,ctrl,7,168.90826319912986
pw_157,gene_32,ctrl,8,119.75778078695107
pw_157,gene_32,treatment,1,185.82521586767993
pw_157,gene_32,treatment,2,222.23685457115374
pw_157,gene_32,treatment,3,118.05993377460038
pw_157,gene_32,treatment,4,216.33048399482956
pw_157,gene_32,treatment,5,279.4232858574486
pw_157,gene_32,treatment,6,229.87939784715758
pw_157,gene_32,treatment,7,173.44348496327643
pw_157,gene_32,treatment,8,183.31214409293457
pw_158,gene_32,ctrl,1,132.70836201010172
pw_158,gene_32,ctrl,2,134.07339320651286
pw_158,gene_32,ctrl,3,158.39262368867756
pw_158,gene_32,ctrl,4,193.63490427802168
pw_158,gene_32,ctrl,5,99.353884316521345
pw_158,gene_32,ctrl,6,184.0158089804999
pw_158,gene_32,ctrl,7,140.27879569362827
pw_158,gene_32,ctrl,8,124.17318606370848
pw_158,gene_32,treatment,1,210.96309539500962
pw_158,gene_32,treatment,2,153.58598835275032
pw_158,gene_32,treatment,3,90.6290562506459
pw_158,gene_32,treatment,4,126.25104800333919
pw_158,gene_32,treatment,5,194.07504220046445
pw_158,gene_32,treatment,6,108.30578579747815
pw_158,gene_32,treatment,7,119.44028599476887
pw_158,gene_32,treatment,8,161.64204106569758
pw_159,gene_32,ctrl,1,55.81876994859653
pw_159,gene_32,ctrl,2,63.39219261883806
pw_159,gene_32,ctrl,3,99.68531704318484
pw_159,gene_32,ctrl,4,35.065260139838266
pw_159,gene_32,ctrl,5,121.52850807420737
pw_159,gene_32,ctrl,6,148.30119392278888
pw_159,gene_32,ctrl,7,46.29000418290959
pw_159,gene_32,ctrl,8,84.2512198816947
pw_159,gene_32,treatment,1,159.8030452786106
pw_159,gene_32,treatment,2,88.47362462269278
pw_159,gene_32,treatment,3,39.23603900070467
pw_159,gene_32,treatment,4,71.02594081074054
pw_159,gene_32,treatment,5,128.06392404775943
pw_159,gene_32,treatment,6,139.23404468538146
pw_159,gene_32,treatment,7,61.61168889747948
pw_159,gene_32,treatment,8,33.96172934975327
pw_160,gene_32,ctrl,1,25.034285140105244
pw_160,gene_32,ctrl,2,42.1486294592746
pw_160,gene_32,ctrl,3,12.323991592260363
pw_160,gene_32,ctrl,4,40.57880156980165
pw_160,gene_32,ctrl,5,48.71898409870608
pw_160,gene_32,ctrl,6,45.20847981223897
pw_160,gene_32,ctrl,7,NA
pw_160,gene_32,ctrl,8,48.55225621224678
pw_160,gene_32,treatment,1,70.76727923738464
pw_160,gene_32,treatment,2,30.57951147315564
pw_160,gene_32,treatment,3,28.560871658699693
pw_160,gene_32,treatment,4,76.40153940917132
pw_160,gene_32,treatment,5,89.81799465742624
pw_160,gene_32,treatment,6,61.86043250104097
pw_160,gene_32,treatment,7,40.91925936095561
pw_160,gene_32,treatment,8,20.65369142889273
pw_161,gene_33,ctrl,1,55.03236182857509
pw_161,gene_33,ctrl,2,24.54542786893538
pw_161,gene_33,ctrl,3,26.854681841892827
pw_161,gene_33,ctrl,4,18.033040534702238
pw_161,gene_33,ctrl,5,19.730524699072603
pw_161,gene_33,ctrl,6,NA
pw_161,gene_33,ctrl,7,29.343017689001307
pw_161,gene_33,ctrl,8,16.243563755026862
pw_161,gene_33,treatment,1,98.43576210107697
pw_161,gene_33,treatment,2,65.99039881030143
pw_161,gene_33,treatment,3,37.24152066355293
pw_161,gene_33,treatment,4,22.783960519710828
pw_161,gene_33,treatment,5,102.19072190850878
pw_161,gene_33,treatment,6,35.86685153650401
pw_161,gene_33,treatment,7,27.225146750447355
pw_161,gene_33,treatment,8,22.02410534588116
pw_162,gene_33,ctrl,1,119.43422123015895
pw_162,gene_33,ctrl,2,144.71630826721244
pw_162,gene_33,ctrl,3,154.5541394887685
pw_162,gene_33,ctrl,4,129.77097297924814
pw_162,gene_33,ctrl,5,105.35332458683085
pw_162,gene_33,ctrl,6,129.2763887908049
pw_162,gene_33,ctrl,7,125.06587848158536
pw_162,gene_33,ctrl,8,193.76741691194553
pw_162,gene_33,treatment,1,51.96603923834495
pw_162,gene_33,treatment,2,152.86710194879169
pw_162,gene_33,treatment,3,166.82688216321162
pw_162,gene_33,treatment,4,112.6613445206918
pw_162,gene_33,treatment,5,221.5994198442693
pw_162,gene_33,treatment,6,122.84061319098252
pw_162,gene_33,treatment,7,195.41582838967247
pw_162,gene_33,treatment,8,91.90603905330991
pw_163,gene_33,ctrl,1,68.01387349756638
pw_163,gene_33,ctrl,2,71.1429894999462
pw_163,gene_33,ctrl,3,117.01593962410635
pw_163,gene_33,ctrl,4,117.1080001731281
pw_163,gene_33,ctrl,5,122.96561979089759
pw_163,gene_33,ctrl,6,180.26824216352406
pw_163,gene_33,ctrl,7,69.14746646068664
pw_163,gene_33,ctrl,8,109.18284735570708
pw_163,gene_33,treatment,1,98.48109700045543
pw_163,gene_33,treatment,2,91.71739111064657
pw_163,gene_33,treatment,3,169.04719197467352
pw_163,gene_33,treatment,4,108.97951972300002
pw_163,gene_33,treatment,5,60.267875849719985
pw_163,gene_33,treatment,6,102.41671649341693
pw_163,gene_33,treatment,7,79.99366032683143
pw_163,gene_33,treatment,8,144.9813429999827
pw_164,gene_33,ctrl,1,90.58031615953875
pw_164,gene_33,ctrl,2,39.56065991883312
pw_164,gene_33,ctrl,3,32.02353827811985
pw_164,gene_33,ctrl,4,40.38867604943241
pw_164,gene_33,ctrl,5,101.49938445513524
pw_164,gene_33,ctrl,6,53.00636487622783
pw_164,gene_33,ctrl,7,46.81573043409579
pw_164,gene_33,ctrl,8,56.442260878835725
pw_164,gene_33,treatment,1,41.075701598554275
pw_164,gene_33,treatment,2,75.80659006320339
pw_164,gene_33,treatment,3,117.23188061752859
pw_164,gene_33,treatment,4,28.099378622634113
pw_164,gene_33,treatment,5,167.63466817354507
pw_164,gene_33,treatment,6,68.87160709461538
pw_164,gene_33,treatment,7,21.798138557120033
pw_164,gene_33,treatment,8,34.913248116313014
pw_165,gene_33,ctrl,1,47.02752095003275
pw_165,gene_33,ctrl,2,61.69229079503652
pw_165,gene_33,ctrl,3,92.2848589671283
pw_165,gene_33,ctrl,4,79.42145546686656
pw_165,gene_33,ctrl,5,72.5708272805599
pw_165,gene_33,ctrl,6,101.52126834392384
pw_165,gene_33,ctrl,7,57.3277595921165
pw_165,gene_33,ctrl,8,39.468190448132724
pw_165,gene_33,treatment,1,166.30763209373023
pw_165,gene_33,treatment,2,125.83269571394301
pw_165,gene_33,treatment,3,39.075329334634695
pw_165,gene_33,treatment,4,113.16636243744102
pw_165,gene_33,treatment,5,54.0631442389881
pw_165,gene_33,treatment,6,49.38937830608171
pw_165,gene_33,treatment,7,103.35777977141316
pw_165,gene_33,treatment,8,119.02666512004866
pw_166,gene_34,ctrl,1,89.75685200548412
pw_166,gene_34,ctrl,2,24.44441357259358
pw_166,gene_34,ctrl,3,60.39622093754334
pw_166,gene_34,ctrl,4,62.67112271314977
pw_166,gene_34,ctrl,5,85.48638464667066
pw_166,gene_34,ctrl,6,70.65721630303405
pw_166,gene_34,ctrl,7,81.8893342177176
pw_166,gene_34,ctrl,8,86.79923435721247
pw_166,gene_34,treatment,1,39.022376956384576
pw_166,gene_34,treatment,2,58.08202995126215
pw_166,gene_34,treatment,3,145.1584285935521
pw_166,gene_34,treatment,4,51.36364040483084
pw_166,gene_34,treatment,5,92.58798980810136
pw_166,gene_34,treatment,6,89.09693474163575
pw_166,gene_34,treatment,7,108.38088695511303
pw_166,gene_34,treatment,8,80.11319508301602
pw_167,gene_34,ctrl,1,75.56956102009067
pw_167,gene_34,ctrl,2,106.73145917741537
pw_167,gene_34,ctrl,3,77.66041161997718
pw_167,gene_34,ctrl,4,109.33543426149018
pw_167,gene_34,ctrl,5,123.62482893306249
pw_167,gene_34,ctrl,6,160.4796655267354
pw_167,gene_34,ctrl,7,98.70661027612482
pw_167,gene_34,ctrl,8,72.96201883182039
pw_167,gene_34,treatment,1,129.39401317417375
pw_167,gene_34,treatment,2,141.80119938316489
pw_167,gene_34,treatment,3,120.5651996606104
pw_167,gene_34,treatment,4,142.67534179066388
pw_167,gene_34,treatment,5,158.98686499319777
pw_167,gene_34,treatment,6,46.98742556252207
pw_167,gene_34,treatment,7,169.9017433415518
pw_167,gene_34,treatment,8,114.55986562678616
pw_168,gene_34,ctrl,1,168.85382649846204
pw_168,gene_34,ctrl,2,88.98017613388623
pw_168,gene_34,ctrl,3,81.02934757586358
pw_168,gene_34,ctrl,4,79.79766079530181
pw_168,gene_34,ctrl,5,40.094140279069684
pw_168,gene_34,ctrl,6,91.04127329153258
pw_168,gene_34,ctrl,7,97.80883630137411
pw_168,gene_34,ctrl,8,195.73159382880291
pw_168,gene_34,treatment,1,47.152728036163474
pw_168,gene_34,treatment,2,96.55224035551635
pw_168,gene_34,treatment,3,123.94503432779744
pw_168,gene_34,treatment,4,79.34781223924142
pw_168,gene_34,treatment,5,136.60299954670515
pw_168,gene_34,treatment,6,46.14137618665357
pw_168,gene_34,treatment,7,106.66917996883011
pw_168,gene_34,treatment,8,112.84968035455658
pw_169,gene_34,ctrl,1,71.45440397302615
pw_169,gene_34,ctrl,2,112.49785276576551
pw_169,gene_34,ctrl,3,116.81219450077462
pw_169,gene_34,ctrl,4,110.89313085580446
pw_169,gene_34,ctrl,5,191.75700552075025
pw_169,gene_34,ctrl,6,106.53296719382121
pw_169,gene_34,ctrl,7,123.18912526255478
pw_169,gene_34,ctrl,8,177.79202451106775
pw_169,gene_34,treatment,1,170.99140929056452
pw_169,gene_34,treatment,2,102.63209255811037
pw_169,gene_34,treatment,3,157.28400706080222
pw_169,gene_34,treatment,4,87.87095150613118
pw_169,gene_34,treatment,5,97.64083932112565
pw_169,gene_34,treatment,6,159.123272262275
pw_169,gene_34,treatment,7,133.57463727869236
pw_169,gene_34,treatment,8,167.95333921250858
pw_170,gene_34,ctrl,1,128.66363647775356
pw_170,gene_34,ctrl,2,89.61515564948733
pw_170,gene_34,ctrl,3,73.75645319333623
pw_170,gene_34,ctrl,4,124.0957592408299
pw_170,gene_34,ctrl,5,154.78948563628944
pw_170,gene_34,ctrl,6,169.80755235908555
pw_170,gene_34,ctrl,7,189.8428722649032
pw_170,gene_34,ctrl,8,141.27189703529828
pw_170,gene_34,treatment,1,245.19282460270887
pw_170,gene_34,treatment,2,95.30868303873163
pw_170,gene_34,treatment,3,185.58543855385608
pw_170,gene_34,treatment,4,175.82887546761654
pw_170,gene_34,treatment,5,209.14560137828573
pw_170,gene_34,treatment,6,123.94862440911365
pw_170,gene_34,treatment,7,115.19589639876494
pw_170,gene_34,treatment,8,115.40845830101424
pw_171,gene_35,ctrl,1,225.7745206339847
pw_171,gene_35,ctrl,2,159.4602092375003
pw_171,gene_35,ctrl,3,260.8947598395382
pw_171,gene_35,ctrl,4,62.69420185478078
pw_171,gene_35,ctrl,5,187.4166706514051
pw_171,gene_35,ctrl,6,93.95129573971698
pw_171,gene_35,ctrl,7,198.53825755449176
pw_171,gene_35,ctrl,8,228.12366246122008
pw_171,gene_35,treatment,1,80.03487323540907
pw_171,gene_35,treatment,2,165.95623153727269
pw_171,gene_35,treatment,3,84.46213017114475
pw_171,gene_35,treatment,4,143.18951609259892
pw_171,gene_35,treatment,5,69.40981973785816
pw_171,gene_35,treatment,6,191.71103076588275
pw_171,gene_35,treatment,7,171.08873009383893
pw_171,gene_35,treatment,8,102.40618811599661
pw_172,gene_35,ctrl,1,130.88502713554837
pw_172,gene_35,ctrl,2,176.40749729576376
pw_172,gene_35,ctrl,3,181.32293871027161
pw_172,gene_35,ctrl,4,60.4563540357322
pw_172,gene_35,ctrl,5,236.16309676861508
pw_172,gene_35,ctrl,6,185.90630556428926
pw_172,gene_35,ctrl,7,110.81331353009794
pw_172,gene_35,ctrl,8,278.6261061796704
pw_172,gene_35,treatment,1,230.45609776269868
pw_172,gene_35,treatment,2,130.32513451414025
pw_172,gene_35,treatment,3,244.84178875721219
pw_172,gene_35,treatment,4,213.92400115486046
pw_172,gene_35,treatment,5,174.34628371012053
pw_172,gene_35,treatment,6,87.80771807866712
pw_172,gene_35,treatment,7,144.19568546182086
pw_172,gene_35,treatment,8,108.35146248522123
pw_173,gene_35,ctrl,1,24.222193028840223
pw_173,gene_35,ctrl,2,55.90292744762403
pw_173,gene_35,ctrl,3,47.825874458077614
pw_173,gene_35,ctrl,4,52.51976851847659
pw_173,gene_35,ctrl,5,37.71793888477132
pw_173,gene_35,ctrl,6,41.77106291016953
pw_173,gene_35,ctrl,7,32.291627828382254
pw_173,gene_35,ctrl,8,24.014997824396005
pw_173,gene_35,treatment,1,51.25915837723746
pw_173,gene_35,treatment,2,40.28935388673507
pw_173,gene_35,treatment,3,40.00000123539844
pw_173,gene_35,treatment,4,39.820011144299905
pw_173,gene_35,treatment,5,76.27012656554066
pw_173,gene_35,treatment,6,23.179751064054816
pw_173,gene_35,treatment,7,48.3082588341578
pw_173,gene_35,treatment,8,36.87774501455507
pw_174,gene_35,ctrl,1,50.65036402380717
pw_174,gene_35,ctrl,2,104.26266230656202
pw_174,gene_35,ctrl,3,31.62312108512928
pw_174,gene_35,ctrl,4,17.957321843484287
pw_174,gene_35,ctrl,5,45.30309127510777
pw_174,gene_35,ctrl,6,38.29573322203305
pw_174,gene_35,ctrl,7,48.695769321056076
pw_174,gene_35,ctrl,8,48.944905270023156
pw_174,gene_35,treatment,1,58.4724217835653
pw_174,gene_35,treatment,2,31.994037990295784
pw_174,gene_35,treatment,3,38.83110423217806
pw_174,gene_35,treatment,4,62.1224419323477
pw_174,gene_35,treatment,5,39.58558257542786
pw_174,gene_35,treatment,6,28.290158776553646
pw_174,gene_35,treatment,7,65.56576911871706
pw_174,gene_35,treatment,8,38.530241186863336
pw_175,gene_35,ctrl,1,185.27329905547194
pw_175,gene_35,ctrl,2,74.43224473772825
pw_175,gene_35,ctrl,3,149.99388254250024
pw_175,gene_35,ctrl,4,113.56559595342483
pw_175,gene_35,ctrl,5,175.26228935617146
pw_175,gene_35,ctrl,6,167.85259625770718
pw_175,gene_35,ctrl,7,255.01812083171555
pw_175,gene_35,ctrl,8,250.44231109612747
pw_175,gene_35,treatment,1,137.83808321112457
pw_175,gene_35,treatment,2,138.85134808463417
pw_175,gene_35,treatment,3,178.03491822566383
pw_175,gene_35,treatment,4,174.14116419758105
pw_175,gene_35,treatment,5,157.0363365377479
pw_175,gene_35,treatment,6,71.9560795140774
pw_175,gene_35,treatment,7,129.4632987085752
pw_175,gene_35,treatment,8,115.9092862302703
pw_176,gene_36,ctrl,1,55.696703231867296
pw_176,gene_36,ctrl,2,115.03104656903662
pw_176,gene_36,ctrl,3,73.61257798740968
pw_176,gene_36,ctrl,4,98.57819771806932
pw_176,gene_36,ctrl,5,92.44688475297397
pw_176,gene_36,ctrl,6,119.4393903829073
pw_176,gene_36,ctrl,7,139.82056417024313
pw_176,gene_36,ctrl,8,65.67340520644186
pw_176,gene_36,treatment,1,180.95634928465591
pw_176,gene_36,treatment,2,190.1358704342699
pw_176,gene_36,treatment,3,76.24570091965391
pw_176,gene_36,treatment,4,163.41632852638043
pw_176,gene_36,treatment,5,69.51781861086408
pw_176,gene_36,treatment,6,103.22481610849684
pw_176,gene_36,treatment,7,67.91085431643859
pw_176,gene_36,treatment,8,72.2653169033466
pw_177,gene_36,ctrl,1,38.78671380053885
pw_177,gene_36,ctrl,2,62.17577580304596
pw_177,gene_36,ctrl,3,117.63864435721324
pw_177,gene_36,ctrl,4,109.40131723195506
pw_177,gene_36,ctrl,5,81.83299550225574
pw_177,gene_36,ctrl,6,84.14762335427875
pw_177,gene_36,ctrl,7,60.49561462260245
pw_177,gene_36,ctrl,8,62.867418205947864
pw_177,gene_36,treatment,1,23.840397702025303
pw_177,gene_36,treatment,2,38.0136383663986
pw_177,gene_36,treatment,3,69.22566471921076
pw_177,gene_36,treatment,4,33.375388683904575
pw_177,gene_36,treatment,5,117.12685938266857
pw_177,gene_36,treatment,6,127.68297318877016
pw_177,gene_36,treatment,7,78.28398688165213
pw_177,gene_36,treatment,8,118.71977308573906
pw_178,gene_36,ctrl,1,43.2518778423919
pw_178,gene_36,ctrl,2,91.97287606376327
pw_178,gene_36,ctrl,3,61.73582255007874
pw_178,gene_36,ctrl,4,76.0276585586105
pw_178,gene_36,ctrl,5,26.088015619409255
pw_178,gene_36,ctrl,6,137.955905006279
pw_178,gene_36,ctrl,7,68.63983848522123
pw_178,gene_36,ctrl,8,37.14182605964124
pw_178,gene_36,treatment,1,113.71846795757452
pw_178,gene_36,treatment,2,61.17405627884558
pw_178,gene_36,treatment,3,92.86812047412893
pw_178,gene_36,treatment,4,65.58952514027489
pw_178,gene_36,treatment,5,35.87851445146463
pw_178,gene_36,treatment,6,74.40855005486353
pw_178,gene_36,treatment,7,101.16345580440296
pw_178,gene_36,treatment,8,131.2272078077516
pw_179,gene_36,ctrl,1,202.73348046418212
pw_179,gene_36,ctrl,2,224.98471879909923
pw_179,gene_36,ctrl,3,119.07834714202627
pw_179,gene_36,ctrl,4,147.54253727333736
pw_179,gene_36,ctrl,5,225.97125149186328
pw_179,gene_36,ctrl,6,266.12951971278034
pw_179,gene_36,ctrl,7,134.7963923339824
pw_179,gene_36,ctrl,8,154.78584899224228
pw_179,gene_36,treatment,1,255.70608400299938
pw_179,gene_36,treatment,2,180.73552154484977
pw_179,gene_36,treatment,3,223.45030238194468
pw_179,gene_36,treatment,4,238.83019936583503
pw_179,gene_36,treatment,5,178.24914860556515
pw_179,gene_36,treatment,6,265.269829681629
pw_179,gene_36,treatment,7,154.47511339299524
pw_179,gene_36,treatment,8,115.96818743143845
pw_180,gene_36,ctrl,1,47.31537052769734
pw_180,gene_36,ctrl,2,62.5269065268082
pw_180,gene_36,ctrl,3,35.176643747439016
pw_180,gene_36,ctrl,4,113.33789407431857
pw_180,gene_36,ctrl,5,70.67639610341612
pw_180,gene_36,ctrl,6,84.15722782757408
pw_180,gene_36,ctrl,7,86.19330371398465
pw_180,gene_36,ctrl,8,135.58868458060834
pw_180,gene_36,treatment,1,50.8094327754338
pw_180,gene_36,treatment,2,28.09199545150828
pw_180,gene_36,treatment,3,61.77996918133946
pw_180,gene_36,treatment,4,41.33671501892337
pw_180,gene_36,treatment,5,107.66144308525875
pw_180,gene_36,treatment,6,78.1735585832097
pw_180,gene_36,treatment,7,37.944757804574756
pw_180,gene_36,treatment,8,90.0991129946578
pw_181,gene_37,ctrl,1,45.76429737721895
pw_181,gene_37,ctrl,2,65.7232025636359
pw_181,gene_37,ctrl,3,79.96576196683611
pw_181,gene_37,ctrl,4,51.110874172360546
pw_181,gene_37,ctrl,5,75.70651074578437
pw_181,gene_37,ctrl,6,79.38162115851767
pw_181,gene_37,ctrl,7,72.93571195808717
pw_181,gene_37,ctrl,8,62.65343363033006
pw_181,gene_37,treatment,1,65.61164740973814
pw_181,gene_37,treatment,2,40.47319056109064
pw_181,gene_37,treatment,3,71.74209186970351
pw_181,gene_37,treatment,4,63.00878205941606
pw_181,gene_37,treatment,5,106.17232460856445
pw_181,gene_37,treatment,6,43.93736295651283
pw_181,gene_37,treatment,7,54.035696549545385
pw_181,gene_37,treatment,8,70.89570675033784
pw_182,gene_37,ctrl,1,153.32556093239785
pw_182,gene_37,ctrl,2,139.31877904905488
pw_182,gene_37,ctrl,3,95.58587766242232
pw_182,gene_37,ctrl,4,89.7943217266452
pw_182,gene_37,ctrl,5,87.86264886373223
pw_182,gene_37,ctrl,6,164.39595282164618
pw_182,gene_37,ctrl,7,84.52647541666379
pw_182,gene_37,ctrl,8,132.01716438388277
pw_182,gene_37,treatment,1,61.60487320550821
pw_182,gene_37,treatment,2,142.13462017749572
pw_182,gene_37,treatment,3,131.16500295163092
pw_182,gene_37,treatment,4,161.56439094292503
pw_182,gene_37,treatment,5,160.88954711781938
pw_182,gene_37,treatment,6,151.8660515202938
pw_182,gene_37,treatment,7,77.20353763117247
pw_182,gene_37,treatment,8,49.32859062794456
pw_183,gene_37,ctrl,1,43.70582715509937
pw_183,gene_37,ctrl,2,37.52226333651029
pw_183,gene_37,ctrl,3,49.30409006913292
pw_183,gene_37,ctrl,4,109.96057448116035
pw_183,gene_37,ctrl,5,62.03843721820049
pw_183,gene_37,ctrl,6,86.04027114508985
pw_183,gene_37,ctrl,7,55.954888996462444
pw_183,gene_37,ctrl,8,32.64390734449139
pw_183,gene_37,treatment,1,73.70637588459621
pw_183,gene_37,treatment,2,47.55945879798996
pw_183,gene_37,treatment,3,45.04050254105487
pw_183,gene_37,treatment,4,100.09563462725097
pw_183,gene_37,treatment,5,63.615042037474176
pw_183,gene_37,treatment,6,37.513075531434055
pw_183,gene_37,treatment,7,42.81856838306486
pw_183,gene_37,treatment,8,28.45561714516322
pw_184,gene_37,ctrl,1,77.26326081074802
pw_184,gene_37,ctrl,2,126.94357878921402
pw_184,gene_37,ctrl,3,162.30192352013367
pw_184,gene_37,ctrl,4,100.56115278450453
pw_184,gene_37,ctrl,5,20.141921452273174
pw_184,gene_37,ctrl,6,42.73029852351835
pw_184,gene_37,ctrl,7,51.71843783706473
pw_184,gene_37,ctrl,8,63.04929804044241
pw_184,gene_37,treatment,1,44.01434084477901
pw_184,gene_37,treatment,2,89.72650370548372
pw_184,gene_37,treatment,3,53.313199093643554
pw_184,gene_37,treatment,4,88.66724208124312
pw_184,gene_37,treatment,5,29.64973200570449
pw_184,gene_37,treatment,6,78.42177570369829
pw_184,gene_37,treatment,7,56.09816929989099
pw_184,gene_37,treatment,8,106.62300951987845
pw_185,gene_37,ctrl,1,83.11336434624704
pw_185,gene_37,ctrl,2,53.32345318322062
pw_185,gene_37,ctrl,3,59.85459687533692
pw_185,gene_37,ctrl,4,73.38468709576503
pw_185,gene_37,ctrl,5,76.52267776275933
pw_185,gene_37,ctrl,6,96.72285677510266
pw_185,gene_37,ctrl,7,98.93283918258231
pw_185,gene_37,ctrl,8,57.898472797290694
pw_185,gene_37,treatment,1,97.93983684767426
pw_185,gene_37,treatment,2,84.32081308570169
pw_185,gene_37,treatment,3,117.50309690668955
pw_185,gene_37,treatment,4,101.05980523405718
pw_185,gene_37,treatment,5,104.31952080115506
pw_185,gene_37,treatment,6,103.87662555751977
pw_185,gene_37,treatment,7,99.16358459215186
pw_185,gene_37,treatment,8,66.75105968768224
pw_186,gene_38,ctrl,1,125.26106201802168
pw_186,gene_38,ctrl,2,88.63591953797122
pw_186,gene_38,ctrl,3,124.47554846294197
pw_186,gene_38,ctrl,4,119.34006039321807
pw_186,gene_38,ctrl,5,150.0412733737786
pw_186,gene_38,ctrl,6,166.98847092574994
pw_186,gene_38,ctrl,7,167.38097143194952
pw_186,gene_38,ctrl,8,105.52926360990577
pw_186,gene_38,treatment,1,132.05315227666344
pw_186,gene_38,treatment,2,172.52346345968056
pw_186,gene_38,treatment,3,72.5717400277371
pw_186,gene_38,treatment,4,62.110070121847436
pw_186,gene_38,treatment,5,234.52269958648182
pw_186,gene_38,treatment,6,78.27254067099426
pw_186,gene_38,treatment,7,88.77341906747274
pw_186,gene_38,treatment,8,66.45352626474062
pw_187,gene_38,ctrl,1,57.60773966907385
pw_187,gene_38,ctrl,2,170.24132158726502
pw_187,gene_38,ctrl,3,97.73260365031291
pw_187,gene_38,ctrl,4,115.15644711941488
pw_187,gene_38,ctrl,5,64.308898746053
pw_187,gene_38,ctrl,6,109.99802887833238
pw_187,gene_38,ctrl,7,150.76249273435926
pw_187,gene_38,ctrl,8,110.4703047745477
pw_187,gene_38,treatment,1,43.56602637179776
pw_187,gene_38,treatment,2,34.99993282753725
pw_187,gene_38,treatment,3,54.66514660747783
pw_187,gene_38,treatment,4,78.58427808509069
pw_187,gene_38,treatment,5,90.21074306525146
pw_187,gene_38,treatment,6,206.0058061777781
pw_187,gene_38,treatment,7,73.27982112229694
pw_187,gene_38,treatment,8,128.46898182762231
pw_188,gene_38,ctrl,1,115.2348382406068
pw_188,gene_38,ctrl,2,50.40881782009603
pw_188,gene_38,ctrl,3,145.56644843549964
pw_188,gene_38,ctrl,4,116.84652763003957
pw_188,gene_38,ctrl,5,132.60628028351394
pw_188,gene_38,ctrl,6,72.22521378359376
pw_188,gene_38,ctrl,7,48.837048949587896
pw_188,gene_38,ctrl,8,61.433940138244
pw_188,gene_38,treatment,1,98.68767964517406
pw_188,gene_38,treatment,2,120.53794406918645
pw_188,gene_38,treatment,3,100.36776789825362
pw_188,gene_38,treatment,4,82.06086891174395
pw_188,gene_38,treatment,5,93.60966703584084
pw_188,gene_38,treatment,6,185.43988567403375
pw_188,gene_38,treatment,7,47.509562987654355
pw_188,gene_38,treatment,8,127.9079065525115
pw_189,gene_38,ctrl,1,35.28143716500322
pw_189,gene_38,ctrl,2,30.386708795310895
pw_189,gene_38,ctrl,3,21.78521709402564
pw_189,gene_38,ctrl,4,55.58384163863695
pw_189,gene_38,ctrl,5,34.599114138311435
pw_189,gene_38,ctrl,6,91.49015174925438
pw_189,gene_38,ctrl,7,70.48719306334209
pw_189,gene_38,ctrl,8,43.24004842698461
pw_189,gene_38,treatment,1,72.78134648287265
pw_189,gene_38,treatment,2,44.12974865222911
pw_189,gene_38,treatment,3,42.983746330211495
pw_189,gene_38,treatment,4,68.05171653345867
pw_189,gene_38,treatment,5,65.78251451198683
pw_189,gene_38,treatment,6,47.19068395576864
pw_189,gene_38,treatment,7,28.132852313670778
pw_189,gene_38,treatment,8,55.99414741830245
pw_190,gene_38,ctrl,1,70.20426202016546
pw_190,gene_38,ctrl,2,41.52592934894232
pw_190,gene_38,ctrl,3,61.21394495923884
pw_190,gene_38,ctrl,4,76.39356735123795
pw_190,gene_38,ctrl,5,70.85349455603291
pw_190,gene_38,ctrl,6,34.40295329168062
pw_190,gene_38,ctrl,7,89.79614747438009
pw_190,gene_38,ctrl,8,56.36247318540488
pw_190,gene_38,treatment,1,66.71475810517894
pw_190,gene_38,treatment,2,78.4451078361586
pw_190,gene_38,treatment,3,106.94989386419644
pw_190,gene_38,treatment,4,55.54852091626042
pw_190,gene_38,treatment,5,52.81220366455935
pw_190,gene_38,treatment,6,49.27393307783404
pw_190,gene_38,treatment,7,34.57847185058239
pw_190,gene_38,treatment,8,39.27474750030699
pw_191,gene_39,ctrl,1,94.11382144983455
pw_191,gene_39,ctrl,2,62.13129165054082
pw_191,gene_39,ctrl,3,59.175839706189606
pw_191,gene_39,ctrl,4,90.64062959021165
pw_191,gene_39,ctrl,5,63.69793819508499
pw_191,gene_39,ctrl,6,77.18087880063666
pw_191,gene_39,ctrl,7,74.91106696520744
pw_191,gene_39,ctrl,8,59.21068357558571
pw_191,gene_39,treatment,1,72.85555436701844
pw_191,gene_39,treatment,2,88.82132742931057
pw_191,gene_39,treatment,3,57.45808384796459
pw_191,gene_39,treatment,4,45.055346679665945
pw_191,gene_39,treatment,5,45.24892308003039
pw_191,gene_39,treatment,6,96.89758591290116
pw_191,gene_39,treatment,7,50.59298908213273
pw_191,gene_39,treatment,8,79.42081002638123
pw_192,gene_39,ctrl,1,77.1318524833181
pw_192,gene_39,ctrl,2,74.37134536452848
pw_192,gene_39,ctrl,3,85.72940394011982
pw_192,gene_39,ctrl,4,81.35032753291998
pw_192,gene_39,ctrl,5,27.79136915818694
pw_192,gene_39,ctrl,6,127.49965217439151
pw_192,gene_39,ctrl,7,94.82168523248555
pw_192,gene_39,ctrl,8,81.1268266706366
pw_192,gene_39,treatment,1,96.65813650940771
pw_192,gene_39,treatment,2,60.806217280809065
pw_192,gene_39,treatment,3,65.56657738652352
pw_192,gene_39,treatment,4,100.30056459187652
pw_192,gene_39,treatment,5,85.58261277691707
pw_192,gene_39,treatment,6,93.19296043062975
pw_192,gene_39,treatment,7,91.80980555474005
pw_192,gene_39,treatment,8,139.9500717670589
pw_193,gene_39,ctrl,1,102.30542510970604
pw_193,gene_39,ctrl,2,95.61310836513123
pw_193,gene_39,ctrl,3,117.99226403649618
pw_193,gene_39,ctrl,4,139.11729830435596
pw_193,gene_39,ctrl,5,67.83387499345525
pw_193,gene_39,ctrl,6,47.098471102194694
pw_193,gene_39,ctrl,7,143.30917631910629
pw_193,gene_39,ctrl,8,51.199163295033024
pw_193,gene_39,treatment,1,49.6968842853839
pw_193,gene_39,treatment,2,126.22232969768692
pw_193,gene_39,treatment,3,150.02306767249624
pw_193,gene_39,treatment,4,121.65070203214431
pw_193,gene_39,treatment,5,143.81735497163348
pw_193,gene_39,treatment,6,146.38518281559774
pw_193,gene_39,treatment,7,85.37790981778323
pw_193,gene_39,treatment,8,86.64762416040259
pw_194,gene_39,ctrl,1,119.31155432701642
pw_194,gene_39,ctrl,2,81.80842695457605
pw_194,gene_39,ctrl,3,76.7044222184057
pw_194,gene_39,ctrl,4,36.341174003528934
pw_194,gene_39,ctrl,5,19.294786151833403
pw_194,gene_39,ctrl,6,63.39365018166548
pw_194,gene_39,ctrl,7,69.43329216200672
pw_194,gene_39,ctrl,8,141.7746100804855
pw_194,gene_39,treatment,1,73.03934776016342
pw_194,gene_39,treatment,2,51.5980994280604
pw_194,gene_39,treatment,3,37.020465638886144
pw_194,gene_39,treatment,4,85.39879586416212
pw_194,gene_39,treatment,5,44.52603329421016
pw_194,gene_39,treatment,6,80.03956470078403
pw_194,gene_39,treatment,7,31.53331935303845
pw_194,gene_39,treatment,8,93.91127484527401
pw_195,gene_39,ctrl,1,55.378987521442184
pw_195,gene_39,ctrl,2,44.10097233391702
pw_195,gene_39,ctrl,3,62.947056737199624
pw_195,gene_39,ctrl,4,37.47879978864295
pw_195,gene_39,ctrl,5,53.48514328283366
pw_195,gene_39,ctrl,6,41.27248800079602
pw_195,gene_39,ctrl,7,119.24678519547696
pw_195,gene_39,ctrl,8,47.16075386399502
pw_195,gene_39,treatment,1,33.8382520322952
pw_195,gene_39,treatment,2,54.40607139433393
pw_195,gene_39,treatment,3,33.33909674832924
pw_195,gene_39,treatment,4,66.46723122750363
pw_195,gene_39,treatment,5,22.185101585939616
pw_195,gene_39,treatment,6,39.216653061957864
pw_195,gene_39,treatment,7,111.7963767077583
pw_195,gene_39,treatment,8,91.51049336397041
pw_196,gene_40,ctrl,1,7.587703085254558
pw_196,gene_40,ctrl,2,62.5749861639718
pw_196,gene_40,ctrl,3,66.09549322526074
pw_196,gene_40,ctrl,4,62.762585963278354
pw_196,gene_40,ctrl,5,53.53435541542383
pw_196,gene_40,ctrl,6,47.30496348605303
pw_196,gene_40,ctrl,7,31.725953264558488
pw_196,gene_40,ctrl,8,34.745562078929154
pw_196,gene_40,treatment,1,24.53165352983199
pw_196,gene_40,treatment,2,41.92450708872084
pw_196,gene_40,treatment,3,22.829860508626158
pw_196,gene_40,treatment,4,19.730353341485305
pw_196,gene_40,treatment,5,32.424798305158184
pw_196,gene_40,treatment,6,40.558655126735026
pw_196,gene_40,treatment,7,12.652711972025415
pw_196,gene_40,treatment,8,47.21663651937732
pw_197,gene_40,ctrl,1,57.771127301427256
pw_197,gene_40,ctrl,2,38.92129892944937
pw_197,gene_40,ctrl,3,42.69746241944287
pw_197,gene_40,ctrl,4,36.003712512834255
pw_197,gene_40,ctrl,5,72.64443433365518
pw_197,gene_40,ctrl,6,24.498996476326134
pw_197,gene_40,ctrl,7,52.442867711846986
pw_197,gene_40,ctrl,8,31.77322685530606
pw_197,gene_40,treatment,1,35.34394457814395
pw_197,gene_40,treatment,2,74.33876597755469
pw_197,gene_40,treatment,3,14.472446598157822
pw_197,gene_40,treatment,4,33.66125851777433
pw_197,gene_40,treatment,5,26.213574907390647
pw_197,gene_40,treatment,6,75.75112363092254
pw_197,gene_40,treatment,7,36.17989888750202
pw_197,gene_40,treatment,8,31.44123365556908
pw_198,gene_40,ctrl,1,54.482155289185734
pw_198,gene_40,ctrl,2,71.59391806128471
pw_198,gene_40,ctrl,3,73.98658111709963
pw_198,gene_40,ctrl,4,42.58568562188713
pw_198,gene_40,ctrl,5,67.93039606673574
pw_198,gene_40,ctrl,6,56.08754400257966
pw_198,gene_40,ctrl,7,17.166657475535942
pw_198,gene_40,ctrl,8,66.99790810065389
pw_198,gene_40,treatment,1,50.50714960237345
pw_198,gene_40,treatment,2,83.83040285197863
pw_198,gene_40,treatment,3,52.8561264792501
pw_198,gene_40,treatment,4,107.21357367980612
pw_198,gene_40,treatment,5,84.49021143980168
pw_198,gene_40,treatment,6,44.56483926216116
pw_198,gene_40,treatment,7,72.9606229590725
pw_198,gene_40,treatment,8,59.66650961806651
pw_199,gene_40,ctrl,1,35.91075130947777
pw_199,gene_40,ctrl,2,72.46745226586086
pw_199,gene_40,ctrl,3,42.5538939984175
pw_199,gene_40,ctrl,4,22.221612813484704
pw_199,gene_40,ctrl,5,108.8223849442499
pw_199,gene_40,ctrl,6,40.194505628182895
pw_199,gene_40,ctrl,7,15.655193656661185
pw_199,gene_40,ctrl,8,65.6892512518866
pw_199,gene_40,treatment,1,54.72570675154311
pw_199,gene_40,treatment,2,49.85105606462737
pw_199,gene_40,treatment,3,40.090784609625466
pw_199,gene_40,treatment,4,28.269547280953706
pw_199,gene_40,treatment,5,55.92617837636514
pw_199,gene_40,treatment,6,51.220492312214965
pw_199,gene_40,treatment,7,50.32195963500302
pw_199,gene_40,treatment,8,32.674075101237186
pw_200,gene_40,ctrl,1,434.3615732190333
pw_200,gene_40,ctrl,2,98.06594838959485
pw_200,gene_40,ctrl,3,94.2946012127752
pw_200,gene_40,ctrl,4,228.26347187994776
pw_200,gene_40,ctrl,5,123.1636034244145
pw_200,gene_40,ctrl,6,107.55789938300511
pw_200,gene_40,ctrl,7,124.81796669577467
pw_200,gene_40,ctrl,8,176.598477397861
pw_200,gene_40,treatment,1,139.86733634992535
pw_200,gene_40,treatment,2,92.06847526503091
pw_200,gene_40,treatment,3,154.51032956045134
pw_200,gene_40,treatment,4,243.83805799407406
pw_200,gene_40,treatment,5,139.99381613718637
pw_200,gene_40,treatment,6,224.17968918796177
pw_200,gene_40,treatment,7,167.8651881881164
pw_200,gene_40,treatment,8,157.35720563032487
