peptide,gene_id,treatment,timepoint,bio_rep,abundance
pep_0001,gene_001,ctrl,0h,1,117.01933511819102
pep_0001,gene_001,ctrl,0h,2,53.153274131181725
pep_0001,gene_001,ctrl,0h,3,64.41732460415675
pep_0001,gene_001,ctrl,0h,4,199.81373862535906
pep_0001,gene_001,ctrl,0h,5,159.6284882398728
pep_0001,gene_001,ctrl,0h,6,109.26979970274228
pep_0001,gene_001,ctrl,24h,1,103.10696181012112
pep_0001,gene_001,ctrl,24h,2,107.7789394167913
pep_0001,gene_001,ctrl,24h,3,81.12773033292206
pep_0001,gene_001,ctrl,24h,4,114.96218380359245
pep_0001,gene_001,ctrl,24h,5,102.57431068781281
pep_0001,gene_001,ctrl,24h,6,111.28404097478254
pep_0001,gene_001,ctrl,6h,1,181.34129643107906
pep_0001,gene_001,ctrl,6h,2,56.66563457942854
pep_0001,gene_001,ctrl,6h,3,171.33067202988255
pep_0001,gene_001,ctrl,6h,4,90.54765235432731
pep_0001,gene_001,ctrl,6h,5,92.84459535323114
pep_0001,gene_001,ctrl,6h,6,137.21008478444486
pep_0001,gene_001,drug,0h,1,111.04767288134543
pep_0001,gene_001,drug,0h,2,133.82662691276812
pep_0001,gene_001,drug,0h,3,64.15561664270886
pep_0001,gene_001,drug,0h,4,64.74709940011583
pep_0001,gene_001,drug,0h,5,152.24339551075337
pep_0001,gene_001,drug,0h,6,111.11704261076159
pep_0001,gene_001,drug,24h,1,173.9527019604786
pep_0001,gene_001,drug,24h,2,308.21718929561877
pep_0001,gene_001,drug,24h,3,440.98055379460646
pep_0001,gene_001,drug,24h,4,337.8179984174997
pep_0001,gene_001,drug,24h,5,885.9175387760881
pep_0001,gene_001,drug,24h,6,579.3816874591641
pep_0001,gene_001,drug,6h,1,82.78159596075677
pep_0001,gene_001,drug,6h,2,65.17217319500367
pep_0001,gene_001,drug,6h,3,84.94905305163701
pep_0001,gene_001,drug,6h,4,109.04970993370974
pep_0001,gene_001,drug,6h,5,151.3262828140388
pep_0001,gene_001,drug,6h,6,81.80487029247173
pep_0002,gene_001,ctrl,0h,1,189.2244707634114
pep_0002,gene_001,ctrl,0h,2,53.50441038214583
pep_0002,gene_001,ctrl,0h,3,110.49215873920376
pep_0002,gene_001,ctrl,0h,4,55.50582982576854
pep_0002,gene_001,ctrl,0h,5,53.82717778956096
pep_0002,gene_001,ctrl,0h,6,64.24054382420381
pep_0002,gene_001,ctrl,24h,1,99.93746437909512
pep_0002,gene_001,ctrl,24h,2,45.187889976977914
pep_0002,gene_001,ctrl,24h,3,59.364758324054584
pep_0002,gene_001,ctrl,24h,4,98.382503331287
pep_0002,gene_001,ctrl,24h,5,65.05573847713198
pep_0002,gene_001,ctrl,24h,6,63.961193461296965
pep_0002,gene_001,ctrl,6h,1,53.983435689578705
pep_0002,gene_001,ctrl,6h,2,28.077469514942035
pep_0002,gene_001,ctrl,6h,3,51.04664269286605
pep_0002,gene_001,ctrl,6h,4,78.3829510603571
pep_0002,gene_001,ctrl,6h,5,106.8178319821616
pep_0002,gene_001,ctrl,6h,6,125.9633201761645
pep_0002,gene_001,drug,0h,1,62.25644899561601
pep_0002,gene_001,drug,0h,2,113.49135690610473
pep_0002,gene_001,drug,0h,3,74.43402305065858
pep_0002,gene_001,drug,0h,4,55.89600954294016
pep_0002,gene_001,drug,0h,5,81.24729551748634
pep_0002,gene_001,drug,0h,6,70.19008983617984
pep_0002,gene_001,drug,24h,1,321.2782338512834
pep_0002,gene_001,drug,24h,2,114.70827623106348
pep_0002,gene_001,drug,24h,3,333.15187398651
pep_0002,gene_001,drug,24h,4,271.24240898279436
pep_0002,gene_001,drug,24h,5,351.38850022458365
pep_0002,gene_001,drug,24h,6,264.32775967459196
pep_0002,gene_001,drug,6h,1,69.33415399549199
pep_0002,gene_001,drug,6h,2,62.852077701420924
pep_0002,gene_001,drug,6h,3,44.38402411929264
pep_0002,gene_001,drug,6h,4,80.25253794637939
pep_0002,gene_001,drug,6h,5,84.92186171409296
pep_0002,gene_001,drug,6h,6,75.90872321321416
pep_0003,gene_001,ctrl,0h,1,60.64519641383634
pep_0003,gene_001,ctrl,0h,2,44.88619014280541
pep_0003,gene_001,ctrl,0h,3,57.24854974856053
pep_0003,gene_001,ctrl,0h,4,12.882638908995922
pep_0003,gene_001,ctrl,0h,5,72.15860748204558
pep_0003,gene_001,ctrl,0h,6,28.01710344269995
pep_0003,gene_001,ctrl,24h,1,87.41882250227613
pep_0003,gene_001,ctrl,24h,2,69.04216045698062
pep_0003,gene_001,ctrl,24h,3,62.16531692239406
pep_0003,gene_001,ctrl,24h,4,39.89850235096725
pep_0003,gene_001,ctrl,24h,5,65.49669515166538
pep_0003,gene_001,ctrl,24h,6,33.502572762428365
pep_0003,gene_001,ctrl,6h,1,11.912454653498767
pep_0003,gene_001,ctrl,6h,2,26.48134522298105
pep_0003,gene_001,ctrl,6h,3,24.403283726369597
pep_0003,gene_001,ctrl,6h,4,61.70465736478151
pep_0003,gene_001,ctrl,6h,5,41.68495569228584
pep_0003,gene_001,ctrl,6h,6,75.02045807373781
pep_0003,gene_001,drug,0h,1,48.24480843175503
pep_0003,gene_001,drug,0h,2,23.275385059259335
pep_0003,gene_001,drug,0h,3,68.23728522455119
pep_0003,gene_001,drug,0h,4,38.5332670681752
pep_0003,gene_001,drug,0h,5,63.82558361997309
pep_0003,gene_001,drug,0h,6,28.52040023903036
pep_0003,gene_001,drug,24h,1,235.5266967252221
pep_0003,gene_001,drug,24h,2,238.67260018989086
pep_0003,gene_001,drug,24h,3,228.86627066193626
pep_0003,gene_001,drug,24h,4,211.51383549625447
pep_0003,gene_001,drug,24h,5,120.91133358116073
pep_0003,gene_001,drug,24h,6,137.54116727053838
pep_0003,gene_001,drug,6h,1,31.056776011395662
pep_0003,gene_001,drug,6h,2,39.9611597451196
pep_0003,gene_001,drug,6h,3,72.50338021747962
pep_0003,gene_001,drug,6h,4,38.92363923728235
pep_0003,gene_001,drug,6h,5,40.39392563317752
pep_0003,gene_001,drug,6h,6,28.30816614695007
pep_0004,gene_001,ctrl,0h,1,68.09368670842605
pep_0004,gene_001,ctrl,0h,2,60.48073251629124
pep_0004,gene_001,ctrl,0h,3,72.23296678269097
pep_0004,gene_001,ctrl,0h,4,81.29903197619484
pep_0004,gene_001,ctrl,0h,5,84.25611893783483
pep_0004,gene_001,ctrl,0h,6,120.5994581213965
pep_0004,gene_001,ctrl,24h,1,78.09525328927054
pep_0004,gene_001,ctrl,24h,2,92.09237571831326
pep_0004,gene_001,ctrl,24h,3,130.13203614928722
pep_0004,gene_001,ctrl,24h,4,141.5919042989038
pep_0004,gene_001,ctrl,24h,5,86.27899004891113
pep_0004,gene_001,ctrl,24h,6,97.71957236727593
pep_0004,gene_001,ctrl,6h,1,199.05311545896134
pep_0004,gene_001,ctrl,6h,2,57.77099716638493
pep_0004,gene_001,ctrl,6h,3,63.21106606469106
pep_0004,gene_001,ctrl,6h,4,74.83698235113859
pep_0004,gene_001,ctrl,6h,5,73.95857522454678
pep_0004,gene_001,ctrl,6h,6,61.23671630050496
pep_0004,gene_001,drug,0h,1,73.9001333356582
pep_0004,gene_001,drug,0h,2,175.27468212602338
pep_0004,gene_001,drug,0h,3,83.20117578639996
pep_0004,gene_001,drug,0h,4,86.65721078278158
pep_0004,gene_001,drug,0h,5,45.43321603726729
pep_0004,gene_001,drug,0h,6,134.50241912966513
pep_0004,gene_001,drug,24h,1,364.8164930613795
pep_0004,gene_001,drug,24h,2,831.1041463748677
pep_0004,gene_001,drug,24h,3,331.2067404573643
pep_0004,gene_001,drug,24h,4,437.8490094321527
pep_0004,gene_001,drug,24h,5,356.01084406639734
pep_0004,gene_001,drug,24h,6,540.401366293892
pep_0004,gene_001,drug,6h,1,79.78225724264217
pep_0004,gene_001,drug,6h,2,60.86160040186263
pep_0004,gene_001,drug,6h,3,166.9570665574345
pep_0004,gene_001,drug,6h,4,72.67608038239958
pep_0004,gene_001,drug,6h,5,43.752630082281506
pep_0004,gene_001,drug,6h,6,47.09811185823573
pep_0005,gene_001,ctrl,0h,1,98.65051287566604
pep_0005,gene_001,ctrl,0h,2,84.77503963986824
pep_0005,gene_001,ctrl,0h,3,92.50399278637593
pep_0005,gene_001,ctrl,0h,4,60.02825195762802
pep_0005,gene_001,ctrl,0h,5,75.79997226884863
pep_0005,gene_001,ctrl,0h,6,98.90153188768608
pep_0005,gene_001,ctrl,24h,1,114.38057616995953
pep_0005,gene_001,ctrl,24h,2,85.34012193876138
pep_0005,gene_001,ctrl,24h,3,105.77792439107596
pep_0005,gene_001,ctrl,24h,4,51.78897848575779
pep_0005,gene_001,ctrl,24h,5,69.9212348766655
pep_0005,gene_001,ctrl,24h,6,112.41224170705598
pep_0005,gene_001,ctrl,6h,1,85.82552211100061
pep_0005,gene_001,ctrl,6h,2,95.81427208811499
pep_0005,gene_001,ctrl,6h,3,196.85412238593952
pep_0005,gene_001,ctrl,6h,4,80.36322917189887
pep_0005,gene_001,ctrl,6h,5,53.786949891797
pep_0005,gene_001,ctrl,6h,6,72.06419972294009
pep_0005,gene_001,drug,0h,1,72.72834959752326
pep_0005,gene_001,drug,0h,2,139.4166603094921
pep_0005,gene_001,drug,0h,3,95.35572568928788
pep_0005,gene_001,drug,0h,4,62.646748912558984
pep_0005,gene_001,drug,0h,5,71.18712860501181
pep_0005,gene_001,drug,0h,6,80.95805392452458
pep_0005,gene_001,drug,24h,1,252.612382589105
pep_0005,gene_001,drug,24h,2,526.0838447291899
pep_0005,gene_001,drug,24h,3,192.9705726561788
pep_0005,gene_001,drug,24h,4,456.5343461136708
pep_0005,gene_001,drug,24h,5,634.4842128292968
pep_0005,gene_001,drug,24h,6,328.5331820486006
pep_0005,gene_001,drug,6h,1,123.77461147161847
pep_0005,gene_001,drug,6h,2,90.67998079251213
pep_0005,gene_001,drug,6h,3,100.2921018082373
pep_0005,gene_001,drug,6h,4,70.19008087184274
pep_0005,gene_001,drug,6h,5,180.86617725826991
pep_0005,gene_001,drug,6h,6,47.55712165979634
pep_0006,gene_002,ctrl,0h,1,136.04065898504118
pep_0006,gene_002,ctrl,0h,2,86.37275292907314
pep_0006,gene_002,ctrl,0h,3,29.348427001530993
pep_0006,gene_002,ctrl,0h,4,75.90964207332283
pep_0006,gene_002,ctrl,0h,5,113.36191514436042
pep_0006,gene_002,ctrl,0h,6,30.929948107253125
pep_0006,gene_002,ctrl,24h,1,81.50761218118727
pep_0006,gene_002,ctrl,24h,2,79.35949608122023
pep_0006,gene_002,ctrl,24h,3,97.51035447810465
pep_0006,gene_002,ctrl,24h,4,75.72528863722205
pep_0006,gene_002,ctrl,24h,5,63.490791675355645
pep_0006,gene_002,ctrl,24h,6,136.172832183396
pep_0006,gene_002,ctrl,6h,1,110.08135107693376
pep_0006,gene_002,ctrl,6h,2,116.16075997700855
pep_0006,gene_002,ctrl,6h,3,85.02557922566206
pep_0006,gene_002,ctrl,6h,4,60.005314615380264
pep_0006,gene_002,ctrl,6h,5,110.74420536308301
pep_0006,gene_002,ctrl,6h,6,39.74475683031386
pep_0006,gene_002,drug,0h,1,27.133936888103047
pep_0006,gene_002,drug,0h,2,24.836076561417322
pep_0006,gene_002,drug,0h,3,63.496538600375615
pep_0006,gene_002,drug,0h,4,150.88790499150574
pep_0006,gene_002,drug,0h,5,82.21775631721036
pep_0006,gene_002,drug,0h,6,55.57921099723044
pep_0006,gene_002,drug,24h,1,623.8801336267574
pep_0006,gene_002,drug,24h,2,386.20763443876484
pep_0006,gene_002,drug,24h,3,109.34267505119644
pep_0006,gene_002,drug,24h,4,421.54036181994024
pep_0006,gene_002,drug,24h,5,356.46143843288945
pep_0006,gene_002,drug,24h,6,386.5360021795155
pep_0006,gene_002,drug,6h,1,83.37411710359058
pep_0006,gene_002,drug,6h,2,101.74154629562067
pep_0006,gene_002,drug,6h,3,37.705526756533175
pep_0006,gene_002,drug,6h,4,56.46084158956742
pep_0006,gene_002,drug,6h,5,82.7812749377791
pep_0006,gene_002,drug,6h,6,48.755485085472536
pep_0007,gene_002,ctrl,0h,1,163.24126006079925
pep_0007,gene_002,ctrl,0h,2,69.29944579301669
pep_0007,gene_002,ctrl,0h,3,76.98771987855612
pep_0007,gene_002,ctrl,0h,4,61.830527624087516
pep_0007,gene_002,ctrl,0h,5,67.85977530870946
pep_0007,gene_002,ctrl,0h,6,108.65508399723375
pep_0007,gene_002,ctrl,24h,1,60.30970792200041
pep_0007,gene_002,ctrl,24h,2,71.77259210231163
pep_0007,gene_002,ctrl,24h,3,62.32410913926156
pep_0007,gene_002,ctrl,24h,4,39.75316498900077
pep_0007,gene_002,ctrl,24h,5,80.9275495074627
pep_0007,gene_002,ctrl,24h,6,71.92534558566062
pep_0007,gene_002,ctrl,6h,1,148.58394369384976
pep_0007,gene_002,ctrl,6h,2,122.81857338966299
pep_0007,gene_002,ctrl,6h,3,117.22561721421131
pep_0007,gene_002,ctrl,6h,4,98.02147389037849
pep_0007,gene_002,ctrl,6h,5,67.21616228289034
pep_0007,gene_002,ctrl,6h,6,138.49612638124154
pep_0007,gene_002,drug,0h,1,64.87539967935969
pep_0007,gene_002,drug,0h,2,78.72781699190348
pep_0007,gene_002,drug,0h,3,85.92483798380174
pep_0007,gene_002,drug,0h,4,89.87489476681611
pep_0007,gene_002,drug,0h,5,160.9755249092988
pep_0007,gene_002,drug,0h,6,107.95722997011327
pep_0007,gene_002,drug,24h,1,361.6368552707506
pep_0007,gene_002,drug,24h,2,300.66542250754526
pep_0007,gene_002,drug,24h,3,415.6636335423452
pep_0007,gene_002,drug,24h,4,235.46816615664454
pep_0007,gene_002,drug,24h,5,301.4734258718266
pep_0007,gene_002,drug,24h,6,461.6717400299786
pep_0007,gene_002,drug,6h,1,99.09483554659627
pep_0007,gene_002,drug,6h,2,96.72646917944431
pep_0007,gene_002,drug,6h,3,97.05202071042967
pep_0007,gene_002,drug,6h,4,88.69997772106797
pep_0007,gene_002,drug,6h,5,79.433717438238
pep_0007,gene_002,drug,6h,6,101.0107136970453
pep_0008,gene_002,ctrl,0h,1,113.86345816976328
pep_0008,gene_002,ctrl,0h,2,102.06000086755196
pep_0008,gene_002,ctrl,0h,3,123.64259986455006
pep_0008,gene_002,ctrl,0h,4,146.4043830647798
pep_0008,gene_002,ctrl,0h,5,94.17519790092985
pep_0008,gene_002,ctrl,0h,6,93.98999909242742
pep_0008,gene_002,ctrl,24h,1,133.81627009227924
pep_0008,gene_002,ctrl,24h,2,120.96791714943276
pep_0008,gene_002,ctrl,24h,3,139.327074568472
pep_0008,gene_002,ctrl,24h,4,98.34027479319651
pep_0008,gene_002,ctrl,24h,5,73.68466550876926
pep_0008,gene_002,ctrl,24h,6,87.60469742661292
pep_0008,gene_002,ctrl,6h,1,157.83555385309134
pep_0008,gene_002,ctrl,6h,2,88.31510334838889
pep_0008,gene_002,ctrl,6h,3,107.62866655574032
pep_0008,gene_002,ctrl,6h,4,75.60364708706784
pep_0008,gene_002,ctrl,6h,5,71.96335164316879
pep_0008,gene_002,ctrl,6h,6,64.81978467156347
pep_0008,gene_002,drug,0h,1,62.11945045882153
pep_0008,gene_002,drug,0h,2,111.15169888122593
pep_0008,gene_002,drug,0h,3,78.31866722881125
pep_0008,gene_002,drug,0h,4,106.66941303189736
pep_0008,gene_002,drug,0h,5,78.32945127015056
pep_0008,gene_002,drug,0h,6,93.71240257835423
pep_0008,gene_002,drug,24h,1,115.84140519441989
pep_0008,gene_002,drug,24h,2,181.42602141381818
pep_0008,gene_002,drug,24h,3,500.7377391322556
pep_0008,gene_002,drug,24h,4,485.2240411325973
pep_0008,gene_002,drug,24h,5,502.2152675128259
pep_0008,gene_002,drug,24h,6,246.2314146971237
pep_0008,gene_002,drug,6h,1,82.64772318193552
pep_0008,gene_002,drug,6h,2,84.39180483391915
pep_0008,gene_002,drug,6h,3,109.32448027517633
pep_0008,gene_002,drug,6h,4,123.09335067726732
pep_0008,gene_002,drug,6h,5,84.90455714044826
pep_0008,gene_002,drug,6h,6,47.77856119497253
pep_0009,gene_002,ctrl,0h,1,71.67047547120796
pep_0009,gene_002,ctrl,0h,2,30.568643702935134
pep_0009,gene_002,ctrl,0h,3,41.131415501697596
pep_0009,gene_002,ctrl,0h,4,24.4409125320165
pep_0009,gene_002,ctrl,0h,5,48.92369392709327
pep_0009,gene_002,ctrl,0h,6,40.107434775101844
pep_0009,gene_002,ctrl,24h,1,71.47544283051197
pep_0009,gene_002,ctrl,24h,2,37.31253151995204
pep_0009,gene_002,ctrl,24h,3,34.76273583476371
pep_0009,gene_002,ctrl,24h,4,23.30048574155331
pep_0009,gene_002,ctrl,24h,5,35.580284465563516
pep_0009,gene_002,ctrl,24h,6,83.26424537262763
pep_0009,gene_002,ctrl,6h,1,21.746667127536316
pep_0009,gene_002,ctrl,6h,2,60.853544411343016
pep_0009,gene_002,ctrl,6h,3,26.197728408282973
pep_0009,gene_002,ctrl,6h,4,35.041441860120635
pep_0009,gene_002,ctrl,6h,5,47.044369979041456
pep_0009,gene_002,ctrl,6h,6,29.531772229732695
pep_0009,gene_002,drug,0h,1,106.06211552893747
pep_0009,gene_002,drug,0h,2,53.644247653021274
pep_0009,gene_002,drug,0h,3,27.13151826532788
pep_0009,gene_002,drug,0h,4,19.91164512316242
pep_0009,gene_002,drug,0h,5,34.46905865717844
pep_0009,gene_002,drug,0h,6,59.93080277338481
pep_0009,gene_002,drug,24h,1,229.61016607590878
pep_0009,gene_002,drug,24h,2,247.21177984286084
pep_0009,gene_002,drug,24h,3,117.26044919800383
pep_0009,gene_002,drug,24h,4,210.87275992249738
pep_0009,gene_002,drug,24h,5,274.6658029274096
pep_0009,gene_002,drug,24h,6,51.930272894265066
pep_0009,gene_002,drug,6h,1,48.33857040972167
pep_0009,gene_002,drug,6h,2,55.5913978602279
pep_0009,gene_002,drug,6h,3,15.834239556866729
pep_0009,gene_002,drug,6h,4,9.852401631943374
pep_0009,gene_002,drug,6h,5,76.21752855236606
pep_0009,gene_002,drug,6h,6,72.8777459478091
pep_0010,gene_002,ctrl,0h,1,118.62984514177585
pep_0010,gene_002,ctrl,0h,2,107.79712290851727
pep_0010,gene_002,ctrl,0h,3,73.64341374086354
pep_0010,gene_002,ctrl,0h,4,62.26097088253055
pep_0010,gene_002,ctrl,0h,5,67.49900194385724
pep_0010,gene_002,ctrl,0h,6,25.020229273641256
pep_0010,gene_002,ctrl,24h,1,100.79441311287951
pep_0010,gene_002,ctrl,24h,2,91.68636494252092
pep_0010,gene_002,ctrl,24h,3,81.93889959103461
pep_0010,gene_002,ctrl,24h,4,41.75090611850116
pep_0010,gene_002,ctrl,24h,5,80.214562040576
pep_0010,gene_002,ctrl,24h,6,92.9197399438005
pep_0010,gene_002,ctrl,6h,1,113.3150921145569
pep_0010,gene_002,ctrl,6h,2,81.39910864251893
pep_0010,gene_002,ctrl,6h,3,75.86794562831273
pep_0010,gene_002,ctrl,6h,4,82.82405694317741
pep_0010,gene_002,ctrl,6h,5,44.87273883728477
pep_0010,gene_002,ctrl,6h,6,118.28125095524146
pep_0010,gene_002,drug,0h,1,43.77214942102016
pep_0010,gene_002,drug,0h,2,81.04999623823181
pep_0010,gene_002,drug,0h,3,88.20146665970354
pep_0010,gene_002,drug,0h,4,101.14115911219308
pep_0010,gene_002,drug,0h,5,85.93142352302662
pep_0010,gene_002,drug,0h,6,75.65157191635058
pep_0010,gene_002,drug,24h,1,150.2450108081157
pep_0010,gene_002,drug,24h,2,244.6029156113653
pep_0010,gene_002,drug,24h,3,284.3405890944974
pep_0010,gene_002,drug,24h,4,224.6132985287663
pep_0010,gene_002,drug,24h,5,331.57294559838425
pep_0010,gene_002,drug,24h,6,129.78064333421906
pep_0010,gene_002,drug,6h,1,93.14757228302567
pep_0010,gene_002,drug,6h,2,114.58604764598475
pep_0010,gene_002,drug,6h,3,118.611823072766
pep_0010,gene_002,drug,6h,4,81.81907918466854
pep_0010,gene_002,drug,6h,5,106.50416035766982
pep_0010,gene_002,drug,6h,6,63.06857018007147
pep_0011,gene_003,ctrl,0h,1,44.30240717390947
pep_0011,gene_003,ctrl,0h,2,108.89512930551953
pep_0011,gene_003,ctrl,0h,3,38.36476245206233
pep_0011,gene_003,ctrl,0h,4,28.27824524674919
pep_0011,gene_003,ctrl,0h,5,129.20640021828325
pep_0011,gene_003,ctrl,0h,6,48.153857984947656
pep_0011,gene_003,ctrl,24h,1,105.79896067648832
pep_0011,gene_003,ctrl,24h,2,95.0412556223436
pep_0011,gene_003,ctrl,24h,3,39.859786440751066
pep_0011,gene_003,ctrl,24h,4,41.41698843525979
pep_0011,gene_003,ctrl,24h,5,48.61237947972857
pep_0011,gene_003,ctrl,24h,6,109.2052813048541
pep_0011,gene_003,ctrl,6h,1,27.665708751446495
pep_0011,gene_003,ctrl,6h,2,69.1945886700204
pep_0011,gene_003,ctrl,6h,3,11.744144610662135
pep_0011,gene_003,ctrl,6h,4,28.608933582619123
pep_0011,gene_003,ctrl,6h,5,111.94196094335312
pep_0011,gene_003,ctrl,6h,6,58.21305271136512
pep_0011,gene_003,drug,0h,1,31.11934159124883
pep_0011,gene_003,drug,0h,2,23.668284896022108
pep_0011,gene_003,drug,0h,3,65.07814743212897
pep_0011,gene_003,drug,0h,4,29.49467012106933
pep_0011,gene_003,drug,0h,5,25.03561622831743
pep_0011,gene_003,drug,0h,6,69.19157192223614
pep_0011,gene_003,drug,24h,1,235.33436141986792
pep_0011,gene_003,drug,24h,2,387.0650533050434
pep_0011,gene_003,drug,24h,3,202.75456097762765
pep_0011,gene_003,drug,24h,4,86.0271595255839
pep_0011,gene_003,drug,24h,5,110.02254551311614
pep_0011,gene_003,drug,24h,6,215.4634574941085
pep_0011,gene_003,drug,6h,1,101.91877804347789
pep_0011,gene_003,drug,6h,2,69.98712056751052
pep_0011,gene_003,drug,6h,3,18.293080546482212
pep_0011,gene_003,drug,6h,4,65.6920031614669
pep_0011,gene_003,drug,6h,5,65.03743715826984
pep_0011,gene_003,drug,6h,6,60.82723559324347
pep_0012,gene_003,ctrl,0h,1,66.4098639340641
pep_0012,gene_003,ctrl,0h,2,104.66215988010049
pep_0012,gene_003,ctrl,0h,3,115.59631352363226
pep_0012,gene_003,ctrl,0h,4,108.01366317321263
pep_0012,gene_003,ctrl,0h,5,93.59772537254923
pep_0012,gene_003,ctrl,0h,6,82.90257354270875
pep_0012,gene_003,ctrl,24h,1,65.9436922807011
pep_0012,gene_003,ctrl,24h,2,77.5222025161498
pep_0012,gene_003,ctrl,24h,3,70.5851818233455
pep_0012,gene_003,ctrl,24h,4,108.49504552811509
pep_0012,gene_003,ctrl,24h,5,49.27630763008756
pep_0012,gene_003,ctrl,24h,6,105.43574098781987
pep_0012,gene_003,ctrl,6h,1,106.65120359491125
pep_0012,gene_003,ctrl,6h,2,89.98165500773702
pep_0012,gene_003,ctrl,6h,3,132.50017933198149
pep_0012,gene_003,ctrl,6h,4,58.5533427384009
pep_0012,gene_003,ctrl,6h,5,97.79651102689489
pep_0012,gene_003,ctrl,6h,6,154.71871518030778
pep_0012,gene_003,drug,0h,1,94.8392469044391
pep_0012,gene_003,drug,0h,2,65.0573509663433
pep_0012,gene_003,drug,0h,3,74.18145341942504
pep_0012,gene_003,drug,0h,4,90.57767511950293
pep_0012,gene_003,drug,0h,5,93.17393767676711
pep_0012,gene_003,drug,0h,6,88.70885215972133
pep_0012,gene_003,drug,24h,1,340.9471871218537
pep_0012,gene_003,drug,24h,2,592.6997182918645
pep_0012,gene_003,drug,24h,3,285.5288849049997
pep_0012,gene_003,drug,24h,4,534.8898872941054
pep_0012,gene_003,drug,24h,5,513.2582249551866
pep_0012,gene_003,drug,24h,6,453.97169957614295
pep_0012,gene_003,drug,6h,1,134.4160850712418
pep_0012,gene_003,drug,6h,2,136.72683019189543
pep_0012,gene_003,drug,6h,3,79.711627245581
pep_0012,gene_003,drug,6h,4,72.32267146927641
pep_0012,gene_003,drug,6h,5,81.4319758636286
pep_0012,gene_003,drug,6h,6,90.77628052347046
pep_0013,gene_003,ctrl,0h,1,89.93689360776985
pep_0013,gene_003,ctrl,0h,2,46.70013166326505
pep_0013,gene_003,ctrl,0h,3,122.16171954250002
pep_0013,gene_003,ctrl,0h,4,42.36330394437147
pep_0013,gene_003,ctrl,0h,5,126.849035323414
pep_0013,gene_003,ctrl,0h,6,62.52073480520158
pep_0013,gene_003,ctrl,24h,1,115.48310349886785
pep_0013,gene_003,ctrl,24h,2,59.30390040898621
pep_0013,gene_003,ctrl,24h,3,58.96764492652402
pep_0013,gene_003,ctrl,24h,4,106.87121596602532
pep_0013,gene_003,ctrl,24h,5,62.73070893689184
pep_0013,gene_003,ctrl,24h,6,113.35649900001091
pep_0013,gene_003,ctrl,6h,1,46.51580280967445
pep_0013,gene_003,ctrl,6h,2,81.98938284952074
pep_0013,gene_003,ctrl,6h,3,52.96368169136854
pep_0013,gene_003,ctrl,6h,4,105.35980566643275
pep_0013,gene_003,ctrl,6h,5,45.03861051238832
pep_0013,gene_003,ctrl,6h,6,78.0227247770109
pep_0013,gene_003,drug,0h,1,21.85396085895375
pep_0013,gene_003,drug,0h,2,80.71860087709565
pep_0013,gene_003,drug,0h,3,47.865502034206216
pep_0013,gene_003,drug,0h,4,96.23234100708069
pep_0013,gene_003,drug,0h,5,63.436155381706634
pep_0013,gene_003,drug,0h,6,50.93486276057251
pep_0013,gene_003,drug,24h,1,312.54984655962727
pep_0013,gene_003,drug,24h,2,205.27353454876862
pep_0013,gene_003,drug,24h,3,187.78755958409016
pep_0013,gene_003,drug,24h,4,173.1578315231158
pep_0013,gene_003,drug,24h,5,197.6586154503766
pep_0013,gene_003,drug,24h,6,239.79386215992088
pep_0013,gene_003,drug,6h,1,48.143997403212296
pep_0013,gene_003,drug,6h,2,112.50780130422741
pep_0013,gene_003,drug,6h,3,65.1187711089376
pep_0013,gene_003,drug,6h,4,66.04306660267237
pep_0013,gene_003,drug,6h,5,39.39464416173789
pep_0013,gene_003,drug,6h,6,96.59541426127059
pep_0014,gene_003,ctrl,0h,1,106.78992760606438
pep_0014,gene_003,ctrl,0h,2,164.73168097387028
pep_0014,gene_003,ctrl,0h,3,89.91106067789582
pep_0014,gene_003,ctrl,0h,4,165.21632841856632
pep_0014,gene_003,ctrl,0h,5,98.8599940404434
pep_0014,gene_003,ctrl,0h,6,88.21767451347516
pep_0014,gene_003,ctrl,24h,1,108.71473374769641
pep_0014,gene_003,ctrl,24h,2,149.19220095007063
pep_0014,gene_003,ctrl,24h,3,68.19061490457206
pep_0014,gene_003,ctrl,24h,4,196.7482207453667
pep_0014,gene_003,ctrl,24h,5,117.18885457826894
pep_0014,gene_003,ctrl,24h,6,114.9897097308564
pep_0014,gene_003,ctrl,6h,1,104.88759761768452
pep_0014,gene_003,ctrl,6h,2,120.52572904904486
pep_0014,gene_003,ctrl,6h,3,154.5817807397287
pep_0014,gene_003,ctrl,6h,4,77.08098883296832
pep_0014,gene_003,ctrl,6h,5,50.37586620740279
pep_0014,gene_003,ctrl,6h,6,147.18858954434208
pep_0014,gene_003,drug,0h,1,139.1385364780994
pep_0014,gene_003,drug,0h,2,107.05993409913445
pep_0014,gene_003,drug,0h,3,62.608159053628114
pep_0014,gene_003,drug,0h,4,146.33272334755583
pep_0014,gene_003,drug,0h,5,107.44309848639959
pep_0014,gene_003,drug,0h,6,97.78653398738717
pep_0014,gene_003,drug,24h,1,281.976525083111
pep_0014,gene_003,drug,24h,2,733.6859290249497
pep_0014,gene_003,drug,24h,3,432.00463023298647
pep_0014,gene_003,drug,24h,4,414.66302670640863
pep_0014,gene_003,drug,24h,5,273.2124254745073
pep_0014,gene_003,drug,24h,6,846.8994178154564
pep_0014,gene_003,drug,6h,1,62.68566718546372
pep_0014,gene_003,drug,6h,2,96.57094870383312
pep_0014,gene_003,drug,6h,3,189.56503153460065
pep_0014,gene_003,drug,6h,4,164.91835025145303
pep_0014,gene_003,drug,6h,5,184.2771159617215
pep_0014,gene_003,drug,6h,6,92.25484712781238
pep_0015,gene_003,ctrl,0h,1,60.52880943081586
pep_0015,gene_003,ctrl,0h,2,25.388217338614037
pep_0015,gene_003,ctrl,0h,3,11.94214254269528
pep_0015,gene_003,ctrl,0h,4,22.046943430501678
pep_0015,gene_003,ctrl,0h,5,68.7341285749635
pep_0015,gene_003,ctrl,0h,6,68.34954997056738
pep_0015,gene_003,ctrl,24h,1,63.37793179945307
pep_0015,gene_003,ctrl,24h,2,44.84480967697107
pep_0015,gene_003,ctrl,24h,3,50.8682564111283
pep_0015,gene_003,ctrl,24h,4,21.835441471983682
pep_0015,gene_003,ctrl,24h,5,42.87566184146108
pep_0015,gene_003,ctrl,24h,6,60.956859769525735
pep_0015,gene_003,ctrl,6h,1,35.6147566143234
pep_0015,gene_003,ctrl,6h,2,50.51122942710236
pep_0015,gene_003,ctrl,6h,3,50.22773442704246
pep_0015,gene_003,ctrl,6h,4,33.88016624786183
pep_0015,gene_003,ctrl,6h,5,35.112771579029214
pep_0015,gene_003,ctrl,6h,6,37.619572236958355
pep_0015,gene_003,drug,0h,1,55.73387574935709
pep_0015,gene_003,drug,0h,2,32.77058588294036
pep_0015,gene_003,drug,0h,3,26.327587809610243
pep_0015,gene_003,drug,0h,4,43.017268660328035
pep_0015,gene_003,drug,0h,5,65.09067205134221
pep_0015,gene_003,drug,0h,6,21.85803757683094
pep_0015,gene_003,drug,24h,1,114.36808829622123
pep_0015,gene_003,drug,24h,2,NA
pep_0015,gene_003,drug,24h,3,147.11988613215703
pep_0015,gene_003,drug,24h,4,122.66067248424683
pep_0015,gene_003,drug,24h,5,208.11587359638548
pep_0015,gene_003,drug,24h,6,121.81527258472825
pep_0015,gene_003,drug,6h,1,33.348578080420516
pep_0015,gene_003,drug,6h,2,40.23919828356447
pep_0015,gene_003,drug,6h,3,54.13170155811882
pep_0015,gene_003,drug,6h,4,49.99165358488061
pep_0015,gene_003,drug,6h,5,29.912567903501337
pep_0015,gene_003,drug,6h,6,50.30836105807909
pep_0016,gene_004,ctrl,0h,1,66.26007746386341
pep_0016,gene_004,ctrl,0h,2,59.33983926930445
pep_0016,gene_004,ctrl,0h,3,78.97904323677695
pep_0016,gene_004,ctrl,0h,4,65.29706141308367
pep_0016,gene_004,ctrl,0h,5,74.74436585636232
pep_0016,gene_004,ctrl,0h,6,68.64635780075861
pep_0016,gene_004,ctrl,24h,1,81.15799565907331
pep_0016,gene_004,ctrl,24h,2,37.542467867676244
pep_0016,gene_004,ctrl,24h,3,78.5223184018292
pep_0016,gene_004,ctrl,24h,4,105.08683930355423
pep_0016,gene_004,ctrl,24h,5,67.05786118385821
pep_0016,gene_004,ctrl,24h,6,123.57009160273697
pep_0016,gene_004,ctrl,6h,1,57.79716341422126
pep_0016,gene_004,ctrl,6h,2,53.23086507937125
pep_0016,gene_004,ctrl,6h,3,87.6865637915099
pep_0016,gene_004,ctrl,6h,4,97.69980054687824
pep_0016,gene_004,ctrl,6h,5,67.67633553602411
pep_0016,gene_004,ctrl,6h,6,69.70205559416206
pep_0016,gene_004,drug,0h,1,40.76007958515766
pep_0016,gene_004,drug,0h,2,49.00792262493112
pep_0016,gene_004,drug,0h,3,140.07629675607308
pep_0016,gene_004,drug,0h,4,126.51575123177341
pep_0016,gene_004,drug,0h,5,101.52208528339722
pep_0016,gene_004,drug,0h,6,63.15531553149446
pep_0016,gene_004,drug,24h,1,241.87274300437315
pep_0016,gene_004,drug,24h,2,311.88771256713227
pep_0016,gene_004,drug,24h,3,463.38884307594674
pep_0016,gene_004,drug,24h,4,349.8011244450289
pep_0016,gene_004,drug,24h,5,235.33645377582647
pep_0016,gene_004,drug,24h,6,703.0011095115855
pep_0016,gene_004,drug,6h,1,30.799693322570537
pep_0016,gene_004,drug,6h,2,82.55785518972111
pep_0016,gene_004,drug,6h,3,43.474229340843536
pep_0016,gene_004,drug,6h,4,104.95921241969079
pep_0016,gene_004,drug,6h,5,58.90913667086841
pep_0016,gene_004,drug,6h,6,71.12346606122145
pep_0017,gene_004,ctrl,0h,1,52.78249848978673
pep_0017,gene_004,ctrl,0h,2,118.94528509708412
pep_0017,gene_004,ctrl,0h,3,25.80426312848045
pep_0017,gene_004,ctrl,0h,4,125.04852367790917
pep_0017,gene_004,ctrl,0h,5,93.91629409343051
pep_0017,gene_004,ctrl,0h,6,142.29320415872573
pep_0017,gene_004,ctrl,24h,1,85.79388753649329
pep_0017,gene_004,ctrl,24h,2,91.72885577133161
pep_0017,gene_004,ctrl,24h,3,73.71746346335966
pep_0017,gene_004,ctrl,24h,4,59.69369385762449
pep_0017,gene_004,ctrl,24h,5,81.02010057053351
pep_0017,gene_004,ctrl,24h,6,64.55809581877827
pep_0017,gene_004,ctrl,6h,1,166.34888448438215
pep_0017,gene_004,ctrl,6h,2,85.73374774306039
pep_0017,gene_004,ctrl,6h,3,141.44840125343208
pep_0017,gene_004,ctrl,6h,4,79.79242404030478
pep_0017,gene_004,ctrl,6h,5,61.656316021353554
pep_0017,gene_004,ctrl,6h,6,86.04016108701137
pep_0017,gene_004,drug,0h,1,94.59863960426347
pep_0017,gene_004,drug,0h,2,33.218248941256306
pep_0017,gene_004,drug,0h,3,52.78513271382928
pep_0017,gene_004,drug,0h,4,134.87398611308694
pep_0017,gene_004,drug,0h,5,145.96556162901973
pep_0017,gene_004,drug,0h,6,60.331375669536
pep_0017,gene_004,drug,24h,1,338.8985541874288
pep_0017,gene_004,drug,24h,2,519.923852583368
pep_0017,gene_004,drug,24h,3,387.1580550347333
pep_0017,gene_004,drug,24h,4,307.601646383473
pep_0017,gene_004,drug,24h,5,246.23933831166062
pep_0017,gene_004,drug,24h,6,241.29061227027893
pep_0017,gene_004,drug,6h,1,87.9418185684245
pep_0017,gene_004,drug,6h,2,60.802479108682704
pep_0017,gene_004,drug,6h,3,107.5453116316511
pep_0017,gene_004,drug,6h,4,116.83694443416667
pep_0017,gene_004,drug,6h,5,124.82353932513402
pep_0017,gene_004,drug,6h,6,111.48296268418785
pep_0018,gene_004,ctrl,0h,1,29.580874361564366
pep_0018,gene_004,ctrl,0h,2,15.394542589070197
pep_0018,gene_004,ctrl,0h,3,23.28661717990279
pep_0018,gene_004,ctrl,0h,4,7.971670940848533
pep_0018,gene_004,ctrl,0h,5,43.41038300403364
pep_0018,gene_004,ctrl,0h,6,36.53258645771074
pep_0018,gene_004,ctrl,24h,1,17.3313116181826
pep_0018,gene_004,ctrl,24h,2,31.595975154509727
pep_0018,gene_004,ctrl,24h,3,58.314573358656375
pep_0018,gene_004,ctrl,24h,4,14.703161426390585
pep_0018,gene_004,ctrl,24h,5,37.02240359348148
pep_0018,gene_004,ctrl,24h,6,31.688600745964273
pep_0018,gene_004,ctrl,6h,1,18.076058252883872
pep_0018,gene_004,ctrl,6h,2,13.466777477948996
pep_0018,gene_004,ctrl,6h,3,51.16723033297834
pep_0018,gene_004,ctrl,6h,4,25.189540965241612
pep_0018,gene_004,ctrl,6h,5,22.42398231509083
pep_0018,gene_004,ctrl,6h,6,50.70314772450468
pep_0018,gene_004,drug,0h,1,20.672885922215873
pep_0018,gene_004,drug,0h,2,13.419313643607813
pep_0018,gene_004,drug,0h,3,15.142595064015547
pep_0018,gene_004,drug,0h,4,46.444526165276876
pep_0018,gene_004,drug,0h,5,32.49657337114828
pep_0018,gene_004,drug,0h,6,29.95742800230241
pep_0018,gene_004,drug,24h,1,150.89086853210884
pep_0018,gene_004,drug,24h,2,144.24409365346017
pep_0018,gene_004,drug,24h,3,146.11987384606553
pep_0018,gene_004,drug,24h,4,76.88522883504233
pep_0018,gene_004,drug,24h,5,124.76786849158549
pep_0018,gene_004,drug,24h,6,242.01528806450798
pep_0018,gene_004,drug,6h,1,21.58227647710804
pep_0018,gene_004,drug,6h,2,56.16176162669196
pep_0018,gene_004,drug,6h,3,22.47797354944832
pep_0018,gene_004,drug,6h,4,22.951332587830592
pep_0018,gene_004,drug,6h,5,23.545269857779672
pep_0018,gene_004,drug,6h,6,27.337054969386
pep_0019,gene_004,ctrl,0h,1,92.5619539638518
pep_0019,gene_004,ctrl,0h,2,113.72217213395348
pep_0019,gene_004,ctrl,0h,3,85.31360441906689
pep_0019,gene_004,ctrl,0h,4,66.38193529515513
pep_0019,gene_004,ctrl,0h,5,44.674296614672585
pep_0019,gene_004,ctrl,0h,6,41.30653984920754
pep_0019,gene_004,ctrl,24h,1,100.93259326006857
pep_0019,gene_004,ctrl,24h,2,48.27124083521946
pep_0019,gene_004,ctrl,24h,3,108.52307065894996
pep_0019,gene_004,ctrl,24h,4,89.76778037813597
pep_0019,gene_004,ctrl,24h,5,106.40218271981837
pep_0019,gene_004,ctrl,24h,6,55.677014571030476
pep_0019,gene_004,ctrl,6h,1,59.24115156401943
pep_0019,gene_004,ctrl,6h,2,83.66415795883022
pep_0019,gene_004,ctrl,6h,3,95.01857817999223
pep_0019,gene_004,ctrl,6h,4,84.05004394145298
pep_0019,gene_004,ctrl,6h,5,97.31965294771976
pep_0019,gene_004,ctrl,6h,6,120.12246419277623
pep_0019,gene_004,drug,0h,1,95.14249555954297
pep_0019,gene_004,drug,0h,2,76.94596304690474
pep_0019,gene_004,drug,0h,3,31.601894871568387
pep_0019,gene_004,drug,0h,4,183.43607950932204
pep_0019,gene_004,drug,0h,5,41.01108588577364
pep_0019,gene_004,drug,0h,6,69.8498807864064
pep_0019,gene_004,drug,24h,1,421.5104971335873
pep_0019,gene_004,drug,24h,2,297.926022070827
pep_0019,gene_004,drug,24h,3,263.51538907327586
pep_0019,gene_004,drug,24h,4,208.2602191123757
pep_0019,gene_004,drug,24h,5,183.7319872184713
pep_0019,gene_004,drug,24h,6,287.62904206542527
pep_0019,gene_004,drug,6h,1,63.94177681256165
pep_0019,gene_004,drug,6h,2,54.646413925479564
pep_0019,gene_004,drug,6h,3,138.12856674737768
pep_0019,gene_004,drug,6h,4,51.327769280562464
pep_0019,gene_004,drug,6h,5,64.46856833737293
pep_0019,gene_004,drug,6h,6,109.30822093446622
pep_0020,gene_004,ctrl,0h,1,128.40325125504737
pep_0020,gene_004,ctrl,0h,2,51.25998406993466
pep_0020,gene_004,ctrl,0h,3,29.345300563925313
pep_0020,gene_004,ctrl,0h,4,37.6044721402564
pep_0020,gene_004,ctrl,0h,5,70.57633651943462
pep_0020,gene_004,ctrl,0h,6,33.31928676917654
pep_0020,gene_004,ctrl,24h,1,29.734948605888352
pep_0020,gene_004,ctrl,24h,2,64.79502097537704
pep_0020,gene_004,ctrl,24h,3,32.78342927655238
pep_0020,gene_004,ctrl,24h,4,21.32247053314954
pep_0020,gene_004,ctrl,24h,5,146.560420088925
pep_0020,gene_004,ctrl,24h,6,59.52474714308788
pep_0020,gene_004,ctrl,6h,1,14.953652358349483
pep_0020,gene_004,ctrl,6h,2,16.233865937652983
pep_0020,gene_004,ctrl,6h,3,36.419572475077814
pep_0020,gene_004,ctrl,6h,4,41.609377445169656
pep_0020,gene_004,ctrl,6h,5,45.012237243412706
pep_0020,gene_004,ctrl,6h,6,46.53807096919752
pep_0020,gene_004,drug,0h,1,34.89839654823574
pep_0020,gene_004,drug,0h,2,42.81492893933637
pep_0020,gene_004,drug,0h,3,NA
pep_0020,gene_004,drug,0h,4,48.71719070536959
pep_0020,gene_004,drug,0h,5,59.28424837060395
pep_0020,gene_004,drug,0h,6,36.64159261984934
pep_0020,gene_004,drug,24h,1,126.87545360748946
pep_0020,gene_004,drug,24h,2,179.72974873738667
pep_0020,gene_004,drug,24h,3,107.58591400600002
pep_0020,gene_004,drug,24h,4,97.8434538317064
pep_0020,gene_004,drug,24h,5,82.23658154894078
pep_0020,gene_004,drug,24h,6,288.8272029854973
pep_0020,gene_004,drug,6h,1,11.202466362256203
pep_0020,gene_004,drug,6h,2,25.344929614324
pep_0020,gene_004,drug,6h,3,57.00782747757741
pep_0020,gene_004,drug,6h,4,33.80419651119724
pep_0020,gene_004,drug,6h,5,57.219904634094796
pep_0020,gene_004,drug,6h,6,34.03399430391785
pep_0021,gene_005,ctrl,0h,1,49.92992259562051
pep_0021,gene_005,ctrl,0h,2,70.04724897942033
pep_0021,gene_005,ctrl,0h,3,43.23163637254635
pep_0021,gene_005,ctrl,0h,4,28.114778951530397
pep_0021,gene_005,ctrl,0h,5,68.89134707572778
pep_0021,gene_005,ctrl,0h,6,82.548070048914
pep_0021,gene_005,ctrl,24h,1,48.397998988099936
pep_0021,gene_005,ctrl,24h,2,45.645091858841866
pep_0021,gene_005,ctrl,24h,3,63.56357557509977
pep_0021,gene_005,ctrl,24h,4,107.75335073158512
pep_0021,gene_005,ctrl,24h,5,50.96490540095995
pep_0021,gene_005,ctrl,24h,6,86.24784438827182
pep_0021,gene_005,ctrl,6h,1,41.633673049944804
pep_0021,gene_005,ctrl,6h,2,75.49551210824266
pep_0021,gene_005,ctrl,6h,3,112.0716939549919
pep_0021,gene_005,ctrl,6h,4,37.085370106993636
pep_0021,gene_005,ctrl,6h,5,89.76504036576863
pep_0021,gene_005,ctrl,6h,6,49.458623427615976
pep_0021,gene_005,drug,0h,1,54.04963388647263
pep_0021,gene_005,drug,0h,2,83.1090251574406
pep_0021,gene_005,drug,0h,3,43.498894088902446
pep_0021,gene_005,drug,0h,4,98.1516644563496
pep_0021,gene_005,drug,0h,5,159.56890389083932
pep_0021,gene_005,drug,0h,6,69.38515828330277
pep_0021,gene_005,drug,24h,1,251.23037392096933
pep_0021,gene_005,drug,24h,2,112.69679008416125
pep_0021,gene_005,drug,24h,3,220.60843342528904
pep_0021,gene_005,drug,24h,4,266.11854770362055
pep_0021,gene_005,drug,24h,5,267.2763220415833
pep_0021,gene_005,drug,24h,6,237.48506635287012
pep_0021,gene_005,drug,6h,1,25.697159446378173
pep_0021,gene_005,drug,6h,2,66.23110692809125
pep_0021,gene_005,drug,6h,3,54.30866722695785
pep_0021,gene_005,drug,6h,4,87.70690697957589
pep_0021,gene_005,drug,6h,5,25.598211604010633
pep_0021,gene_005,drug,6h,6,54.46855565503252
pep_0022,gene_005,ctrl,0h,1,61.911687904906685
pep_0022,gene_005,ctrl,0h,2,25.940153238628838
pep_0022,gene_005,ctrl,0h,3,50.90429027414022
pep_0022,gene_005,ctrl,0h,4,39.21514360022139
pep_0022,gene_005,ctrl,0h,5,66.1502641435864
pep_0022,gene_005,ctrl,0h,6,79.03172566031719
pep_0022,gene_005,ctrl,24h,1,33.884336558630785
pep_0022,gene_005,ctrl,24h,2,55.113506898016375
pep_0022,gene_005,ctrl,24h,3,22.244679274843957
pep_0022,gene_005,ctrl,24h,4,71.72688849033734
pep_0022,gene_005,ctrl,24h,5,86.39400993092768
pep_0022,gene_005,ctrl,24h,6,18.314853932841544
pep_0022,gene_005,ctrl,6h,1,45.316791785885584
pep_0022,gene_005,ctrl,6h,2,58.02952300759719
pep_0022,gene_005,ctrl,6h,3,34.37103690910914
pep_0022,gene_005,ctrl,6h,4,87.45863506462828
pep_0022,gene_005,ctrl,6h,5,70.05056841290285
pep_0022,gene_005,ctrl,6h,6,57.60713178840737
pep_0022,gene_005,drug,0h,1,52.315367010578655
pep_0022,gene_005,drug,0h,2,95.35544063967768
pep_0022,gene_005,drug,0h,3,86.16782853068935
pep_0022,gene_005,drug,0h,4,37.1597244814462
pep_0022,gene_005,drug,0h,5,43.54130916549779
pep_0022,gene_005,drug,0h,6,62.27873522674775
pep_0022,gene_005,drug,24h,1,47.65373519334632
pep_0022,gene_005,drug,24h,2,186.07263346275673
pep_0022,gene_005,drug,24h,3,350.6658038612124
pep_0022,gene_005,drug,24h,4,96.93429476717093
pep_0022,gene_005,drug,24h,5,68.27528406430443
pep_0022,gene_005,drug,24h,6,50.71692714449654
pep_0022,gene_005,drug,6h,1,28.029155023645206
pep_0022,gene_005,drug,6h,2,30.923363692979237
pep_0022,gene_005,drug,6h,3,76.82730329186461
pep_0022,gene_005,drug,6h,4,21.562149117741804
pep_0022,gene_005,drug,6h,5,22.65705204416974
pep_0022,gene_005,drug,6h,6,27.373152173054258
pep_0023,gene_005,ctrl,0h,1,75.77244806794657
pep_0023,gene_005,ctrl,0h,2,33.097907631898494
pep_0023,gene_005,ctrl,0h,3,71.84428062925593
pep_0023,gene_005,ctrl,0h,4,72.12893280035527
pep_0023,gene_005,ctrl,0h,5,66.7658159459275
pep_0023,gene_005,ctrl,0h,6,48.357964011170196
pep_0023,gene_005,ctrl,24h,1,99.96236896553876
pep_0023,gene_005,ctrl,24h,2,77.3382324407871
pep_0023,gene_005,ctrl,24h,3,37.85455376371862
pep_0023,gene_005,ctrl,24h,4,34.08183356576061
pep_0023,gene_005,ctrl,24h,5,23.336651019038953
pep_0023,gene_005,ctrl,24h,6,60.54802337841903
pep_0023,gene_005,ctrl,6h,1,21.831191035037723
pep_0023,gene_005,ctrl,6h,2,50.16080452982433
pep_0023,gene_005,ctrl,6h,3,51.54153857303815
pep_0023,gene_005,ctrl,6h,4,34.261188122332335
pep_0023,gene_005,ctrl,6h,5,28.466715554625278
pep_0023,gene_005,ctrl,6h,6,30.47296599271561
pep_0023,gene_005,drug,0h,1,20.65907078351739
pep_0023,gene_005,drug,0h,2,91.60670280341724
pep_0023,gene_005,drug,0h,3,46.17679933674942
pep_0023,gene_005,drug,0h,4,29.93846157774584
pep_0023,gene_005,drug,0h,5,54.37795036241144
pep_0023,gene_005,drug,0h,6,108.37691478656431
pep_0023,gene_005,drug,24h,1,486.32781978079936
pep_0023,gene_005,drug,24h,2,132.20250492567337
pep_0023,gene_005,drug,24h,3,241.22006386697296
pep_0023,gene_005,drug,24h,4,102.68661043557165
pep_0023,gene_005,drug,24h,5,165.2523745622947
pep_0023,gene_005,drug,24h,6,408.65435691503484
pep_0023,gene_005,drug,6h,1,22.36290538906954
pep_0023,gene_005,drug,6h,2,34.75351918910007
pep_0023,gene_005,drug,6h,3,55.512391055650426
pep_0023,gene_005,drug,6h,4,31.087160127231044
pep_0023,gene_005,drug,6h,5,45.97098728170491
pep_0023,gene_005,drug,6h,6,18.65905789306007
pep_0024,gene_005,ctrl,0h,1,17.3634478397698
pep_0024,gene_005,ctrl,0h,2,20.21797458865677
pep_0024,gene_005,ctrl,0h,3,54.99599225742051
pep_0024,gene_005,ctrl,0h,4,31.551179949196523
pep_0024,gene_005,ctrl,0h,5,60.720322562546244
pep_0024,gene_005,ctrl,0h,6,48.5349741362379
pep_0024,gene_005,ctrl,24h,1,36.95037548047525
pep_0024,gene_005,ctrl,24h,2,102.38748275350434
pep_0024,gene_005,ctrl,24h,3,36.81840131304053
pep_0024,gene_005,ctrl,24h,4,40.47446671892262
pep_0024,gene_005,ctrl,24h,5,40.629089019308964
pep_0024,gene_005,ctrl,24h,6,72.22009152633616
pep_0024,gene_005,ctrl,6h,1,24.80555258956395
pep_0024,gene_005,ctrl,6h,2,38.17082716150026
pep_0024,gene_005,ctrl,6h,3,60.54692279682623
pep_0024,gene_005,ctrl,6h,4,24.60161923459735
pep_0024,gene_005,ctrl,6h,5,30.49593539310165
pep_0024,gene_005,ctrl,6h,6,36.164287456585974
pep_0024,gene_005,drug,0h,1,67.87099022207968
pep_0024,gene_005,drug,0h,2,22.649361012486956
pep_0024,gene_005,drug,0h,3,37.35605305091647
pep_0024,gene_005,drug,0h,4,25.94236628747788
pep_0024,gene_005,drug,0h,5,53.811084671961346
pep_0024,gene_005,drug,0h,6,37.30475663082738
pep_0024,gene_005,drug,24h,1,285.70779300015363
pep_0024,gene_005,drug,24h,2,155.14504374883364
pep_0024,gene_005,drug,24h,3,69.56712492241392
pep_0024,gene_005,drug,24h,4,58.515331413318684
pep_0024,gene_005,drug,24h,5,NA
pep_0024,gene_005,drug,24h,6,152.8498379333796
pep_0024,gene_005,drug,6h,1,68.602727093477
pep_0024,gene_005,drug,6h,2,15.556369477433241
pep_0024,gene_005,drug,6h,3,51.51259582458299
pep_0024,gene_005,drug,6h,4,49.62129429186023
pep_0024,gene_005,drug,6h,5,27.63835870351281
pep_0024,gene_005,drug,6h,6,47.12138093074165
pep_0025,gene_005,ctrl,0h,1,33.02170392651373
pep_0025,gene_005,ctrl,0h,2,104.13960978922417
pep_0025,gene_005,ctrl,0h,3,121.02120149149566
pep_0025,gene_005,ctrl,0h,4,59.179328148820666
pep_0025,gene_005,ctrl,0h,5,59.290620098523405
pep_0025,gene_005,ctrl,0h,6,88.83598530583089
pep_0025,gene_005,ctrl,24h,1,125.02920203986582
pep_0025,gene_005,ctrl,24h,2,120.8324003937862
pep_0025,gene_005,ctrl,24h,3,83.25726773418016
pep_0025,gene_005,ctrl,24h,4,34.926079530255514
pep_0025,gene_005,ctrl,24h,5,95.40035092766875
pep_0025,gene_005,ctrl,24h,6,77.36361449794909
pep_0025,gene_005,ctrl,6h,1,202.67573331575434
pep_0025,gene_005,ctrl,6h,2,113.74206352718195
pep_0025,gene_005,ctrl,6h,3,139.5853881040157
pep_0025,gene_005,ctrl,6h,4,130.6352860596162
pep_0025,gene_005,ctrl,6h,5,108.90221900056031
pep_0025,gene_005,ctrl,6h,6,70.3003754118101
pep_0025,gene_005,drug,0h,1,87.7869363760745
pep_0025,gene_005,drug,0h,2,111.61211887612241
pep_0025,gene_005,drug,0h,3,121.82901729753411
pep_0025,gene_005,drug,0h,4,50.166265899347685
pep_0025,gene_005,drug,0h,5,44.59166366260667
pep_0025,gene_005,drug,0h,6,117.95888856222535
pep_0025,gene_005,drug,24h,1,189.58965071145343
pep_0025,gene_005,drug,24h,2,244.09520591285965
pep_0025,gene_005,drug,24h,3,253.001308981447
pep_0025,gene_005,drug,24h,4,295.2371624970786
pep_0025,gene_005,drug,24h,5,281.7114215381731
pep_0025,gene_005,drug,24h,6,285.34588515045266
pep_0025,gene_005,drug,6h,1,60.80203402321886
pep_0025,gene_005,drug,6h,2,54.65671788488254
pep_0025,gene_005,drug,6h,3,92.02429139520659
pep_0025,gene_005,drug,6h,4,84.52404426533934
pep_0025,gene_005,drug,6h,5,118.19516470802917
pep_0025,gene_005,drug,6h,6,133.04993663357791
pep_0026,gene_006,ctrl,0h,1,65.6807138005588
pep_0026,gene_006,ctrl,0h,2,56.15276909858346
pep_0026,gene_006,ctrl,0h,3,53.78153629175452
pep_0026,gene_006,ctrl,0h,4,58.012975906768574
pep_0026,gene_006,ctrl,0h,5,46.87911717979498
pep_0026,gene_006,ctrl,0h,6,33.57869957719867
pep_0026,gene_006,ctrl,24h,1,40.73702728784548
pep_0026,gene_006,ctrl,24h,2,36.66491225103903
pep_0026,gene_006,ctrl,24h,3,35.72798665759581
pep_0026,gene_006,ctrl,24h,4,33.180116671396085
pep_0026,gene_006,ctrl,24h,5,65.8995407947134
pep_0026,gene_006,ctrl,24h,6,50.0869216163946
pep_0026,gene_006,ctrl,6h,1,53.28055526833409
pep_0026,gene_006,ctrl,6h,2,35.9150952884711
pep_0026,gene_006,ctrl,6h,3,51.22492358839294
pep_0026,gene_006,ctrl,6h,4,42.22417395996084
pep_0026,gene_006,ctrl,6h,5,120.50458415606286
pep_0026,gene_006,ctrl,6h,6,51.43851465477674
pep_0026,gene_006,drug,0h,1,50.99339172284606
pep_0026,gene_006,drug,0h,2,36.562934307551416
pep_0026,gene_006,drug,0h,3,53.62054885676095
pep_0026,gene_006,drug,0h,4,24.33569360567103
pep_0026,gene_006,drug,0h,5,77.41028632563572
pep_0026,gene_006,drug,0h,6,42.24654035648365
pep_0026,gene_006,drug,24h,1,267.3985892455204
pep_0026,gene_006,drug,24h,2,138.4974683070189
pep_0026,gene_006,drug,24h,3,131.8594052279319
pep_0026,gene_006,drug,24h,4,220.4396326701737
pep_0026,gene_006,drug,24h,5,263.6247136578705
pep_0026,gene_006,drug,24h,6,100.53477183206294
pep_0026,gene_006,drug,6h,1,108.25471180929574
pep_0026,gene_006,drug,6h,2,24.77986086240838
pep_0026,gene_006,drug,6h,3,62.33857223887994
pep_0026,gene_006,drug,6h,4,61.76348440385634
pep_0026,gene_006,drug,6h,5,20.417797088271
pep_0026,gene_006,drug,6h,6,26.812624225400203
pep_0027,gene_006,ctrl,0h,1,22.80550139828663
pep_0027,gene_006,ctrl,0h,2,140.77157492301356
pep_0027,gene_006,ctrl,0h,3,38.36725920260401
pep_0027,gene_006,ctrl,0h,4,38.810329281343165
pep_0027,gene_006,ctrl,0h,5,38.085608812699384
pep_0027,gene_006,ctrl,0h,6,49.8456489252545
pep_0027,gene_006,ctrl,24h,1,45.951977449753144
pep_0027,gene_006,ctrl,24h,2,141.42373729438438
pep_0027,gene_006,ctrl,24h,3,80.12052761025048
pep_0027,gene_006,ctrl,24h,4,76.53835311807033
pep_0027,gene_006,ctrl,24h,5,73.55370547553423
pep_0027,gene_006,ctrl,24h,6,65.19700296237632
pep_0027,gene_006,ctrl,6h,1,18.58491351361433
pep_0027,gene_006,ctrl,6h,2,69.83484634101663
pep_0027,gene_006,ctrl,6h,3,65.9880033500741
pep_0027,gene_006,ctrl,6h,4,53.88209667193718
pep_0027,gene_006,ctrl,6h,5,76.56356821490179
pep_0027,gene_006,ctrl,6h,6,41.46246675333737
pep_0027,gene_006,drug,0h,1,47.37514316893738
pep_0027,gene_006,drug,0h,2,99.01225994475206
pep_0027,gene_006,drug,0h,3,75.73814138738551
pep_0027,gene_006,drug,0h,4,50.047743957569
pep_0027,gene_006,drug,0h,5,83.36024376949455
pep_0027,gene_006,drug,0h,6,41.92387664805507
pep_0027,gene_006,drug,24h,1,391.7197825418694
pep_0027,gene_006,drug,24h,2,422.1009185817204
pep_0027,gene_006,drug,24h,3,229.51615617903136
pep_0027,gene_006,drug,24h,4,288.0902467300563
pep_0027,gene_006,drug,24h,5,180.22643589757539
pep_0027,gene_006,drug,24h,6,558.556954369575
pep_0027,gene_006,drug,6h,1,83.34001072614964
pep_0027,gene_006,drug,6h,2,135.66194811059745
pep_0027,gene_006,drug,6h,3,85.49028752064895
pep_0027,gene_006,drug,6h,4,72.41947114730799
pep_0027,gene_006,drug,6h,5,87.87949489316571
pep_0027,gene_006,drug,6h,6,84.94290057243416
pep_0028,gene_006,ctrl,0h,1,42.68865711333967
pep_0028,gene_006,ctrl,0h,2,65.93292631860969
pep_0028,gene_006,ctrl,0h,3,65.6628034487938
pep_0028,gene_006,ctrl,0h,4,53.64037275039341
pep_0028,gene_006,ctrl,0h,5,54.20563642216714
pep_0028,gene_006,ctrl,0h,6,79.93164364914968
pep_0028,gene_006,ctrl,24h,1,67.00587566457348
pep_0028,gene_006,ctrl,24h,2,56.86077001838748
pep_0028,gene_006,ctrl,24h,3,96.36890538279727
pep_0028,gene_006,ctrl,24h,4,73.74118328965531
pep_0028,gene_006,ctrl,24h,5,23.05442533004657
pep_0028,gene_006,ctrl,24h,6,83.1820097506043
pep_0028,gene_006,ctrl,6h,1,147.83861430314184
pep_0028,gene_006,ctrl,6h,2,52.560072025323045
pep_0028,gene_006,ctrl,6h,3,81.12726168127682
pep_0028,gene_006,ctrl,6h,4,61.66177467610801
pep_0028,gene_006,ctrl,6h,5,50.36368064862285
pep_0028,gene_006,ctrl,6h,6,53.06509374231311
pep_0028,gene_006,drug,0h,1,32.323005383562275
pep_0028,gene_006,drug,0h,2,47.183432677655816
pep_0028,gene_006,drug,0h,3,144.8201557646184
pep_0028,gene_006,drug,0h,4,44.80234334242442
pep_0028,gene_006,drug,0h,5,80.28562033967664
pep_0028,gene_006,drug,0h,6,103.74712747815651
pep_0028,gene_006,drug,24h,1,631.7312540087221
pep_0028,gene_006,drug,24h,2,397.4110561997999
pep_0028,gene_006,drug,24h,3,285.67366630377154
pep_0028,gene_006,drug,24h,4,255.32453712286576
pep_0028,gene_006,drug,24h,5,452.05062580494484
pep_0028,gene_006,drug,24h,6,361.77590437336943
pep_0028,gene_006,drug,6h,1,54.28827661748379
pep_0028,gene_006,drug,6h,2,40.89843294694387
pep_0028,gene_006,drug,6h,3,63.09879985090603
pep_0028,gene_006,drug,6h,4,51.217493208456396
pep_0028,gene_006,drug,6h,5,66.85014326886531
pep_0028,gene_006,drug,6h,6,50.49761363636823
pep_0029,gene_006,ctrl,0h,1,48.35257752278295
pep_0029,gene_006,ctrl,0h,2,75.42178324097173
pep_0029,gene_006,ctrl,0h,3,43.58693634876138
pep_0029,gene_006,ctrl,0h,4,56.62547622145989
pep_0029,gene_006,ctrl,0h,5,52.09274522559197
pep_0029,gene_006,ctrl,0h,6,43.633305799980775
pep_0029,gene_006,ctrl,24h,1,45.01618840327063
pep_0029,gene_006,ctrl,24h,2,123.4683190638994
pep_0029,gene_006,ctrl,24h,3,36.51324175742588
pep_0029,gene_006,ctrl,24h,4,45.718336633381085
pep_0029,gene_006,ctrl,24h,5,34.590678189416856
pep_0029,gene_006,ctrl,24h,6,12.618829416587339
pep_0029,gene_006,ctrl,6h,1,98.94468149065752
pep_0029,gene_006,ctrl,6h,2,77.54056069642252
pep_0029,gene_006,ctrl,6h,3,28.049172522351988
pep_0029,gene_006,ctrl,6h,4,89.64251701635729
pep_0029,gene_006,ctrl,6h,5,22.099351028958242
pep_0029,gene_006,ctrl,6h,6,49.90125708849831
pep_0029,gene_006,drug,0h,1,34.10544167830675
pep_0029,gene_006,drug,0h,2,32.901001882853464
pep_0029,gene_006,drug,0h,3,83.03194798418757
pep_0029,gene_006,drug,0h,4,82.82832441436071
pep_0029,gene_006,drug,0h,5,67.7999122373659
pep_0029,gene_006,drug,0h,6,42.102366745214105
pep_0029,gene_006,drug,24h,1,328.6561166202103
pep_0029,gene_006,drug,24h,2,63.71982837427856
pep_0029,gene_006,drug,24h,3,113.91910080745848
pep_0029,gene_006,drug,24h,4,275.6571225372935
pep_0029,gene_006,drug,24h,5,86.33909349188663
pep_0029,gene_006,drug,24h,6,93.86343753837849
pep_0029,gene_006,drug,6h,1,41.761337434920584
pep_0029,gene_006,drug,6h,2,54.78809234524652
pep_0029,gene_006,drug,6h,3,51.22365895454988
pep_0029,gene_006,drug,6h,4,78.01853805398095
pep_0029,gene_006,drug,6h,5,38.57266605304663
pep_0029,gene_006,drug,6h,6,50.769232079418536
pep_0030,gene_006,ctrl,0h,1,103.34940041265827
pep_0030,gene_006,ctrl,0h,2,92.68132277636941
pep_0030,gene_006,ctrl,0h,3,48.784411550302494
pep_0030,gene_006,ctrl,0h,4,54.97424962932992
pep_0030,gene_006,ctrl,0h,5,159.69537260861603
pep_0030,gene_006,ctrl,0h,6,97.1925600103881
pep_0030,gene_006,ctrl,24h,1,97.75247292965375
pep_0030,gene_006,ctrl,24h,2,73.11965773502894
pep_0030,gene_006,ctrl,24h,3,234.0534556298753
pep_0030,gene_006,ctrl,24h,4,58.03951597523636
pep_0030,gene_006,ctrl,24h,5,128.38137002912356
pep_0030,gene_006,ctrl,24h,6,100.93166672163146
pep_0030,gene_006,ctrl,6h,1,241.3266273588191
pep_0030,gene_006,ctrl,6h,2,123.99874319854767
pep_0030,gene_006,ctrl,6h,3,179.83120654221173
pep_0030,gene_006,ctrl,6h,4,83.50781158341597
pep_0030,gene_006,ctrl,6h,5,86.90932341707159
pep_0030,gene_006,ctrl,6h,6,100.10927267223038
pep_0030,gene_006,drug,0h,1,98.5608816897903
pep_0030,gene_006,drug,0h,2,52.597617591693805
pep_0030,gene_006,drug,0h,3,138.2693162531967
pep_0030,gene_006,drug,0h,4,100.80055967081398
pep_0030,gene_006,drug,0h,5,68.92696936854556
pep_0030,gene_006,drug,0h,6,129.54024544639952
pep_0030,gene_006,drug,24h,1,357.7067191633578
pep_0030,gene_006,drug,24h,2,444.76981493522567
pep_0030,gene_006,drug,24h,3,277.6028427826825
pep_0030,gene_006,drug,24h,4,308.9989716484512
pep_0030,gene_006,drug,24h,5,292.9993314008144
pep_0030,gene_006,drug,24h,6,636.3619195701239
pep_0030,gene_006,drug,6h,1,114.79381125508236
pep_0030,gene_006,drug,6h,2,94.65254716500264
pep_0030,gene_006,drug,6h,3,100.75168170688886
pep_0030,gene_006,drug,6h,4,106.98338658798079
pep_0030,gene_006,drug,6h,5,84.2830567890042
pep_0030,gene_006,drug,6h,6,94.35632957361827
pep_0031,gene_007,ctrl,0h,1,127.21726110304704
pep_0031,gene_007,ctrl,0h,2,121.66625060643007
pep_0031,gene_007,ctrl,0h,3,139.069399141527
pep_0031,gene_007,ctrl,0h,4,96.11559215675453
pep_0031,gene_007,ctrl,0h,5,180.86793646870476
pep_0031,gene_007,ctrl,0h,6,168.1104148217975
pep_0031,gene_007,ctrl,24h,1,104.50722036015328
pep_0031,gene_007,ctrl,24h,2,137.00054066839627
pep_0031,gene_007,ctrl,24h,3,121.10426895892024
pep_0031,gene_007,ctrl,24h,4,83.43903800962057
pep_0031,gene_007,ctrl,24h,5,144.70143744611426
pep_0031,gene_007,ctrl,24h,6,76.38339917881085
pep_0031,gene_007,ctrl,6h,1,77.15396183885225
pep_0031,gene_007,ctrl,6h,2,171.10479612014058
pep_0031,gene_007,ctrl,6h,3,104.5349937541803
pep_0031,gene_007,ctrl,6h,4,109.3203625774279
pep_0031,gene_007,ctrl,6h,5,93.60116454739426
pep_0031,gene_007,ctrl,6h,6,208.4771723228356
pep_0031,gene_007,drug,0h,1,148.66951720018636
pep_0031,gene_007,drug,0h,2,124.68287081596469
pep_0031,gene_007,drug,0h,3,181.1483788849042
pep_0031,gene_007,drug,0h,4,112.66511896605638
pep_0031,gene_007,drug,0h,5,155.33426495198233
pep_0031,gene_007,drug,0h,6,161.77966123920726
pep_0031,gene_007,drug,24h,1,669.8434969633723
pep_0031,gene_007,drug,24h,2,506.9184705709012
pep_0031,gene_007,drug,24h,3,269.049800981089
pep_0031,gene_007,drug,24h,4,599.207561560464
pep_0031,gene_007,drug,24h,5,586.6661577761208
pep_0031,gene_007,drug,24h,6,413.6019420341218
pep_0031,gene_007,drug,6h,1,89.18428512908743
pep_0031,gene_007,drug,6h,2,238.29412386411065
pep_0031,gene_007,drug,6h,3,175.2202555124927
pep_0031,gene_007,drug,6h,4,269.0621477332416
pep_0031,gene_007,drug,6h,5,144.56967699634004
pep_0031,gene_007,drug,6h,6,214.70058498137394
pep_0032,gene_007,ctrl,0h,1,48.89007557620417
pep_0032,gene_007,ctrl,0h,2,54.26271670542612
pep_0032,gene_007,ctrl,0h,3,85.45455062606239
pep_0032,gene_007,ctrl,0h,4,71.76092620249872
pep_0032,gene_007,ctrl,0h,5,111.87615523319744
pep_0032,gene_007,ctrl,0h,6,90.73748365385082
pep_0032,gene_007,ctrl,24h,1,115.13061739598989
pep_0032,gene_007,ctrl,24h,2,98.6351990483627
pep_0032,gene_007,ctrl,24h,3,79.71331045113848
pep_0032,gene_007,ctrl,24h,4,124.75864103355812
pep_0032,gene_007,ctrl,24h,5,62.803086369213084
pep_0032,gene_007,ctrl,24h,6,77.31153500482814
pep_0032,gene_007,ctrl,6h,1,33.57891719462639
pep_0032,gene_007,ctrl,6h,2,94.43947277720964
pep_0032,gene_007,ctrl,6h,3,74.7243351964484
pep_0032,gene_007,ctrl,6h,4,72.2238688485272
pep_0032,gene_007,ctrl,6h,5,67.47776411363637
pep_0032,gene_007,ctrl,6h,6,97.71104023693455
pep_0032,gene_007,drug,0h,1,91.98609115305179
pep_0032,gene_007,drug,0h,2,77.60827230082234
pep_0032,gene_007,drug,0h,3,37.002519485019064
pep_0032,gene_007,drug,0h,4,50.412009551595624
pep_0032,gene_007,drug,0h,5,42.121824597459735
pep_0032,gene_007,drug,0h,6,43.61852545751652
pep_0032,gene_007,drug,24h,1,406.39757837768957
pep_0032,gene_007,drug,24h,2,450.0450812627322
pep_0032,gene_007,drug,24h,3,283.78153131900245
pep_0032,gene_007,drug,24h,4,671.99097179559
pep_0032,gene_007,drug,24h,5,179.2762897612003
pep_0032,gene_007,drug,24h,6,316.1609033877608
pep_0032,gene_007,drug,6h,1,71.09139264519945
pep_0032,gene_007,drug,6h,2,46.86483844631392
pep_0032,gene_007,drug,6h,3,46.70286808696222
pep_0032,gene_007,drug,6h,4,195.39013869021872
pep_0032,gene_007,drug,6h,5,127.97943684383534
pep_0032,gene_007,drug,6h,6,105.04196054670236
pep_0033,gene_007,ctrl,0h,1,120.23582902468763
pep_0033,gene_007,ctrl,0h,2,82.94198110704025
pep_0033,gene_007,ctrl,0h,3,70.44844953839373
pep_0033,gene_007,ctrl,0h,4,77.6085400878931
pep_0033,gene_007,ctrl,0h,5,89.93140628238451
pep_0033,gene_007,ctrl,0h,6,48.64862753377497
pep_0033,gene_007,ctrl,24h,1,79.88360293690373
pep_0033,gene_007,ctrl,24h,2,112.19233142187481
pep_0033,gene_007,ctrl,24h,3,73.40542441867902
pep_0033,gene_007,ctrl,24h,4,123.15569975166616
pep_0033,gene_007,ctrl,24h,5,76.42272653476587
pep_0033,gene_007,ctrl,24h,6,191.4862777888147
pep_0033,gene_007,ctrl,6h,1,98.20071066670124
pep_0033,gene_007,ctrl,6h,2,113.08184191184117
pep_0033,gene_007,ctrl,6h,3,81.2585187630142
pep_0033,gene_007,ctrl,6h,4,109.61950943255249
pep_0033,gene_007,ctrl,6h,5,79.21027407425576
pep_0033,gene_007,ctrl,6h,6,53.63034500074231
pep_0033,gene_007,drug,0h,1,48.57482768782151
pep_0033,gene_007,drug,0h,2,53.59521445175892
pep_0033,gene_007,drug,0h,3,108.54333879476411
pep_0033,gene_007,drug,0h,4,42.17084781602489
pep_0033,gene_007,drug,0h,5,48.765842556454494
pep_0033,gene_007,drug,0h,6,146.59447469877625
pep_0033,gene_007,drug,24h,1,260.4701773137812
pep_0033,gene_007,drug,24h,2,159.65031308189154
pep_0033,gene_007,drug,24h,3,310.5414828078893
pep_0033,gene_007,drug,24h,4,210.2249446989466
pep_0033,gene_007,drug,24h,5,257.59606120450127
pep_0033,gene_007,drug,24h,6,369.79683315420976
pep_0033,gene_007,drug,6h,1,77.73551403321571
pep_0033,gene_007,drug,6h,2,157.32329377914087
pep_0033,gene_007,drug,6h,3,103.81487127356027
pep_0033,gene_007,drug,6h,4,110.40053567239127
pep_0033,gene_007,drug,6h,5,77.74993386377393
pep_0033,gene_007,drug,6h,6,99.38937806453174
pep_0034,gene_007,ctrl,0h,1,43.662346813521495
pep_0034,gene_007,ctrl,0h,2,119.48530082392905
pep_0034,gene_007,ctrl,0h,3,89.59506503955753
pep_0034,gene_007,ctrl,0h,4,35.35056491982438
pep_0034,gene_007,ctrl,0h,5,43.73866293287178
pep_0034,gene_007,ctrl,0h,6,97.74434101179799
pep_0034,gene_007,ctrl,24h,1,76.49252872670196
pep_0034,gene_007,ctrl,24h,2,42.16138163911621
pep_0034,gene_007,ctrl,24h,3,27.657487988658023
pep_0034,gene_007,ctrl,24h,4,39.42086594498834
pep_0034,gene_007,ctrl,24h,5,46.169251200174664
pep_0034,gene_007,ctrl,24h,6,39.37917235398804
pep_0034,gene_007,ctrl,6h,1,41.8708909685486
pep_0034,gene_007,ctrl,6h,2,61.88624604377875
pep_0034,gene_007,ctrl,6h,3,51.42356458474198
pep_0034,gene_007,ctrl,6h,4,76.4127127080308
pep_0034,gene_007,ctrl,6h,5,40.77654310085373
pep_0034,gene_007,ctrl,6h,6,61.21547214330543
pep_0034,gene_007,drug,0h,1,106.21938884727167
pep_0034,gene_007,drug,0h,2,86.41304987853039
pep_0034,gene_007,drug,0h,3,76.75773509270086
pep_0034,gene_007,drug,0h,4,37.177867103645404
pep_0034,gene_007,drug,0h,5,57.49458362504702
pep_0034,gene_007,drug,0h,6,36.68627893145089
pep_0034,gene_007,drug,24h,1,282.7811339319557
pep_0034,gene_007,drug,24h,2,109.10790877152715
pep_0034,gene_007,drug,24h,3,127.50267052590274
pep_0034,gene_007,drug,24h,4,265.78383773424963
pep_0034,gene_007,drug,24h,5,297.42204476107975
pep_0034,gene_007,drug,24h,6,181.0567233203784
pep_0034,gene_007,drug,6h,1,68.02143454470331
pep_0034,gene_007,drug,6h,2,24.00712852562438
pep_0034,gene_007,drug,6h,3,85.74705885913083
pep_0034,gene_007,drug,6h,4,101.66465904420593
pep_0034,gene_007,drug,6h,5,61.25388340494136
pep_0034,gene_007,drug,6h,6,99.274508792558
pep_0035,gene_007,ctrl,0h,1,102.16798541384001
pep_0035,gene_007,ctrl,0h,2,29.421801096856967
pep_0035,gene_007,ctrl,0h,3,81.15745534088293
pep_0035,gene_007,ctrl,0h,4,46.53063218873984
pep_0035,gene_007,ctrl,0h,5,49.61958845292387
pep_0035,gene_007,ctrl,0h,6,29.84296698340757
pep_0035,gene_007,ctrl,24h,1,29.886194145357482
pep_0035,gene_007,ctrl,24h,2,33.25667439229399
pep_0035,gene_007,ctrl,24h,3,105.1363594218537
pep_0035,gene_007,ctrl,24h,4,43.76213471729466
pep_0035,gene_007,ctrl,24h,5,145.05168178359474
pep_0035,gene_007,ctrl,24h,6,77.66855510112514
pep_0035,gene_007,ctrl,6h,1,78.75592587185277
pep_0035,gene_007,ctrl,6h,2,51.69420695468241
pep_0035,gene_007,ctrl,6h,3,45.06462108214416
pep_0035,gene_007,ctrl,6h,4,49.401442387592105
pep_0035,gene_007,ctrl,6h,5,76.29874590876128
pep_0035,gene_007,ctrl,6h,6,40.40164821185361
pep_0035,gene_007,drug,0h,1,42.29402592539312
pep_0035,gene_007,drug,0h,2,53.63249579547084
pep_0035,gene_007,drug,0h,3,52.44859097564938
pep_0035,gene_007,drug,0h,4,48.10003083971254
pep_0035,gene_007,drug,0h,5,70.78352943068766
pep_0035,gene_007,drug,0h,6,57.26771199062946
pep_0035,gene_007,drug,24h,1,225.89188672879217
pep_0035,gene_007,drug,24h,2,457.6065496715173
pep_0035,gene_007,drug,24h,3,242.85770216765832
pep_0035,gene_007,drug,24h,4,297.76231096995826
pep_0035,gene_007,drug,24h,5,169.7084868925646
pep_0035,gene_007,drug,24h,6,338.6124429421476
pep_0035,gene_007,drug,6h,1,114.96611262411548
pep_0035,gene_007,drug,6h,2,54.90877770042456
pep_0035,gene_007,drug,6h,3,43.83891341820799
pep_0035,gene_007,drug,6h,4,136.093456272455
pep_0035,gene_007,drug,6h,5,52.534148345552495
pep_0035,gene_007,drug,6h,6,44.75748831742335
pep_0036,gene_008,ctrl,0h,1,51.603546396254856
pep_0036,gene_008,ctrl,0h,2,67.6991295735618
pep_0036,gene_008,ctrl,0h,3,68.17189635216252
pep_0036,gene_008,ctrl,0h,4,213.13933492055267
pep_0036,gene_008,ctrl,0h,5,121.28644046774755
pep_0036,gene_008,ctrl,0h,6,111.22965286491333
pep_0036,gene_008,ctrl,24h,1,49.50675763744658
pep_0036,gene_008,ctrl,24h,2,106.67917746181692
pep_0036,gene_008,ctrl,24h,3,74.3288265952525
pep_0036,gene_008,ctrl,24h,4,81.94174662964714
pep_0036,gene_008,ctrl,24h,5,54.22969420950794
pep_0036,gene_008,ctrl,24h,6,127.05309100381362
pep_0036,gene_008,ctrl,6h,1,64.9884823234535
pep_0036,gene_008,ctrl,6h,2,126.66691162668492
pep_0036,gene_008,ctrl,6h,3,191.12657051152595
pep_0036,gene_008,ctrl,6h,4,145.99132795961032
pep_0036,gene_008,ctrl,6h,5,69.50700548500744
pep_0036,gene_008,ctrl,6h,6,121.91064387779343
pep_0036,gene_008,drug,0h,1,47.94682702271452
pep_0036,gene_008,drug,0h,2,188.02084611032876
pep_0036,gene_008,drug,0h,3,160.37856001385273
pep_0036,gene_008,drug,0h,4,84.77523565303105
pep_0036,gene_008,drug,0h,5,160.39205772355916
pep_0036,gene_008,drug,0h,6,118.20836646592477
pep_0036,gene_008,drug,24h,1,480.62216493727846
pep_0036,gene_008,drug,24h,2,426.4464165212906
pep_0036,gene_008,drug,24h,3,778.9115609352541
pep_0036,gene_008,drug,24h,4,652.3269055411292
pep_0036,gene_008,drug,24h,5,881.2101740056776
pep_0036,gene_008,drug,24h,6,360.79915158578063
pep_0036,gene_008,drug,6h,1,81.0011166189786
pep_0036,gene_008,drug,6h,2,142.75494882816065
pep_0036,gene_008,drug,6h,3,151.31850779592756
pep_0036,gene_008,drug,6h,4,135.88274318513479
pep_0036,gene_008,drug,6h,5,94.52857715459056
pep_0036,gene_008,drug,6h,6,57.34819839071182
pep_0037,gene_008,ctrl,0h,1,23.089473678894763
pep_0037,gene_008,ctrl,0h,2,37.78792729953695
pep_0037,gene_008,ctrl,0h,3,39.43752254475229
pep_0037,gene_008,ctrl,0h,4,93.07231564985254
pep_0037,gene_008,ctrl,0h,5,19.78056334467968
pep_0037,gene_008,ctrl,0h,6,33.6659109604164
pep_0037,gene_008,ctrl,24h,1,57.64727415403392
pep_0037,gene_008,ctrl,24h,2,45.72440406454233
pep_0037,gene_008,ctrl,24h,3,76.66888407258938
pep_0037,gene_008,ctrl,24h,4,28.363895942707522
pep_0037,gene_008,ctrl,24h,5,71.93291870445192
pep_0037,gene_008,ctrl,24h,6,23.010722599418948
pep_0037,gene_008,ctrl,6h,1,66.47270638242368
pep_0037,gene_008,ctrl,6h,2,41.392582348126
pep_0037,gene_008,ctrl,6h,3,94.64357818227259
pep_0037,gene_008,ctrl,6h,4,42.383902520549825
pep_0037,gene_008,ctrl,6h,5,39.05850036350539
pep_0037,gene_008,ctrl,6h,6,61.87709905947341
pep_0037,gene_008,drug,0h,1,77.92770132136154
pep_0037,gene_008,drug,0h,2,75.18243919110283
pep_0037,gene_008,drug,0h,3,34.068278694974325
pep_0037,gene_008,drug,0h,4,49.26916085415192
pep_0037,gene_008,drug,0h,5,21.846424863531897
pep_0037,gene_008,drug,0h,6,37.7242327827569
pep_0037,gene_008,drug,24h,1,101.36445658363424
pep_0037,gene_008,drug,24h,2,308.499735292912
pep_0037,gene_008,drug,24h,3,223.5886099883117
pep_0037,gene_008,drug,24h,4,148.77187338490123
pep_0037,gene_008,drug,24h,5,79.82695213905527
pep_0037,gene_008,drug,24h,6,114.11287190093384
pep_0037,gene_008,drug,6h,1,36.25175534822253
pep_0037,gene_008,drug,6h,2,30.265537118907467
pep_0037,gene_008,drug,6h,3,45.818012863558124
pep_0037,gene_008,drug,6h,4,32.222803893432804
pep_0037,gene_008,drug,6h,5,33.53411603222702
pep_0037,gene_008,drug,6h,6,82.29440688021988
pep_0038,gene_008,ctrl,0h,1,57.70338745034925
pep_0038,gene_008,ctrl,0h,2,54.779799679891795
pep_0038,gene_008,ctrl,0h,3,71.99008084527003
pep_0038,gene_008,ctrl,0h,4,80.14854526499005
pep_0038,gene_008,ctrl,0h,5,128.7881904237802
pep_0038,gene_008,ctrl,0h,6,76.93319611314952
pep_0038,gene_008,ctrl,24h,1,45.2039948526597
pep_0038,gene_008,ctrl,24h,2,126.15491380746204
pep_0038,gene_008,ctrl,24h,3,63.54822756707771
pep_0038,gene_008,ctrl,24h,4,54.63300351383073
pep_0038,gene_008,ctrl,24h,5,84.2451980528612
pep_0038,gene_008,ctrl,24h,6,70.33907276361815
pep_0038,gene_008,ctrl,6h,1,85.86702932743148
pep_0038,gene_008,ctrl,6h,2,49.76768791867532
pep_0038,gene_008,ctrl,6h,3,56.163940755442894
pep_0038,gene_008,ctrl,6h,4,137.78665470525814
pep_0038,gene_008,ctrl,6h,5,68.84127872872271
pep_0038,gene_008,ctrl,6h,6,84.88161381461539
pep_0038,gene_008,drug,0h,1,93.6835853427599
pep_0038,gene_008,drug,0h,2,43.94597325845055
pep_0038,gene_008,drug,0h,3,75.98459295435126
pep_0038,gene_008,drug,0h,4,101.23814594887247
pep_0038,gene_008,drug,0h,5,59.38425522623071
pep_0038,gene_008,drug,0h,6,86.78673306016867
pep_0038,gene_008,drug,24h,1,408.6451093352935
pep_0038,gene_008,drug,24h,2,250.75865544635198
pep_0038,gene_008,drug,24h,3,227.3036551328997
pep_0038,gene_008,drug,24h,4,200.93906271279488
pep_0038,gene_008,drug,24h,5,305.25949174193306
pep_0038,gene_008,drug,24h,6,200.61604279261277
pep_0038,gene_008,drug,6h,1,112.10099475882863
pep_0038,gene_008,drug,6h,2,132.62984177178615
pep_0038,gene_008,drug,6h,3,73.74945665201129
pep_0038,gene_008,drug,6h,4,83.61663431601583
pep_0038,gene_008,drug,6h,5,80.70491816611536
pep_0038,gene_008,drug,6h,6,58.7253376128484
pep_0039,gene_008,ctrl,0h,1,136.56377244370998
pep_0039,gene_008,ctrl,0h,2,113.12606796113731
pep_0039,gene_008,ctrl,0h,3,143.2367682977077
pep_0039,gene_008,ctrl,0h,4,154.4288593954545
pep_0039,gene_008,ctrl,0h,5,144.34287374868268
pep_0039,gene_008,ctrl,0h,6,220.31176103441246
pep_0039,gene_008,ctrl,24h,1,211.30225567218102
pep_0039,gene_008,ctrl,24h,2,132.80355533206884
pep_0039,gene_008,ctrl,24h,3,189.59254148063297
pep_0039,gene_008,ctrl,24h,4,135.12071869560697
pep_0039,gene_008,ctrl,24h,5,135.50867931444347
pep_0039,gene_008,ctrl,24h,6,138.01238128866026
pep_0039,gene_008,ctrl,6h,1,116.45678444404393
pep_0039,gene_008,ctrl,6h,2,109.14629702356594
pep_0039,gene_008,ctrl,6h,3,115.54027724816827
pep_0039,gene_008,ctrl,6h,4,187.314802365155
pep_0039,gene_008,ctrl,6h,5,114.46286146352837
pep_0039,gene_008,ctrl,6h,6,113.50393160840528
pep_0039,gene_008,drug,0h,1,166.67399047077254
pep_0039,gene_008,drug,0h,2,78.98704028292903
pep_0039,gene_008,drug,0h,3,148.75266652728592
pep_0039,gene_008,drug,0h,4,145.8589707857532
pep_0039,gene_008,drug,0h,5,118.71616373351834
pep_0039,gene_008,drug,0h,6,114.7459524442872
pep_0039,gene_008,drug,24h,1,214.2421391120883
pep_0039,gene_008,drug,24h,2,484.371337128793
pep_0039,gene_008,drug,24h,3,425.9755715907832
pep_0039,gene_008,drug,24h,4,403.5336232071456
pep_0039,gene_008,drug,24h,5,273.4559818314952
pep_0039,gene_008,drug,24h,6,464.4323856198941
pep_0039,gene_008,drug,6h,1,69.57319132250993
pep_0039,gene_008,drug,6h,2,97.13853857107216
pep_0039,gene_008,drug,6h,3,116.95885044793746
pep_0039,gene_008,drug,6h,4,137.50082775330705
pep_0039,gene_008,drug,6h,5,107.39077394821943
pep_0039,gene_008,drug,6h,6,94.15339430337644
pep_0040,gene_008,ctrl,0h,1,118.8331109793751
pep_0040,gene_008,ctrl,0h,2,76.92591884368625
pep_0040,gene_008,ctrl,0h,3,55.07629694296696
pep_0040,gene_008,ctrl,0h,4,153.05577484811792
pep_0040,gene_008,ctrl,0h,5,33.979509672179624
pep_0040,gene_008,ctrl,0h,6,48.828306628306116
pep_0040,gene_008,ctrl,24h,1,145.79344609726996
pep_0040,gene_008,ctrl,24h,2,94.45554243022143
pep_0040,gene_008,ctrl,24h,3,108.03007070883903
pep_0040,gene_008,ctrl,24h,4,191.84275390808287
pep_0040,gene_008,ctrl,24h,5,157.1405441159458
pep_0040,gene_008,ctrl,24h,6,98.41536755696909
pep_0040,gene_008,ctrl,6h,1,130.94663637509612
pep_0040,gene_008,ctrl,6h,2,169.63697976385208
pep_0040,gene_008,ctrl,6h,3,79.49808266357539
pep_0040,gene_008,ctrl,6h,4,121.77263876720033
pep_0040,gene_008,ctrl,6h,5,170.14789886720695
pep_0040,gene_008,ctrl,6h,6,143.84534405553686
pep_0040,gene_008,drug,0h,1,210.36637257108583
pep_0040,gene_008,drug,0h,2,106.95331721344611
pep_0040,gene_008,drug,0h,3,66.30353430341744
pep_0040,gene_008,drug,0h,4,54.65412186609039
pep_0040,gene_008,drug,0h,5,73.36256084962082
pep_0040,gene_008,drug,0h,6,24.163885935415163
pep_0040,gene_008,drug,24h,1,625.8366244403842
pep_0040,gene_008,drug,24h,2,540.8079620854269
pep_0040,gene_008,drug,24h,3,853.5187187732867
pep_0040,gene_008,drug,24h,4,577.6164395077395
pep_0040,gene_008,drug,24h,5,471.1930957614141
pep_0040,gene_008,drug,24h,6,556.3349090099334
pep_0040,gene_008,drug,6h,1,85.16663083627522
pep_0040,gene_008,drug,6h,2,176.8811485445376
pep_0040,gene_008,drug,6h,3,90.95538760886363
pep_0040,gene_008,drug,6h,4,62.74677997382137
pep_0040,gene_008,drug,6h,5,139.4546926809796
pep_0040,gene_008,drug,6h,6,82.1876456268461
pep_0041,gene_009,ctrl,0h,1,43.66431055858264
pep_0041,gene_009,ctrl,0h,2,89.71217210279107
pep_0041,gene_009,ctrl,0h,3,104.91952771855371
pep_0041,gene_009,ctrl,0h,4,68.80905712100142
pep_0041,gene_009,ctrl,0h,5,53.52297803477801
pep_0041,gene_009,ctrl,0h,6,102.75214602529347
pep_0041,gene_009,ctrl,24h,1,73.23638670408424
pep_0041,gene_009,ctrl,24h,2,41.54161079270895
pep_0041,gene_009,ctrl,24h,3,83.75378578964714
pep_0041,gene_009,ctrl,24h,4,69.3559003094028
pep_0041,gene_009,ctrl,24h,5,72.95729124364128
pep_0041,gene_009,ctrl,24h,6,77.8614301783148
pep_0041,gene_009,ctrl,6h,1,46.137947143799444
pep_0041,gene_009,ctrl,6h,2,56.33923121122448
pep_0041,gene_009,ctrl,6h,3,13.487604803876291
pep_0041,gene_009,ctrl,6h,4,109.18636210536884
pep_0041,gene_009,ctrl,6h,5,69.57294270038494
pep_0041,gene_009,ctrl,6h,6,139.5548494570659
pep_0041,gene_009,drug,0h,1,44.0951707523011
pep_0041,gene_009,drug,0h,2,33.11057912496412
pep_0041,gene_009,drug,0h,3,126.25644372439513
pep_0041,gene_009,drug,0h,4,45.639114893436826
pep_0041,gene_009,drug,0h,5,43.84831727552524
pep_0041,gene_009,drug,0h,6,23.32077467909023
pep_0041,gene_009,drug,24h,1,252.0257016216286
pep_0041,gene_009,drug,24h,2,262.70055917718804
pep_0041,gene_009,drug,24h,3,227.2931058356526
pep_0041,gene_009,drug,24h,4,260.5660906459043
pep_0041,gene_009,drug,24h,5,170.34363453641322
pep_0041,gene_009,drug,24h,6,146.00623296808436
pep_0041,gene_009,drug,6h,1,43.955895798001904
pep_0041,gene_009,drug,6h,2,67.3184664456762
pep_0041,gene_009,drug,6h,3,33.67569559380581
pep_0041,gene_009,drug,6h,4,48.86576154104022
pep_0041,gene_009,drug,6h,5,32.75330482985971
pep_0041,gene_009,drug,6h,6,63.558323536970825
pep_0042,gene_009,ctrl,0h,1,129.60182535013783
pep_0042,gene_009,ctrl,0h,2,100.8545396788773
pep_0042,gene_009,ctrl,0h,3,96.3584429762131
pep_0042,gene_009,ctrl,0h,4,76.2921339576015
pep_0042,gene_009,ctrl,0h,5,118.31193838705921
pep_0042,gene_009,ctrl,0h,6,78.58591196269272
pep_0042,gene_009,ctrl,24h,1,115.76550613733284
pep_0042,gene_009,ctrl,24h,2,57.62228479558968
pep_0042,gene_009,ctrl,24h,3,91.14379482137585
pep_0042,gene_009,ctrl,24h,4,115.56080960687326
pep_0042,gene_009,ctrl,24h,5,111.84905649884077
pep_0042,gene_009,ctrl,24h,6,44.86539696511265
pep_0042,gene_009,ctrl,6h,1,96.09514623209401
pep_0042,gene_009,ctrl,6h,2,67.09064753112276
pep_0042,gene_009,ctrl,6h,3,76.5792904006999
pep_0042,gene_009,ctrl,6h,4,110.92217138888935
pep_0042,gene_009,ctrl,6h,5,74.38370536756591
pep_0042,gene_009,ctrl,6h,6,43.31030454512172
pep_0042,gene_009,drug,0h,1,56.26436439063529
pep_0042,gene_009,drug,0h,2,68.16774625996659
pep_0042,gene_009,drug,0h,3,102.1292864425083
pep_0042,gene_009,drug,0h,4,44.26276525945095
pep_0042,gene_009,drug,0h,5,87.26459696866414
pep_0042,gene_009,drug,0h,6,88.43405131667411
pep_0042,gene_009,drug,24h,1,174.47239357733324
pep_0042,gene_009,drug,24h,2,382.66532831075233
pep_0042,gene_009,drug,24h,3,204.7000017785275
pep_0042,gene_009,drug,24h,4,326.2548851173945
pep_0042,gene_009,drug,24h,5,337.86834579301615
pep_0042,gene_009,drug,24h,6,113.77589921463061
pep_0042,gene_009,drug,6h,1,121.55876199417209
pep_0042,gene_009,drug,6h,2,101.24395231197168
pep_0042,gene_009,drug,6h,3,40.26674653487328
pep_0042,gene_009,drug,6h,4,86.38915398631099
pep_0042,gene_009,drug,6h,5,57.702199049131885
pep_0042,gene_009,drug,6h,6,62.653979106821275
pep_0043,gene_009,ctrl,0h,1,113.99518382739461
pep_0043,gene_009,ctrl,0h,2,76.86531038193971
pep_0043,gene_009,ctrl,0h,3,115.46351658855231
pep_0043,gene_009,ctrl,0h,4,119.61850345652896
pep_0043,gene_009,ctrl,0h,5,70.60506841733388
pep_0043,gene_009,ctrl,0h,6,116.44888435246023
pep_0043,gene_009,ctrl,24h,1,100.76687509305081
pep_0043,gene_009,ctrl,24h,2,107.48510703409379
pep_0043,gene_009,ctrl,24h,3,92.61968591085098
pep_0043,gene_009,ctrl,24h,4,69.0390619919255
pep_0043,gene_009,ctrl,24h,5,48.18614550229879
pep_0043,gene_009,ctrl,24h,6,37.38662085732997
pep_0043,gene_009,ctrl,6h,1,148.03399464155729
pep_0043,gene_009,ctrl,6h,2,64.43009987846311
pep_0043,gene_009,ctrl,6h,3,74.71786116082822
pep_0043,gene_009,ctrl,6h,4,105.74155510636943
pep_0043,gene_009,ctrl,6h,5,111.36019576429464
pep_0043,gene_009,ctrl,6h,6,75.28021832259887
pep_0043,gene_009,drug,0h,1,94.73945510441565
pep_0043,gene_009,drug,0h,2,38.37558595307208
pep_0043,gene_009,drug,0h,3,162.91740151303935
pep_0043,gene_009,drug,0h,4,62.45572479584501
pep_0043,gene_009,drug,0h,5,113.71313931827433
pep_0043,gene_009,drug,0h,6,83.49894426211881
pep_0043,gene_009,drug,24h,1,454.2935177205474
pep_0043,gene_009,drug,24h,2,276.00771196655086
pep_0043,gene_009,drug,24h,3,445.5769211443349
pep_0043,gene_009,drug,24h,4,488.35562254739494
pep_0043,gene_009,drug,24h,5,255.0512572170045
pep_0043,gene_009,drug,24h,6,482.6412699172877
pep_0043,gene_009,drug,6h,1,60.34505602072339
pep_0043,gene_009,drug,6h,2,64.86057647349706
pep_0043,gene_009,drug,6h,3,123.09680105500863
pep_0043,gene_009,drug,6h,4,67.59935829314968
pep_0043,gene_009,drug,6h,5,50.15499745740146
pep_0043,gene_009,drug,6h,6,113.67490324999073
pep_0044,gene_009,ctrl,0h,1,15.978324500124696
pep_0044,gene_009,ctrl,0h,2,54.60332921314473
pep_0044,gene_009,ctrl,0h,3,50.761254361797256
pep_0044,gene_009,ctrl,0h,4,45.09514439806379
pep_0044,gene_009,ctrl,0h,5,21.03473995207317
pep_0044,gene_009,ctrl,0h,6,59.52716456867108
pep_0044,gene_009,ctrl,24h,1,87.46983949655171
pep_0044,gene_009,ctrl,24h,2,57.76619517677955
pep_0044,gene_009,ctrl,24h,3,134.55543529600368
pep_0044,gene_009,ctrl,24h,4,90.13891088503533
pep_0044,gene_009,ctrl,24h,5,100.45745168262135
pep_0044,gene_009,ctrl,24h,6,69.74113045652007
pep_0044,gene_009,ctrl,6h,1,69.01785165988956
pep_0044,gene_009,ctrl,6h,2,78.06364186970718
pep_0044,gene_009,ctrl,6h,3,61.81780710720222
pep_0044,gene_009,ctrl,6h,4,32.110498495347514
pep_0044,gene_009,ctrl,6h,5,37.69613698277142
pep_0044,gene_009,ctrl,6h,6,111.40112020417571
pep_0044,gene_009,drug,0h,1,81.16261402624698
pep_0044,gene_009,drug,0h,2,142.40610459791864
pep_0044,gene_009,drug,0h,3,110.01277432289126
pep_0044,gene_009,drug,0h,4,33.527676345231725
pep_0044,gene_009,drug,0h,5,63.02740319761427
pep_0044,gene_009,drug,0h,6,100.08497271946874
pep_0044,gene_009,drug,24h,1,62.818299677537276
pep_0044,gene_009,drug,24h,2,445.2814861596221
pep_0044,gene_009,drug,24h,3,202.5569920159181
pep_0044,gene_009,drug,24h,4,359.5335198659487
pep_0044,gene_009,drug,24h,5,273.40980579973007
pep_0044,gene_009,drug,24h,6,168.76422978169197
pep_0044,gene_009,drug,6h,1,50.512012493601866
pep_0044,gene_009,drug,6h,2,49.184555778241574
pep_0044,gene_009,drug,6h,3,84.06005078291896
pep_0044,gene_009,drug,6h,4,23.332840483185723
pep_0044,gene_009,drug,6h,5,47.173478146531885
pep_0044,gene_009,drug,6h,6,61.023363401448385
pep_0045,gene_009,ctrl,0h,1,47.02396321586935
pep_0045,gene_009,ctrl,0h,2,101.81748767648963
pep_0045,gene_009,ctrl,0h,3,92.9566130071861
pep_0045,gene_009,ctrl,0h,4,36.80118653165833
pep_0045,gene_009,ctrl,0h,5,11.843950042997585
pep_0045,gene_009,ctrl,0h,6,39.341889883567355
pep_0045,gene_009,ctrl,24h,1,47.57098268533705
pep_0045,gene_009,ctrl,24h,2,32.24133129118297
pep_0045,gene_009,ctrl,24h,3,27.99444357529564
pep_0045,gene_009,ctrl,24h,4,143.26863259334795
pep_0045,gene_009,ctrl,24h,5,56.48358535088056
pep_0045,gene_009,ctrl,24h,6,67.25597589380021
pep_0045,gene_009,ctrl,6h,1,48.37712817795019
pep_0045,gene_009,ctrl,6h,2,29.116057833140342
pep_0045,gene_009,ctrl,6h,3,21.994015700758137
pep_0045,gene_009,ctrl,6h,4,16.725524714679917
pep_0045,gene_009,ctrl,6h,5,50.91652673890635
pep_0045,gene_009,ctrl,6h,6,47.81634326101712
pep_0045,gene_009,drug,0h,1,42.89789124668364
pep_0045,gene_009,drug,0h,2,33.378467554691234
pep_0045,gene_009,drug,0h,3,62.97700210646111
pep_0045,gene_009,drug,0h,4,30.689117304159492
pep_0045,gene_009,drug,0h,5,12.825011290196162
pep_0045,gene_009,drug,0h,6,23.283342410775248
pep_0045,gene_009,drug,24h,1,211.1689216492424
pep_0045,gene_009,drug,24h,2,306.9711409694627
pep_0045,gene_009,drug,24h,3,152.70571268899488
pep_0045,gene_009,drug,24h,4,365.62835432327205
pep_0045,gene_009,drug,24h,5,315.1672680776054
pep_0045,gene_009,drug,24h,6,184.84648668066797
pep_0045,gene_009,drug,6h,1,28.87250813459351
pep_0045,gene_009,drug,6h,2,38.637070876314446
pep_0045,gene_009,drug,6h,3,67.84976042776351
pep_0045,gene_009,drug,6h,4,50.188848198096224
pep_0045,gene_009,drug,6h,5,50.25984292067148
pep_0045,gene_009,drug,6h,6,61.51478048121433
pep_0046,gene_010,ctrl,0h,1,25.392296304833046
pep_0046,gene_010,ctrl,0h,2,61.49739422842889
pep_0046,gene_010,ctrl,0h,3,63.77167523990358
pep_0046,gene_010,ctrl,0h,4,51.861035604442236
pep_0046,gene_010,ctrl,0h,5,121.0504584631171
pep_0046,gene_010,ctrl,0h,6,9.058769134150218
pep_0046,gene_010,ctrl,24h,1,81.6121809527323
pep_0046,gene_010,ctrl,24h,2,57.14352547996329
pep_0046,gene_010,ctrl,24h,3,32.62719157104066
pep_0046,gene_010,ctrl,24h,4,57.50945697416198
pep_0046,gene_010,ctrl,24h,5,101.5919894170205
pep_0046,gene_010,ctrl,24h,6,100.31642515959832
pep_0046,gene_010,ctrl,6h,1,47.857318894985674
pep_0046,gene_010,ctrl,6h,2,30.797469367020508
pep_0046,gene_010,ctrl,6h,3,46.31504976673657
pep_0046,gene_010,ctrl,6h,4,80.812847928371
pep_0046,gene_010,ctrl,6h,5,99.21082333713998
pep_0046,gene_010,ctrl,6h,6,118.24485623066624
pep_0046,gene_010,drug,0h,1,179.23786854430543
pep_0046,gene_010,drug,0h,2,18.836338912107333
pep_0046,gene_010,drug,0h,3,47.83077377272782
pep_0046,gene_010,drug,0h,4,126.21282889114049
pep_0046,gene_010,drug,0h,5,38.140882689114356
pep_0046,gene_010,drug,0h,6,69.75551334739606
pep_0046,gene_010,drug,24h,1,474.76932308294033
pep_0046,gene_010,drug,24h,2,249.91946340196412
pep_0046,gene_010,drug,24h,3,140.1461309253917
pep_0046,gene_010,drug,24h,4,244.87586999582803
pep_0046,gene_010,drug,24h,5,186.9501207631958
pep_0046,gene_010,drug,24h,6,338.4523630296686
pep_0046,gene_010,drug,6h,1,56.220441316689886
pep_0046,gene_010,drug,6h,2,65.87204201569872
pep_0046,gene_010,drug,6h,3,33.67448095240928
pep_0046,gene_010,drug,6h,4,40.630893377573074
pep_0046,gene_010,drug,6h,5,28.83308838816846
pep_0046,gene_010,drug,6h,6,52.60292687267679
pep_0047,gene_010,ctrl,0h,1,102.15898638456181
pep_0047,gene_010,ctrl,0h,2,124.01112504997016
pep_0047,gene_010,ctrl,0h,3,43.5119399922416
pep_0047,gene_010,ctrl,0h,4,54.652050172642426
pep_0047,gene_010,ctrl,0h,5,75.89415675722778
pep_0047,gene_010,ctrl,0h,6,69.32924526715941
pep_0047,gene_010,ctrl,24h,1,114.39432503742353
pep_0047,gene_010,ctrl,24h,2,104.35987639861057
pep_0047,gene_010,ctrl,24h,3,82.39951755747092
pep_0047,gene_010,ctrl,24h,4,65.50771600411571
pep_0047,gene_010,ctrl,24h,5,65.25275565831751
pep_0047,gene_010,ctrl,24h,6,114.5137652445872
pep_0047,gene_010,ctrl,6h,1,150.06888029289738
pep_0047,gene_010,ctrl,6h,2,86.79927778359678
pep_0047,gene_010,ctrl,6h,3,73.06775726282979
pep_0047,gene_010,ctrl,6h,4,107.05124481865215
pep_0047,gene_010,ctrl,6h,5,90.15303982459301
pep_0047,gene_010,ctrl,6h,6,86.32331627619013
pep_0047,gene_010,drug,0h,1,132.36930356711287
pep_0047,gene_010,drug,0h,2,80.91917908251452
pep_0047,gene_010,drug,0h,3,102.72437877169253
pep_0047,gene_010,drug,0h,4,116.57884800153066
pep_0047,gene_010,drug,0h,5,93.88162434595888
pep_0047,gene_010,drug,0h,6,112.49204880433989
pep_0047,gene_010,drug,24h,1,209.27043569792278
pep_0047,gene_010,drug,24h,2,408.27394462333
pep_0047,gene_010,drug,24h,3,196.66206860988123
pep_0047,gene_010,drug,24h,4,227.34927864876576
pep_0047,gene_010,drug,24h,5,233.47051895921462
pep_0047,gene_010,drug,24h,6,466.0716198061269
pep_0047,gene_010,drug,6h,1,82.2444544658527
pep_0047,gene_010,drug,6h,2,177.64402450011815
pep_0047,gene_010,drug,6h,3,109.99911037516344
pep_0047,gene_010,drug,6h,4,83.85243848175108
pep_0047,gene_010,drug,6h,5,62.57137753641732
pep_0047,gene_010,drug,6h,6,74.04114704477881
pep_0048,gene_010,ctrl,0h,1,76.10730233514487
pep_0048,gene_010,ctrl,0h,2,96.5495350681259
pep_0048,gene_010,ctrl,0h,3,125.51803073678992
pep_0048,gene_010,ctrl,0h,4,49.230878765865086
pep_0048,gene_010,ctrl,0h,5,65.80191552893521
pep_0048,gene_010,ctrl,0h,6,86.94831353869787
pep_0048,gene_010,ctrl,24h,1,40.97243511285141
pep_0048,gene_010,ctrl,24h,2,46.28646562525314
pep_0048,gene_010,ctrl,24h,3,130.86677968812933
pep_0048,gene_010,ctrl,24h,4,70.39955899231137
pep_0048,gene_010,ctrl,24h,5,58.083024423117394
pep_0048,gene_010,ctrl,24h,6,85.34340385637837
pep_0048,gene_010,ctrl,6h,1,23.93706650864421
pep_0048,gene_010,ctrl,6h,2,52.502321852498646
pep_0048,gene_010,ctrl,6h,3,34.355734550550494
pep_0048,gene_010,ctrl,6h,4,83.49464140384887
pep_0048,gene_010,ctrl,6h,5,40.79049609401016
pep_0048,gene_010,ctrl,6h,6,110.43199375808696
pep_0048,gene_010,drug,0h,1,62.27027866311083
pep_0048,gene_010,drug,0h,2,72.09102539366383
pep_0048,gene_010,drug,0h,3,122.31152385316175
pep_0048,gene_010,drug,0h,4,105.6707152785305
pep_0048,gene_010,drug,0h,5,46.675212074563696
pep_0048,gene_010,drug,0h,6,94.69432483089393
pep_0048,gene_010,drug,24h,1,316.9373993192033
pep_0048,gene_010,drug,24h,2,340.2359932395725
pep_0048,gene_010,drug,24h,3,231.61816755069506
pep_0048,gene_010,drug,24h,4,223.45447450653603
pep_0048,gene_010,drug,24h,5,427.5486604087
pep_0048,gene_010,drug,24h,6,273.01731855041993
pep_0048,gene_010,drug,6h,1,89.99651437709088
pep_0048,gene_010,drug,6h,2,74.79106020418006
pep_0048,gene_010,drug,6h,3,155.53956945411505
pep_0048,gene_010,drug,6h,4,69.488782531961
pep_0048,gene_010,drug,6h,5,122.727942210799
pep_0048,gene_010,drug,6h,6,111.2409631690658
pep_0049,gene_010,ctrl,0h,1,94.20285919896376
pep_0049,gene_010,ctrl,0h,2,111.01495681500994
pep_0049,gene_010,ctrl,0h,3,44.42674591063905
pep_0049,gene_010,ctrl,0h,4,51.58038093006116
pep_0049,gene_010,ctrl,0h,5,50.98395514868783
pep_0049,gene_010,ctrl,0h,6,34.58549114911953
pep_0049,gene_010,ctrl,24h,1,59.870633008402464
pep_0049,gene_010,ctrl,24h,2,48.04361474499618
pep_0049,gene_010,ctrl,24h,3,129.64632421649773
pep_0049,gene_010,ctrl,24h,4,86.70630803979941
pep_0049,gene_010,ctrl,24h,5,70.67085796382162
pep_0049,gene_010,ctrl,24h,6,70.84152550446872
pep_0049,gene_010,ctrl,6h,1,55.95932783030381
pep_0049,gene_010,ctrl,6h,2,87.95992622589088
pep_0049,gene_010,ctrl,6h,3,46.964638625954876
pep_0049,gene_010,ctrl,6h,4,49.945054099342066
pep_0049,gene_010,ctrl,6h,5,108.44471757824485
pep_0049,gene_010,ctrl,6h,6,73.4986205361217
pep_0049,gene_010,drug,0h,1,45.61261624562673
pep_0049,gene_010,drug,0h,2,56.741972504355964
pep_0049,gene_010,drug,0h,3,70.21564681051926
pep_0049,gene_010,drug,0h,4,54.336517220101314
pep_0049,gene_010,drug,0h,5,111.72867722157356
pep_0049,gene_010,drug,0h,6,87.52864086397048
pep_0049,gene_010,drug,24h,1,171.7118752657316
pep_0049,gene_010,drug,24h,2,279.27597970459743
pep_0049,gene_010,drug,24h,3,255.6128174863946
pep_0049,gene_010,drug,24h,4,202.5070479033867
pep_0049,gene_010,drug,24h,5,97.0624226876411
pep_0049,gene_010,drug,24h,6,161.63365786097108
pep_0049,gene_010,drug,6h,1,55.70667181904741
pep_0049,gene_010,drug,6h,2,38.00193010404271
pep_0049,gene_010,drug,6h,3,62.823742112129786
pep_0049,gene_010,drug,6h,4,69.3562553909336
pep_0049,gene_010,drug,6h,5,114.13969205685706
pep_0049,gene_010,drug,6h,6,54.96175927113333
pep_0050,gene_010,ctrl,0h,1,133.35172467419324
pep_0050,gene_010,ctrl,0h,2,154.4414698751138
pep_0050,gene_010,ctrl,0h,3,107.20599148408834
pep_0050,gene_010,ctrl,0h,4,73.80862475743844
pep_0050,gene_010,ctrl,0h,5,120.78819385492906
pep_0050,gene_010,ctrl,0h,6,75.95626819347571
pep_0050,gene_010,ctrl,24h,1,116.12621542932462
pep_0050,gene_010,ctrl,24h,2,125.92018205193536
pep_0050,gene_010,ctrl,24h,3,101.246049854289
pep_0050,gene_010,ctrl,24h,4,111.61586798479956
pep_0050,gene_010,ctrl,24h,5,217.35823431601258
pep_0050,gene_010,ctrl,24h,6,71.46690028130186
pep_0050,gene_010,ctrl,6h,1,138.0073476051825
pep_0050,gene_010,ctrl,6h,2,137.1585133908692
pep_0050,gene_010,ctrl,6h,3,67.14360928366364
pep_0050,gene_010,ctrl,6h,4,48.09962305181243
pep_0050,gene_010,ctrl,6h,5,58.78662450137786
pep_0050,gene_010,ctrl,6h,6,120.89993604767338
pep_0050,gene_010,drug,0h,1,121.57845141586485
pep_0050,gene_010,drug,0h,2,79.29761078982969
pep_0050,gene_010,drug,0h,3,37.53546762363125
pep_0050,gene_010,drug,0h,4,115.31430577027147
pep_0050,gene_010,drug,0h,5,149.9758622687883
pep_0050,gene_010,drug,0h,6,119.93880839993756
pep_0050,gene_010,drug,24h,1,300.0116526635044
pep_0050,gene_010,drug,24h,2,334.71229995178237
pep_0050,gene_010,drug,24h,3,366.9599509312625
pep_0050,gene_010,drug,24h,4,742.3922947827327
pep_0050,gene_010,drug,24h,5,406.6166521064983
pep_0050,gene_010,drug,24h,6,937.9802535592474
pep_0050,gene_010,drug,6h,1,109.56231021414659
pep_0050,gene_010,drug,6h,2,58.84304367631339
pep_0050,gene_010,drug,6h,3,70.87546811684626
pep_0050,gene_010,drug,6h,4,122.68053324358043
pep_0050,gene_010,drug,6h,5,87.21561510526627
pep_0050,gene_010,drug,6h,6,68.88621327669786
pep_0051,gene_011,ctrl,0h,1,123.45881362141478
pep_0051,gene_011,ctrl,0h,2,59.411137959977545
pep_0051,gene_011,ctrl,0h,3,46.51164871527676
pep_0051,gene_011,ctrl,0h,4,77.22536435721565
pep_0051,gene_011,ctrl,0h,5,42.697211504151454
pep_0051,gene_011,ctrl,0h,6,81.36014108483585
pep_0051,gene_011,ctrl,24h,1,70.58966581103448
pep_0051,gene_011,ctrl,24h,2,104.36499290230493
pep_0051,gene_011,ctrl,24h,3,165.4820230250893
pep_0051,gene_011,ctrl,24h,4,52.9637077091436
pep_0051,gene_011,ctrl,24h,5,94.71240955082334
pep_0051,gene_011,ctrl,24h,6,129.2146815866284
pep_0051,gene_011,ctrl,6h,1,64.37496321128994
pep_0051,gene_011,ctrl,6h,2,44.528101547766624
pep_0051,gene_011,ctrl,6h,3,91.40125674732288
pep_0051,gene_011,ctrl,6h,4,80.39184705068536
pep_0051,gene_011,ctrl,6h,5,105.74760729862311
pep_0051,gene_011,ctrl,6h,6,135.35451507107416
pep_0051,gene_011,drug,0h,1,78.30303638244361
pep_0051,gene_011,drug,0h,2,96.21895873600812
pep_0051,gene_011,drug,0h,3,76.30737798379104
pep_0051,gene_011,drug,0h,4,62.72258907205214
pep_0051,gene_011,drug,0h,5,145.9418008206837
pep_0051,gene_011,drug,0h,6,84.65741480984025
pep_0051,gene_011,drug,24h,1,75.13278326828808
pep_0051,gene_011,drug,24h,2,88.40264567638825
pep_0051,gene_011,drug,24h,3,78.55026060944444
pep_0051,gene_011,drug,24h,4,154.68427586135255
pep_0051,gene_011,drug,24h,5,95.46294166087249
pep_0051,gene_011,drug,24h,6,85.22912966507822
pep_0051,gene_011,drug,6h,1,81.88933948761748
pep_0051,gene_011,drug,6h,2,76.45550673579453
pep_0051,gene_011,drug,6h,3,127.94941221120705
pep_0051,gene_011,drug,6h,4,72.88753201700379
pep_0051,gene_011,drug,6h,5,67.49786794770374
pep_0051,gene_011,drug,6h,6,69.2206481197242
pep_0052,gene_011,ctrl,0h,1,140.64536982105307
pep_0052,gene_011,ctrl,0h,2,152.5680536652852
pep_0052,gene_011,ctrl,0h,3,76.87041117867487
pep_0052,gene_011,ctrl,0h,4,114.07628095270776
pep_0052,gene_011,ctrl,0h,5,63.11683979080373
pep_0052,gene_011,ctrl,0h,6,124.80606994302839
pep_0052,gene_011,ctrl,24h,1,124.62623684144604
pep_0052,gene_011,ctrl,24h,2,89.37430268404799
pep_0052,gene_011,ctrl,24h,3,99.53465766812573
pep_0052,gene_011,ctrl,24h,4,188.68704780167621
pep_0052,gene_011,ctrl,24h,5,127.94058043590992
pep_0052,gene_011,ctrl,24h,6,133.12383399742168
pep_0052,gene_011,ctrl,6h,1,131.64749469324818
pep_0052,gene_011,ctrl,6h,2,177.16752111601426
pep_0052,gene_011,ctrl,6h,3,211.98082720588198
pep_0052,gene_011,ctrl,6h,4,253.80933995620344
pep_0052,gene_011,ctrl,6h,5,115.13389180899736
pep_0052,gene_011,ctrl,6h,6,139.9822658171262
pep_0052,gene_011,drug,0h,1,94.22384208290384
pep_0052,gene_011,drug,0h,2,166.34312352252132
pep_0052,gene_011,drug,0h,3,181.02007110477422
pep_0052,gene_011,drug,0h,4,92.14695862156547
pep_0052,gene_011,drug,0h,5,86.7532287204742
pep_0052,gene_011,drug,0h,6,66.52111144494904
pep_0052,gene_011,drug,24h,1,316.77414201546895
pep_0052,gene_011,drug,24h,2,74.9808434204107
pep_0052,gene_011,drug,24h,3,137.9769885084245
pep_0052,gene_011,drug,24h,4,105.98858847701104
pep_0052,gene_011,drug,24h,5,88.1487290836493
pep_0052,gene_011,drug,24h,6,69.83476668030933
pep_0052,gene_011,drug,6h,1,172.2213365777068
pep_0052,gene_011,drug,6h,2,112.26885061164943
pep_0052,gene_011,drug,6h,3,166.85315956028262
pep_0052,gene_011,drug,6h,4,126.34707120364953
pep_0052,gene_011,drug,6h,5,138.00656451345472
pep_0052,gene_011,drug,6h,6,105.21420892783945
pep_0053,gene_011,ctrl,0h,1,69.09327763971751
pep_0053,gene_011,ctrl,0h,2,70.13573815218676
pep_0053,gene_011,ctrl,0h,3,125.97813011184817
pep_0053,gene_011,ctrl,0h,4,183.37264281645938
pep_0053,gene_011,ctrl,0h,5,115.0873233459334
pep_0053,gene_011,ctrl,0h,6,93.35793117436617
pep_0053,gene_011,ctrl,24h,1,136.60621241284542
pep_0053,gene_011,ctrl,24h,2,97.19868659834454
pep_0053,gene_011,ctrl,24h,3,68.90371699397667
pep_0053,gene_011,ctrl,24h,4,80.56505057008786
pep_0053,gene_011,ctrl,24h,5,87.6614189173895
pep_0053,gene_011,ctrl,24h,6,64.83136529909292
pep_0053,gene_011,ctrl,6h,1,90.33747609459164
pep_0053,gene_011,ctrl,6h,2,56.57381872167734
pep_0053,gene_011,ctrl,6h,3,177.11539515476892
pep_0053,gene_011,ctrl,6h,4,84.03328105079977
pep_0053,gene_011,ctrl,6h,5,91.11981447480606
pep_0053,gene_011,ctrl,6h,6,116.18182771088503
pep_0053,gene_011,drug,0h,1,91.49743483431563
pep_0053,gene_011,drug,0h,2,109.28683672646348
pep_0053,gene_011,drug,0h,3,84.94835681849146
pep_0053,gene_011,drug,0h,4,95.52205718020332
pep_0053,gene_011,drug,0h,5,111.39177193464018
pep_0053,gene_011,drug,0h,6,66.62668761408413
pep_0053,gene_011,drug,24h,1,77.22236804039457
pep_0053,gene_011,drug,24h,2,94.74422309338966
pep_0053,gene_011,drug,24h,3,120.74597123781909
pep_0053,gene_011,drug,24h,4,127.4807493922131
pep_0053,gene_011,drug,24h,5,115.56805313895714
pep_0053,gene_011,drug,24h,6,46.4153869956109
pep_0053,gene_011,drug,6h,1,84.2166039063463
pep_0053,gene_011,drug,6h,2,114.70121579043337
pep_0053,gene_011,drug,6h,3,92.15430867439251
pep_0053,gene_011,drug,6h,4,119.8818837454365
pep_0053,gene_011,drug,6h,5,134.5932579123203
pep_0053,gene_011,drug,6h,6,92.70313871858569
pep_0054,gene_011,ctrl,0h,1,233.530367015241
pep_0054,gene_011,ctrl,0h,2,127.44845100015996
pep_0054,gene_011,ctrl,0h,3,107.59390875050583
pep_0054,gene_011,ctrl,0h,4,164.47897318149282
pep_0054,gene_011,ctrl,0h,5,361.30128749455446
pep_0054,gene_011,ctrl,0h,6,97.72864180186926
pep_0054,gene_011,ctrl,24h,1,219.90000407044175
pep_0054,gene_011,ctrl,24h,2,170.05148510227647
pep_0054,gene_011,ctrl,24h,3,197.88879129480327
pep_0054,gene_011,ctrl,24h,4,227.5500942245969
pep_0054,gene_011,ctrl,24h,5,170.98466060987428
pep_0054,gene_011,ctrl,24h,6,176.736848564135
pep_0054,gene_011,ctrl,6h,1,179.46190748542182
pep_0054,gene_011,ctrl,6h,2,189.02450626981587
pep_0054,gene_011,ctrl,6h,3,175.53054699578607
pep_0054,gene_011,ctrl,6h,4,235.83969571309848
pep_0054,gene_011,ctrl,6h,5,122.30484122722441
pep_0054,gene_011,ctrl,6h,6,241.50291536260127
pep_0054,gene_011,drug,0h,1,245.33216484063493
pep_0054,gene_011,drug,0h,2,205.10995183833603
pep_0054,gene_011,drug,0h,3,182.73743264545703
pep_0054,gene_011,drug,0h,4,101.4816825669875
pep_0054,gene_011,drug,0h,5,73.22995012998427
pep_0054,gene_011,drug,0h,6,137.56947508756784
pep_0054,gene_011,drug,24h,1,257.10093527785943
pep_0054,gene_011,drug,24h,2,109.56722075404392
pep_0054,gene_011,drug,24h,3,132.83454604242627
pep_0054,gene_011,drug,24h,4,141.30762734482147
pep_0054,gene_011,drug,24h,5,270.2760935959773
pep_0054,gene_011,drug,24h,6,76.31074714608073
pep_0054,gene_011,drug,6h,1,55.32221761972679
pep_0054,gene_011,drug,6h,2,90.32412638172612
pep_0054,gene_011,drug,6h,3,189.4890038494514
pep_0054,gene_011,drug,6h,4,146.8895610972031
pep_0054,gene_011,drug,6h,5,214.41699829350523
pep_0054,gene_011,drug,6h,6,187.8664448948171
pep_0055,gene_011,ctrl,0h,1,92.68774534536901
pep_0055,gene_011,ctrl,0h,2,73.67688694790517
pep_0055,gene_011,ctrl,0h,3,91.71538149288263
pep_0055,gene_011,ctrl,0h,4,78.90248129713454
pep_0055,gene_011,ctrl,0h,5,71.09273618701208
pep_0055,gene_011,ctrl,0h,6,76.3737771329009
pep_0055,gene_011,ctrl,24h,1,149.1445380073523
pep_0055,gene_011,ctrl,24h,2,145.94494466251956
pep_0055,gene_011,ctrl,24h,3,91.2015655992217
pep_0055,gene_011,ctrl,24h,4,201.0887509260845
pep_0055,gene_011,ctrl,24h,5,78.07931735563903
pep_0055,gene_011,ctrl,24h,6,122.43371180203962
pep_0055,gene_011,ctrl,6h,1,136.17606479809194
pep_0055,gene_011,ctrl,6h,2,118.25495302768464
pep_0055,gene_011,ctrl,6h,3,74.93735106375351
pep_0055,gene_011,ctrl,6h,4,47.35586164666308
pep_0055,gene_011,ctrl,6h,5,108.36356760713711
pep_0055,gene_011,ctrl,6h,6,130.34896752975868
pep_0055,gene_011,drug,0h,1,128.13561208375452
pep_0055,gene_011,drug,0h,2,123.61744660448186
pep_0055,gene_011,drug,0h,3,66.26919708768483
pep_0055,gene_011,drug,0h,4,193.20268285484954
pep_0055,gene_011,drug,0h,5,191.3555370448137
pep_0055,gene_011,drug,0h,6,79.18830140378294
pep_0055,gene_011,drug,24h,1,80.01790214112631
pep_0055,gene_011,drug,24h,2,153.91797881811326
pep_0055,gene_011,drug,24h,3,115.14009863880597
pep_0055,gene_011,drug,24h,4,86.97144575431076
pep_0055,gene_011,drug,24h,5,77.0897177970706
pep_0055,gene_011,drug,24h,6,137.96021482581614
pep_0055,gene_011,drug,6h,1,28.101352458485245
pep_0055,gene_011,drug,6h,2,99.43174357669422
pep_0055,gene_011,drug,6h,3,116.98435943688341
pep_0055,gene_011,drug,6h,4,58.88728379079071
pep_0055,gene_011,drug,6h,5,92.87755878083206
pep_0055,gene_011,drug,6h,6,71.25876295811365
pep_0056,gene_012,ctrl,0h,1,53.21669221270068
pep_0056,gene_012,ctrl,0h,2,143.05318796394772
pep_0056,gene_012,ctrl,0h,3,93.04068380011907
pep_0056,gene_012,ctrl,0h,4,137.5431460752575
pep_0056,gene_012,ctrl,0h,5,106.95180993180176
pep_0056,gene_012,ctrl,0h,6,60.11234123158117
pep_0056,gene_012,ctrl,24h,1,170.71053873550122
pep_0056,gene_012,ctrl,24h,2,97.52065134747102
pep_0056,gene_012,ctrl,24h,3,66.87538050542162
pep_0056,gene_012,ctrl,24h,4,147.64907653860706
pep_0056,gene_012,ctrl,24h,5,113.57497970511386
pep_0056,gene_012,ctrl,24h,6,26.67250971998777
pep_0056,gene_012,ctrl,6h,1,104.44302996100544
pep_0056,gene_012,ctrl,6h,2,100.32282548716448
pep_0056,gene_012,ctrl,6h,3,114.44879809279054
pep_0056,gene_012,ctrl,6h,4,67.48443093721485
pep_0056,gene_012,ctrl,6h,5,209.45411684735623
pep_0056,gene_012,ctrl,6h,6,179.69812405548706
pep_0056,gene_012,drug,0h,1,101.21818902796142
pep_0056,gene_012,drug,0h,2,91.12786310641347
pep_0056,gene_012,drug,0h,3,90.55627229662602
pep_0056,gene_012,drug,0h,4,110.13553390062513
pep_0056,gene_012,drug,0h,5,108.1551909182712
pep_0056,gene_012,drug,0h,6,96.86767407764904
pep_0056,gene_012,drug,24h,1,71.87746374863437
pep_0056,gene_012,drug,24h,2,87.31055490093958
pep_0056,gene_012,drug,24h,3,111.1508929596356
pep_0056,gene_012,drug,24h,4,194.7357866265821
pep_0056,gene_012,drug,24h,5,87.99578252546762
pep_0056,gene_012,drug,24h,6,161.44954081307023
pep_0056,gene_012,drug,6h,1,129.00217032148893
pep_0056,gene_012,drug,6h,2,155.54135699744356
pep_0056,gene_012,drug,6h,3,93.05467444347944
pep_0056,gene_012,drug,6h,4,126.6685843913386
pep_0056,gene_012,drug,6h,5,65.89432627856047
pep_0056,gene_012,drug,6h,6,68.85814649028323
pep_0057,gene_012,ctrl,0h,1,80.39090342020116
pep_0057,gene_012,ctrl,0h,2,78.00413071402951
pep_0057,gene_012,ctrl,0h,3,106.0471493436094
pep_0057,gene_012,ctrl,0h,4,156.1229461500909
pep_0057,gene_012,ctrl,0h,5,86.19932480001623
pep_0057,gene_012,ctrl,0h,6,52.71093462950957
pep_0057,gene_012,ctrl,24h,1,110.83616721882063
pep_0057,gene_012,ctrl,24h,2,66.16842022034496
pep_0057,gene_012,ctrl,24h,3,93.14559383514342
pep_0057,gene_012,ctrl,24h,4,55.987210762820595
pep_0057,gene_012,ctrl,24h,5,101.16598035599075
pep_0057,gene_012,ctrl,24h,6,45.14215043104762
pep_0057,gene_012,ctrl,6h,1,96.29925075335426
pep_0057,gene_012,ctrl,6h,2,119.10527321136524
pep_0057,gene_012,ctrl,6h,3,98.90000975723702
pep_0057,gene_012,ctrl,6h,4,237.91579745997217
pep_0057,gene_012,ctrl,6h,5,64.81368290838004
pep_0057,gene_012,ctrl,6h,6,64.21831932784087
pep_0057,gene_012,drug,0h,1,87.85087035477935
pep_0057,gene_012,drug,0h,2,159.8158302810119
pep_0057,gene_012,drug,0h,3,134.67258496383755
pep_0057,gene_012,drug,0h,4,94.06443677634202
pep_0057,gene_012,drug,0h,5,72.26395326910249
pep_0057,gene_012,drug,0h,6,122.71408473588792
pep_0057,gene_012,drug,24h,1,85.37721505396193
pep_0057,gene_012,drug,24h,2,121.97845531058645
pep_0057,gene_012,drug,24h,3,178.48938478995976
pep_0057,gene_012,drug,24h,4,90.18101760903232
pep_0057,gene_012,drug,24h,5,149.0770755956802
pep_0057,gene_012,drug,24h,6,59.831318763593515
pep_0057,gene_012,drug,6h,1,82.32029359290455
pep_0057,gene_012,drug,6h,2,176.33590859997324
pep_0057,gene_012,drug,6h,3,110.19242958051136
pep_0057,gene_012,drug,6h,4,129.55795995279973
pep_0057,gene_012,drug,6h,5,196.08711368229945
pep_0057,gene_012,drug,6h,6,111.27986670257475
pep_0058,gene_012,ctrl,0h,1,34.09333547770352
pep_0058,gene_012,ctrl,0h,2,13.734550319502793
pep_0058,gene_012,ctrl,0h,3,45.607820709425226
pep_0058,gene_012,ctrl,0h,4,22.692179038423763
pep_0058,gene_012,ctrl,0h,5,64.71888972476233
pep_0058,gene_012,ctrl,0h,6,40.736933849121854
pep_0058,gene_012,ctrl,24h,1,NA
pep_0058,gene_012,ctrl,24h,2,41.87166173633848
pep_0058,gene_012,ctrl,24h,3,42.24902456016757
pep_0058,gene_012,ctrl,24h,4,NA
pep_0058,gene_012,ctrl,24h,5,28.391575111368685
pep_0058,gene_012,ctrl,24h,6,24.29312405620787
pep_0058,gene_012,ctrl,6h,1,36.1967441271457
pep_0058,gene_012,ctrl,6h,2,45.646163835389025
pep_0058,gene_012,ctrl,6h,3,65.0004593390426
pep_0058,gene_012,ctrl,6h,4,25.429407603835358
pep_0058,gene_012,ctrl,6h,5,23.443428869779936
pep_0058,gene_012,ctrl,6h,6,42.52650658713997
pep_0058,gene_012,drug,0h,1,54.596864428712806
pep_0058,gene_012,drug,0h,2,8.318075941505873
pep_0058,gene_012,drug,0h,3,20.224937273867106
pep_0058,gene_012,drug,0h,4,45.593234947204046
pep_0058,gene_012,drug,0h,5,55.63849834396546
pep_0058,gene_012,drug,0h,6,15.843339321873078
pep_0058,gene_012,drug,24h,1,106.94585374128783
pep_0058,gene_012,drug,24h,2,37.81903925318724
pep_0058,gene_012,drug,24h,3,30.676657911855035
pep_0058,gene_012,drug,24h,4,30.280839712402557
pep_0058,gene_012,drug,24h,5,40.701549500159246
pep_0058,gene_012,drug,24h,6,104.87109319231847
pep_0058,gene_012,drug,6h,1,29.909542415777164
pep_0058,gene_012,drug,6h,2,32.33171356362867
pep_0058,gene_012,drug,6h,3,39.99835332583927
pep_0058,gene_012,drug,6h,4,65.09636870518915
pep_0058,gene_012,drug,6h,5,22.633686694694415
pep_0058,gene_012,drug,6h,6,28.66915723466492
pep_0059,gene_012,ctrl,0h,1,102.3606110746565
pep_0059,gene_012,ctrl,0h,2,102.99373726892743
pep_0059,gene_012,ctrl,0h,3,279.37735500637257
pep_0059,gene_012,ctrl,0h,4,126.34199928358565
pep_0059,gene_012,ctrl,0h,5,216.5407202629189
pep_0059,gene_012,ctrl,0h,6,190.15712218974687
pep_0059,gene_012,ctrl,24h,1,151.81227320660435
pep_0059,gene_012,ctrl,24h,2,87.14513435157282
pep_0059,gene_012,ctrl,24h,3,206.40964085086458
pep_0059,gene_012,ctrl,24h,4,77.50106105352657
pep_0059,gene_012,ctrl,24h,5,83.61375332976797
pep_0059,gene_012,ctrl,24h,6,142.18109435268605
pep_0059,gene_012,ctrl,6h,1,202.5168566811255
pep_0059,gene_012,ctrl,6h,2,160.12099398499743
pep_0059,gene_012,ctrl,6h,3,184.7560082003499
pep_0059,gene_012,ctrl,6h,4,98.01405335729237
pep_0059,gene_012,ctrl,6h,5,101.4939408824387
pep_0059,gene_012,ctrl,6h,6,300.03958392197524
pep_0059,gene_012,drug,0h,1,230.62116785868017
pep_0059,gene_012,drug,0h,2,228.3866732553333
pep_0059,gene_012,drug,0h,3,262.7895894951272
pep_0059,gene_012,drug,0h,4,205.78969568196453
pep_0059,gene_012,drug,0h,5,92.5371474057522
pep_0059,gene_012,drug,0h,6,120.3922319560812
pep_0059,gene_012,drug,24h,1,231.32347356154136
pep_0059,gene_012,drug,24h,2,135.3682453041754
pep_0059,gene_012,drug,24h,3,177.5142498012838
pep_0059,gene_012,drug,24h,4,127.2931995250716
pep_0059,gene_012,drug,24h,5,90.9074936034457
pep_0059,gene_012,drug,24h,6,172.8016535587966
pep_0059,gene_012,drug,6h,1,180.44630450119456
pep_0059,gene_012,drug,6h,2,204.74542740790764
pep_0059,gene_012,drug,6h,3,176.1029757840885
pep_0059,gene_012,drug,6h,4,192.46507202539584
pep_0059,gene_012,drug,6h,5,121.7482816199617
pep_0059,gene_012,drug,6h,6,182.1392809675991
pep_0060,gene_012,ctrl,0h,1,52.72758496626161
pep_0060,gene_012,ctrl,0h,2,60.99633536942451
pep_0060,gene_012,ctrl,0h,3,45.84348337828661
pep_0060,gene_012,ctrl,0h,4,120.92590672308113
pep_0060,gene_012,ctrl,0h,5,29.64065123027057
pep_0060,gene_012,ctrl,0h,6,64.10596486788614
pep_0060,gene_012,ctrl,24h,1,44.961800043159656
pep_0060,gene_012,ctrl,24h,2,46.42467588220676
pep_0060,gene_012,ctrl,24h,3,26.957937670480973
pep_0060,gene_012,ctrl,24h,4,32.600082615149134
pep_0060,gene_012,ctrl,24h,5,65.21919369948647
pep_0060,gene_012,ctrl,24h,6,94.28027138225485
pep_0060,gene_012,ctrl,6h,1,116.62643318831992
pep_0060,gene_012,ctrl,6h,2,57.32304946429934
pep_0060,gene_012,ctrl,6h,3,65.8218273421586
pep_0060,gene_012,ctrl,6h,4,67.77394689258614
pep_0060,gene_012,ctrl,6h,5,57.6276705340218
pep_0060,gene_012,ctrl,6h,6,34.42166214925692
pep_0060,gene_012,drug,0h,1,66.62221401492035
pep_0060,gene_012,drug,0h,2,174.56638712175658
pep_0060,gene_012,drug,0h,3,101.60699365364438
pep_0060,gene_012,drug,0h,4,63.444551498553245
pep_0060,gene_012,drug,0h,5,36.45782130818601
pep_0060,gene_012,drug,0h,6,54.19121089579705
pep_0060,gene_012,drug,24h,1,44.329974216732104
pep_0060,gene_012,drug,24h,2,95.82464404096471
pep_0060,gene_012,drug,24h,3,57.51670119195552
pep_0060,gene_012,drug,24h,4,52.94127917333335
pep_0060,gene_012,drug,24h,5,50.103378397418545
pep_0060,gene_012,drug,24h,6,47.67982601728388
pep_0060,gene_012,drug,6h,1,86.70069851249131
pep_0060,gene_012,drug,6h,2,29.9001290087017
pep_0060,gene_012,drug,6h,3,65.26741198718952
pep_0060,gene_012,drug,6h,4,72.96558831332253
pep_0060,gene_012,drug,6h,5,32.330697410936466
pep_0060,gene_012,drug,6h,6,36.85717379173105
pep_0061,gene_013,ctrl,0h,1,33.272586074662314
pep_0061,gene_013,ctrl,0h,2,57.54486449123858
pep_0061,gene_013,ctrl,0h,3,71.4818948442553
pep_0061,gene_013,ctrl,0h,4,53.965650762731016
pep_0061,gene_013,ctrl,0h,5,60.775270795985065
pep_0061,gene_013,ctrl,0h,6,54.94831748259998
pep_0061,gene_013,ctrl,24h,1,85.47090953237239
pep_0061,gene_013,ctrl,24h,2,29.35140880701725
pep_0061,gene_013,ctrl,24h,3,22.850411593621367
pep_0061,gene_013,ctrl,24h,4,58.22635517643915
pep_0061,gene_013,ctrl,24h,5,33.838840659485776
pep_0061,gene_013,ctrl,24h,6,36.81255170242416
pep_0061,gene_013,ctrl,6h,1,44.731449634638466
pep_0061,gene_013,ctrl,6h,2,40.89888307263668
pep_0061,gene_013,ctrl,6h,3,64.73970059773626
pep_0061,gene_013,ctrl,6h,4,66.65599877663398
pep_0061,gene_013,ctrl,6h,5,76.47620100390755
pep_0061,gene_013,ctrl,6h,6,59.40341764962615
pep_0061,gene_013,drug,0h,1,130.212803651664
pep_0061,gene_013,drug,0h,2,109.9642198641561
pep_0061,gene_013,drug,0h,3,51.92389037215088
pep_0061,gene_013,drug,0h,4,76.99604803537429
pep_0061,gene_013,drug,0h,5,58.741065049609
pep_0061,gene_013,drug,0h,6,71.59492865355357
pep_0061,gene_013,drug,24h,1,51.277245526750846
pep_0061,gene_013,drug,24h,2,111.03885425466027
pep_0061,gene_013,drug,24h,3,45.62744570770967
pep_0061,gene_013,drug,24h,4,49.21716726820065
pep_0061,gene_013,drug,24h,5,40.84631701902216
pep_0061,gene_013,drug,24h,6,52.107786670166064
pep_0061,gene_013,drug,6h,1,49.4260820103861
pep_0061,gene_013,drug,6h,2,80.05476898745158
pep_0061,gene_013,drug,6h,3,44.169083312102536
pep_0061,gene_013,drug,6h,4,40.102035532837334
pep_0061,gene_013,drug,6h,5,88.57947828852835
pep_0061,gene_013,drug,6h,6,37.95935583406989
pep_0062,gene_013,ctrl,0h,1,77.06782166234599
pep_0062,gene_013,ctrl,0h,2,49.128448100184094
pep_0062,gene_013,ctrl,0h,3,83.82099830780088
pep_0062,gene_013,ctrl,0h,4,81.0561216981138
pep_0062,gene_013,ctrl,0h,5,63.86280618028732
pep_0062,gene_013,ctrl,0h,6,54.0899278406257
pep_0062,gene_013,ctrl,24h,1,126.28418929079041
pep_0062,gene_013,ctrl,24h,2,106.98465609876416
pep_0062,gene_013,ctrl,24h,3,82.69827074113655
pep_0062,gene_013,ctrl,24h,4,73.57830136994575
pep_0062,gene_013,ctrl,24h,5,87.90648394985485
pep_0062,gene_013,ctrl,24h,6,126.50721491138827
pep_0062,gene_013,ctrl,6h,1,85.66346462420492
pep_0062,gene_013,ctrl,6h,2,40.65253714801855
pep_0062,gene_013,ctrl,6h,3,127.16098137989917
pep_0062,gene_013,ctrl,6h,4,139.5664961724413
pep_0062,gene_013,ctrl,6h,5,68.49534163762722
pep_0062,gene_013,ctrl,6h,6,100.39212368889417
pep_0062,gene_013,drug,0h,1,99.41881548021762
pep_0062,gene_013,drug,0h,2,97.33135933522446
pep_0062,gene_013,drug,0h,3,71.15164710748387
pep_0062,gene_013,drug,0h,4,174.50924588639728
pep_0062,gene_013,drug,0h,5,49.88717502811675
pep_0062,gene_013,drug,0h,6,69.79150383031867
pep_0062,gene_013,drug,24h,1,56.572039856416005
pep_0062,gene_013,drug,24h,2,110.4008145777284
pep_0062,gene_013,drug,24h,3,64.28074074579902
pep_0062,gene_013,drug,24h,4,94.95873803587705
pep_0062,gene_013,drug,24h,5,102.2666329937115
pep_0062,gene_013,drug,24h,6,93.27838065844051
pep_0062,gene_013,drug,6h,1,133.04747792928893
pep_0062,gene_013,drug,6h,2,42.51123821181005
pep_0062,gene_013,drug,6h,3,108.35692501151452
pep_0062,gene_013,drug,6h,4,111.22323599380186
pep_0062,gene_013,drug,6h,5,114.24236099133662
pep_0062,gene_013,drug,6h,6,81.5234606147646
pep_0063,gene_013,ctrl,0h,1,50.28374571686715
pep_0063,gene_013,ctrl,0h,2,49.60516862577304
pep_0063,gene_013,ctrl,0h,3,86.62205603201627
pep_0063,gene_013,ctrl,0h,4,90.10819246600262
pep_0063,gene_013,ctrl,0h,5,51.68086676351487
pep_0063,gene_013,ctrl,0h,6,65.365901024011265
pep_0063,gene_013,ctrl,24h,1,33.5478518160866
pep_0063,gene_013,ctrl,24h,2,78.48066710603152
pep_0063,gene_013,ctrl,24h,3,58.46674509588558
pep_0063,gene_013,ctrl,24h,4,60.144007807706735
pep_0063,gene_013,ctrl,24h,5,77.21309143905117
pep_0063,gene_013,ctrl,24h,6,88.17960455875773
pep_0063,gene_013,ctrl,6h,1,48.249656929603965
pep_0063,gene_013,ctrl,6h,2,78.11575933787437
pep_0063,gene_013,ctrl,6h,3,38.88915780322254
pep_0063,gene_013,ctrl,6h,4,58.019197718299345
pep_0063,gene_013,ctrl,6h,5,31.158086416419597
pep_0063,gene_013,ctrl,6h,6,85.50717735162586
pep_0063,gene_013,drug,0h,1,37.64244682392084
pep_0063,gene_013,drug,0h,2,54.561294168611504
pep_0063,gene_013,drug,0h,3,73.7795863125826
pep_0063,gene_013,drug,0h,4,32.76815483413685
pep_0063,gene_013,drug,0h,5,41.5648731211071
pep_0063,gene_013,drug,0h,6,122.30332828428752
pep_0063,gene_013,drug,24h,1,95.45768323875872
pep_0063,gene_013,drug,24h,2,29.382753206784027
pep_0063,gene_013,drug,24h,3,68.09393926960372
pep_0063,gene_013,drug,24h,4,66.9090427161417
pep_0063,gene_013,drug,24h,5,73.20968184638178
pep_0063,gene_013,drug,24h,6,32.98679240194571
pep_0063,gene_013,drug,6h,1,72.99538350081224
pep_0063,gene_013,drug,6h,2,48.98223553028864
pep_0063,gene_013,drug,6h,3,85.37947944498609
pep_0063,gene_013,drug,6h,4,43.002528023538105
pep_0063,gene_013,drug,6h,5,61.74607615369612
pep_0063,gene_013,drug,6h,6,41.73362979745207
pep_0064,gene_013,ctrl,0h,1,153.51330398696393
pep_0064,gene_013,ctrl,0h,2,76.78718145079283
pep_0064,gene_013,ctrl,0h,3,152.73945777190943
pep_0064,gene_013,ctrl,0h,4,124.46832401809249
pep_0064,gene_013,ctrl,0h,5,104.3820666821057
pep_0064,gene_013,ctrl,0h,6,41.14203156032741
pep_0064,gene_013,ctrl,24h,1,61.22175941471872
pep_0064,gene_013,ctrl,24h,2,129.1667230766041
pep_0064,gene_013,ctrl,24h,3,63.985907997854675
pep_0064,gene_013,ctrl,24h,4,41.96116835234679
pep_0064,gene_013,ctrl,24h,5,68.59705400053954
pep_0064,gene_013,ctrl,24h,6,35.563371514893724
pep_0064,gene_013,ctrl,6h,1,51.94453478251381
pep_0064,gene_013,ctrl,6h,2,176.78016434620628
pep_0064,gene_013,ctrl,6h,3,148.6551760381441
pep_0064,gene_013,ctrl,6h,4,73.00827153109984
pep_0064,gene_013,ctrl,6h,5,48.115526605231274
pep_0064,gene_013,ctrl,6h,6,77.44053787746388
pep_0064,gene_013,drug,0h,1,58.149714469490014
pep_0064,gene_013,drug,0h,2,47.39977320981784
pep_0064,gene_013,drug,0h,3,151.09919920530118
pep_0064,gene_013,drug,0h,4,69.60195207899173
pep_0064,gene_013,drug,0h,5,82.72024665925207
pep_0064,gene_013,drug,0h,6,110.21335083708753
pep_0064,gene_013,drug,24h,1,78.60480656346382
pep_0064,gene_013,drug,24h,2,84.5530284260473
pep_0064,gene_013,drug,24h,3,59.641933550918964
pep_0064,gene_013,drug,24h,4,70.43255346776735
pep_0064,gene_013,drug,24h,5,101.74300134981445
pep_0064,gene_013,drug,24h,6,42.07323776741808
pep_0064,gene_013,drug,6h,1,60.191748670767105
pep_0064,gene_013,drug,6h,2,108.47664696454005
pep_0064,gene_013,drug,6h,3,77.48227383024839
pep_0064,gene_013,drug,6h,4,103.01242030134712
pep_0064,gene_013,drug,6h,5,119.60597032869265
pep_0064,gene_013,drug,6h,6,45.718668007214724
pep_0065,gene_013,ctrl,0h,1,163.2210662558446
pep_0065,gene_013,ctrl,0h,2,80.21056611969905
pep_0065,gene_013,ctrl,0h,3,103.58313391841811
pep_0065,gene_013,ctrl,0h,4,110.77863561151385
pep_0065,gene_013,ctrl,0h,5,44.289152274772476
pep_0065,gene_013,ctrl,0h,6,55.55350108958407
pep_0065,gene_013,ctrl,24h,1,73.34332690054218
pep_0065,gene_013,ctrl,24h,2,138.6642410763113
pep_0065,gene_013,ctrl,24h,3,118.06760878963715
pep_0065,gene_013,ctrl,24h,4,90.36806947517202
pep_0065,gene_013,ctrl,24h,5,142.7545800204267
pep_0065,gene_013,ctrl,24h,6,140.15865406039316
pep_0065,gene_013,ctrl,6h,1,55.85368440577462
pep_0065,gene_013,ctrl,6h,2,28.652058859299554
pep_0065,gene_013,ctrl,6h,3,121.03583238830818
pep_0065,gene_013,ctrl,6h,4,97.08810308142048
pep_0065,gene_013,ctrl,6h,5,79.02426242033992
pep_0065,gene_013,ctrl,6h,6,132.31059682333947
pep_0065,gene_013,drug,0h,1,74.21063728367511
pep_0065,gene_013,drug,0h,2,132.54068766192125
pep_0065,gene_013,drug,0h,3,139.55466709395048
pep_0065,gene_013,drug,0h,4,167.08150546028511
pep_0065,gene_013,drug,0h,5,157.7064094390891
pep_0065,gene_013,drug,0h,6,209.14320822843732
pep_0065,gene_013,drug,24h,1,103.32907589329673
pep_0065,gene_013,drug,24h,2,66.31172660212445
pep_0065,gene_013,drug,24h,3,109.56441486834767
pep_0065,gene_013,drug,24h,4,138.0649665257047
pep_0065,gene_013,drug,24h,5,80.0541238375206
pep_0065,gene_013,drug,24h,6,169.4620148339502
pep_0065,gene_013,drug,6h,1,40.02542432956219
pep_0065,gene_013,drug,6h,2,74.14218960983439
pep_0065,gene_013,drug,6h,3,109.46859997414221
pep_0065,gene_013,drug,6h,4,150.74782608152842
pep_0065,gene_013,drug,6h,5,111.264214751978
pep_0065,gene_013,drug,6h,6,85.13333103467721
pep_0066,gene_014,ctrl,0h,1,47.618839597724374
pep_0066,gene_014,ctrl,0h,2,77.23040014252824
pep_0066,gene_014,ctrl,0h,3,46.472202595911504
pep_0066,gene_014,ctrl,0h,4,79.67060914970868
pep_0066,gene_014,ctrl,0h,5,80.75702864879831
pep_0066,gene_014,ctrl,0h,6,29.06420131376029
pep_0066,gene_014,ctrl,24h,1,36.50691934249273
pep_0066,gene_014,ctrl,24h,2,58.655128499110404
pep_0066,gene_014,ctrl,24h,3,42.49547175667441
pep_0066,gene_014,ctrl,24h,4,58.993705618488235
pep_0066,gene_014,ctrl,24h,5,81.66989001430498
pep_0066,gene_014,ctrl,24h,6,35.51990546753562
pep_0066,gene_014,ctrl,6h,1,15.003419511239192
pep_0066,gene_014,ctrl,6h,2,126.7860222687017
pep_0066,gene_014,ctrl,6h,3,57.14574440618507
pep_0066,gene_014,ctrl,6h,4,64.20604951834241
pep_0066,gene_014,ctrl,6h,5,27.95406556700503
pep_0066,gene_014,ctrl,6h,6,95.46705766185248
pep_0066,gene_014,drug,0h,1,81.68293921384
pep_0066,gene_014,drug,0h,2,60.76848772121482
pep_0066,gene_014,drug,0h,3,40.05318668907244
pep_0066,gene_014,drug,0h,4,79.43771352031733
pep_0066,gene_014,drug,0h,5,64.71872253350142
pep_0066,gene_014,drug,0h,6,65.41681266857994
pep_0066,gene_014,drug,24h,1,53.71106580059259
pep_0066,gene_014,drug,24h,2,35.584214760583954
pep_0066,gene_014,drug,24h,3,51.05984742650211
pep_0066,gene_014,drug,24h,4,55.37862877856522
pep_0066,gene_014,drug,24h,5,67.14013514524201
pep_0066,gene_014,drug,24h,6,75.86684330679553
pep_0066,gene_014,drug,6h,1,55.54073837439196
pep_0066,gene_014,drug,6h,2,127.14092768048796
pep_0066,gene_014,drug,6h,3,55.28585867500038
pep_0066,gene_014,drug,6h,4,44.1441570766613
pep_0066,gene_014,drug,6h,5,77.50611922269898
pep_0066,gene_014,drug,6h,6,99.73608074810917
pep_0067,gene_014,ctrl,0h,1,104.01582475885576
pep_0067,gene_014,ctrl,0h,2,115.54372676675865
pep_0067,gene_014,ctrl,0h,3,67.615602732904
pep_0067,gene_014,ctrl,0h,4,97.72233229611719
pep_0067,gene_014,ctrl,0h,5,80.7335045316623
pep_0067,gene_014,ctrl,0h,6,99.62558283874806
pep_0067,gene_014,ctrl,24h,1,47.662810163721844
pep_0067,gene_014,ctrl,24h,2,52.89096114162666
pep_0067,gene_014,ctrl,24h,3,32.75525703991158
pep_0067,gene_014,ctrl,24h,4,105.16314496118713
pep_0067,gene_014,ctrl,24h,5,110.81141554626129
pep_0067,gene_014,ctrl,24h,6,117.63519119766329
pep_0067,gene_014,ctrl,6h,1,40.91235818815094
pep_0067,gene_014,ctrl,6h,2,54.05498651590481
pep_0067,gene_014,ctrl,6h,3,74.0912651983175
pep_0067,gene_014,ctrl,6h,4,83.38428699756285
pep_0067,gene_014,ctrl,6h,5,57.17798002546333
pep_0067,gene_014,ctrl,6h,6,69.98385855372844
pep_0067,gene_014,drug,0h,1,77.964036588189785
pep_0067,gene_014,drug,0h,2,79.29236315949404
pep_0067,gene_014,drug,0h,3,33.36175653874799
pep_0067,gene_014,drug,0h,4,90.09647831553795
pep_0067,gene_014,drug,0h,5,73.78115237771539
pep_0067,gene_014,drug,0h,6,61.494227466557085
pep_0067,gene_014,drug,24h,1,81.1592483469101
pep_0067,gene_014,drug,24h,2,27.058830526532123
pep_0067,gene_014,drug,24h,3,106.37981185314855
pep_0067,gene_014,drug,24h,4,71.7535899885462
pep_0067,gene_014,drug,24h,5,81.06356900501379
pep_0067,gene_014,drug,24h,6,119.83125947377522
pep_0067,gene_014,drug,6h,1,86.69156978663199
pep_0067,gene_014,drug,6h,2,81.53876909048834
pep_0067,gene_014,drug,6h,3,84.99814244340116
pep_0067,gene_014,drug,6h,4,88.77828606206893
pep_0067,gene_014,drug,6h,5,66.32852112516474
pep_0067,gene_014,drug,6h,6,112.0225609082611
pep_0068,gene_014,ctrl,0h,1,46.496625486584726
pep_0068,gene_014,ctrl,0h,2,80.61382940632647
pep_0068,gene_014,ctrl,0h,3,59.625241182485105
pep_0068,gene_014,ctrl,0h,4,32.98157939580016
pep_0068,gene_014,ctrl,0h,5,106.02077642463557
pep_0068,gene_014,ctrl,0h,6,107.11955429880123
pep_0068,gene_014,ctrl,24h,1,52.045881678671776
pep_0068,gene_014,ctrl,24h,2,78.0135104106218
pep_0068,gene_014,ctrl,24h,3,58.29627571166201
pep_0068,gene_014,ctrl,24h,4,51.67805828779518
pep_0068,gene_014,ctrl,24h,5,70.62308745800985
pep_0068,gene_014,ctrl,24h,6,26.517238264292747
pep_0068,gene_014,ctrl,6h,1,69.23443265657133
pep_0068,gene_014,ctrl,6h,2,64.45839407296164
pep_0068,gene_014,ctrl,6h,3,104.57914103281878
pep_0068,gene_014,ctrl,6h,4,72.70714097780562
pep_0068,gene_014,ctrl,6h,5,82.23525099859688
pep_0068,gene_014,ctrl,6h,6,142.6019877963653
pep_0068,gene_014,drug,0h,1,82.68364124752343
pep_0068,gene_014,drug,0h,2,81.74655817126225
pep_0068,gene_014,drug,0h,3,37.187388887643
pep_0068,gene_014,drug,0h,4,41.203222978445694
pep_0068,gene_014,drug,0h,5,91.08060315646087
pep_0068,gene_014,drug,0h,6,82.29376731915168
pep_0068,gene_014,drug,24h,1,73.91560961072823
pep_0068,gene_014,drug,24h,2,37.99581103264033
pep_0068,gene_014,drug,24h,3,40.37135370865351
pep_0068,gene_014,drug,24h,4,58.87285314139103
pep_0068,gene_014,drug,24h,5,44.764764664978
pep_0068,gene_014,drug,24h,6,48.45912740533352
pep_0068,gene_014,drug,6h,1,28.365541177866117
pep_0068,gene_014,drug,6h,2,83.78540003819626
pep_0068,gene_014,drug,6h,3,72.86894505815162
pep_0068,gene_014,drug,6h,4,78.42991453028428
pep_0068,gene_014,drug,6h,5,71.50910669363793
pep_0068,gene_014,drug,6h,6,25.348856139219592
pep_0069,gene_014,ctrl,0h,1,126.04567016103172
pep_0069,gene_014,ctrl,0h,2,150.30951332216307
pep_0069,gene_014,ctrl,0h,3,181.4668512031665
pep_0069,gene_014,ctrl,0h,4,66.06203684063559
pep_0069,gene_014,ctrl,0h,5,61.505500010649286
pep_0069,gene_014,ctrl,0h,6,67.39671865847232
pep_0069,gene_014,ctrl,24h,1,69.90152774638888
pep_0069,gene_014,ctrl,24h,2,46.488397394642305
pep_0069,gene_014,ctrl,24h,3,79.12261154509224
pep_0069,gene_014,ctrl,24h,4,76.1110725778129
pep_0069,gene_014,ctrl,24h,5,126.21580712561489
pep_0069,gene_014,ctrl,24h,6,66.55267573066506
pep_0069,gene_014,ctrl,6h,1,84.33249106255089
pep_0069,gene_014,ctrl,6h,2,98.7284069348958
pep_0069,gene_014,ctrl,6h,3,99.5076254221549
pep_0069,gene_014,ctrl,6h,4,77.97123455950404
pep_0069,gene_014,ctrl,6h,5,86.95047410352038
pep_0069,gene_014,ctrl,6h,6,95.20591563018047
pep_0069,gene_014,drug,0h,1,121.89740837231362
pep_0069,gene_014,drug,0h,2,40.673622537291024
pep_0069,gene_014,drug,0h,3,77.45912356557052
pep_0069,gene_014,drug,0h,4,65.47060811061375
pep_0069,gene_014,drug,0h,5,48.161990342150695
pep_0069,gene_014,drug,0h,6,29.04670530945057
pep_0069,gene_014,drug,24h,1,80.72555129626278
pep_0069,gene_014,drug,24h,2,147.46795382887416
pep_0069,gene_014,drug,24h,3,61.23338310112525
pep_0069,gene_014,drug,24h,4,77.81345266943279
pep_0069,gene_014,drug,24h,5,45.98631314574199
pep_0069,gene_014,drug,24h,6,88.5774214663671
pep_0069,gene_014,drug,6h,1,124.44256967325374
pep_0069,gene_014,drug,6h,2,71.45228421964693
pep_0069,gene_014,drug,6h,3,108.53513771899625
pep_0069,gene_014,drug,6h,4,87.62868969877302
pep_0069,gene_014,drug,6h,5,103.32381362846685
pep_0069,gene_014,drug,6h,6,68.43617801217992
pep_0070,gene_014,ctrl,0h,1,256.2287126894238
pep_0070,gene_014,ctrl,0h,2,93.32497717775105
pep_0070,gene_014,ctrl,0h,3,219.6627127529833
pep_0070,gene_014,ctrl,0h,4,108.7905259492544
pep_0070,gene_014,ctrl,0h,5,150.30172366318126
pep_0070,gene_014,ctrl,0h,6,148.02413570494593
pep_0070,gene_014,ctrl,24h,1,214.42300654048896
pep_0070,gene_014,ctrl,24h,2,173.2121867571084
pep_0070,gene_014,ctrl,24h,3,256.0218460699247
pep_0070,gene_014,ctrl,24h,4,208.0971478577713
pep_0070,gene_014,ctrl,24h,5,187.65725622860595
pep_0070,gene_014,ctrl,24h,6,154.90189682260362
pep_0070,gene_014,ctrl,6h,1,83.8641587542225
pep_0070,gene_014,ctrl,6h,2,94.60675564025154
pep_0070,gene_014,ctrl,6h,3,218.87929041891417
pep_0070,gene_014,ctrl,6h,4,94.86515642669605
pep_0070,gene_014,ctrl,6h,5,122.57302668587036
pep_0070,gene_014,ctrl,6h,6,124.58920174591171
pep_0070,gene_014,drug,0h,1,144.37783548298532
pep_0070,gene_014,drug,0h,2,101.66829206434117
pep_0070,gene_014,drug,0h,3,104.61300563773446
pep_0070,gene_014,drug,0h,4,142.25391199083737
pep_0070,gene_014,drug,0h,5,126.22235875656555
pep_0070,gene_014,drug,0h,6,65.98956353291344
pep_0070,gene_014,drug,24h,1,172.6036575355977
pep_0070,gene_014,drug,24h,2,93.21945043918758
pep_0070,gene_014,drug,24h,3,147.04975708810392
pep_0070,gene_014,drug,24h,4,240.87333130882044
pep_0070,gene_014,drug,24h,5,253.30388601833616
pep_0070,gene_014,drug,24h,6,228.18052152838794
pep_0070,gene_014,drug,6h,1,124.57428702951516
pep_0070,gene_014,drug,6h,2,115.17929153668929
pep_0070,gene_014,drug,6h,3,121.961219830533
pep_0070,gene_014,drug,6h,4,191.14546119797066
pep_0070,gene_014,drug,6h,5,131.78797367707497
pep_0070,gene_014,drug,6h,6,195.9524505479096
pep_0071,gene_015,ctrl,0h,1,110.60146092405532
pep_0071,gene_015,ctrl,0h,2,143.96927024125816
pep_0071,gene_015,ctrl,0h,3,105.8930626650052
pep_0071,gene_015,ctrl,0h,4,109.62418561398907
pep_0071,gene_015,ctrl,0h,5,140.38068981479375
pep_0071,gene_015,ctrl,0h,6,126.05551333206704
pep_0071,gene_015,ctrl,24h,1,204.49724051479694
pep_0071,gene_015,ctrl,24h,2,110.57924588863206
pep_0071,gene_015,ctrl,24h,3,120.44376601703752
pep_0071,gene_015,ctrl,24h,4,89.22953846489354
pep_0071,gene_015,ctrl,24h,5,132.5834728767313
pep_0071,gene_015,ctrl,24h,6,95.6546648944804
pep_0071,gene_015,ctrl,6h,1,142.34513164360493
pep_0071,gene_015,ctrl,6h,2,117.23925712487139
pep_0071,gene_015,ctrl,6h,3,107.71785021635183
pep_0071,gene_015,ctrl,6h,4,112.86975372096508
pep_0071,gene_015,ctrl,6h,5,112.39809454691566
pep_0071,gene_015,ctrl,6h,6,103.76068234460222
pep_0071,gene_015,drug,0h,1,149.07739374464995
pep_0071,gene_015,drug,0h,2,186.9996794656981
pep_0071,gene_015,drug,0h,3,119.13243153967616
pep_0071,gene_015,drug,0h,4,106.38674003078143
pep_0071,gene_015,drug,0h,5,126.52664143723135
pep_0071,gene_015,drug,0h,6,213.40135484491688
pep_0071,gene_015,drug,24h,1,75.71829431987872
pep_0071,gene_015,drug,24h,2,95.89077375160112
pep_0071,gene_015,drug,24h,3,196.9662255282554
pep_0071,gene_015,drug,24h,4,93.14942376010188
pep_0071,gene_015,drug,24h,5,137.13608705097406
pep_0071,gene_015,drug,24h,6,150.8595850325427
pep_0071,gene_015,drug,6h,1,41.16707091837735
pep_0071,gene_015,drug,6h,2,139.11375156476464
pep_0071,gene_015,drug,6h,3,167.35485239188108
pep_0071,gene_015,drug,6h,4,63.99067098587116
pep_0071,gene_015,drug,6h,5,55.314111414386865
pep_0071,gene_015,drug,6h,6,107.71936991531113
pep_0072,gene_015,ctrl,0h,1,54.29630821704171
pep_0072,gene_015,ctrl,0h,2,36.09431860839412
pep_0072,gene_015,ctrl,0h,3,47.396071154188434
pep_0072,gene_015,ctrl,0h,4,44.09344871223787
pep_0072,gene_015,ctrl,0h,5,48.47345568645196
pep_0072,gene_015,ctrl,0h,6,64.18258670055307
pep_0072,gene_015,ctrl,24h,1,44.266132734316976
pep_0072,gene_015,ctrl,24h,2,25.744736596114723
pep_0072,gene_015,ctrl,24h,3,70.00823097514365
pep_0072,gene_015,ctrl,24h,4,45.379266391248834
pep_0072,gene_015,ctrl,24h,5,85.30894472783123
pep_0072,gene_015,ctrl,24h,6,85.80295401862266
pep_0072,gene_015,ctrl,6h,1,20.931106968200023
pep_0072,gene_015,ctrl,6h,2,76.72080839830608
pep_0072,gene_015,ctrl,6h,3,53.08082930255206
pep_0072,gene_015,ctrl,6h,4,40.22315563464228
pep_0072,gene_015,ctrl,6h,5,40.9740230893312
pep_0072,gene_015,ctrl,6h,6,129.3053172194092
pep_0072,gene_015,drug,0h,1,39.67782885224138
pep_0072,gene_015,drug,0h,2,39.13150111792357
pep_0072,gene_015,drug,0h,3,89.94495959056104
pep_0072,gene_015,drug,0h,4,90.93901925491141
pep_0072,gene_015,drug,0h,5,57.83489957367128
pep_0072,gene_015,drug,0h,6,85.69559894067879
pep_0072,gene_015,drug,24h,1,87.67828767414645
pep_0072,gene_015,drug,24h,2,90.99687310016203
pep_0072,gene_015,drug,24h,3,47.26551350297195
pep_0072,gene_015,drug,24h,4,39.926745027447105
pep_0072,gene_015,drug,24h,5,82.34060230091805
pep_0072,gene_015,drug,24h,6,43.474543774508575
pep_0072,gene_015,drug,6h,1,50.82254004834026
pep_0072,gene_015,drug,6h,2,60.515282934414785
pep_0072,gene_015,drug,6h,3,45.0534319129979
pep_0072,gene_015,drug,6h,4,100.95089465004624
pep_0072,gene_015,drug,6h,5,77.1610530837845
pep_0072,gene_015,drug,6h,6,57.98851419128217
pep_0073,gene_015,ctrl,0h,1,126.95563912505443
pep_0073,gene_015,ctrl,0h,2,49.453242800408646
pep_0073,gene_015,ctrl,0h,3,152.9752935069836
pep_0073,gene_015,ctrl,0h,4,186.82691694531314
pep_0073,gene_015,ctrl,0h,5,163.63488764070436
pep_0073,gene_015,ctrl,0h,6,77.38558249891649
pep_0073,gene_015,ctrl,24h,1,116.64238424422777
pep_0073,gene_015,ctrl,24h,2,141.6355880114677
pep_0073,gene_015,ctrl,24h,3,150.9696192348244
pep_0073,gene_015,ctrl,24h,4,165.70674495050807
pep_0073,gene_015,ctrl,24h,5,175.5306634525918
pep_0073,gene_015,ctrl,24h,6,208.09201849888169
pep_0073,gene_015,ctrl,6h,1,110.97641993984796
pep_0073,gene_015,ctrl,6h,2,184.55990234237308
pep_0073,gene_015,ctrl,6h,3,153.4760725396351
pep_0073,gene_015,ctrl,6h,4,115.76249903776416
pep_0073,gene_015,ctrl,6h,5,101.43146644687626
pep_0073,gene_015,ctrl,6h,6,115.34470848437404
pep_0073,gene_015,drug,0h,1,130.1864082225349
pep_0073,gene_015,drug,0h,2,117.439021306964
pep_0073,gene_015,drug,0h,3,212.0526606024811
pep_0073,gene_015,drug,0h,4,147.10493717776907
pep_0073,gene_015,drug,0h,5,153.17678776808594
pep_0073,gene_015,drug,0h,6,92.40368346181137
pep_0073,gene_015,drug,24h,1,101.47139854284279
pep_0073,gene_015,drug,24h,2,126.50624108093312
pep_0073,gene_015,drug,24h,3,80.26217959914557
pep_0073,gene_015,drug,24h,4,58.79109639056189
pep_0073,gene_015,drug,24h,5,144.75894769429502
pep_0073,gene_015,drug,24h,6,99.80268138788588
pep_0073,gene_015,drug,6h,1,151.88960272838983
pep_0073,gene_015,drug,6h,2,206.98663435282134
pep_0073,gene_015,drug,6h,3,144.18887103489723
pep_0073,gene_015,drug,6h,4,135.01764123820706
pep_0073,gene_015,drug,6h,5,144.15542909206812
pep_0073,gene_015,drug,6h,6,145.73044714289486
pep_0074,gene_015,ctrl,0h,1,166.6386156504187
pep_0074,gene_015,ctrl,0h,2,176.428905106365
pep_0074,gene_015,ctrl,0h,3,131.68265097269764
pep_0074,gene_015,ctrl,0h,4,228.28183761892103
pep_0074,gene_015,ctrl,0h,5,150.11708356915756
pep_0074,gene_015,ctrl,0h,6,278.5136145498862
pep_0074,gene_015,ctrl,24h,1,127.17079744728531
pep_0074,gene_015,ctrl,24h,2,193.39443799794515
pep_0074,gene_015,ctrl,24h,3,158.95888550604485
pep_0074,gene_015,ctrl,24h,4,165.7020016383376
pep_0074,gene_015,ctrl,24h,5,91.89189372101912
pep_0074,gene_015,ctrl,24h,6,163.45854037585204
pep_0074,gene_015,ctrl,6h,1,43.20170304929919
pep_0074,gene_015,ctrl,6h,2,148.09481259547832
pep_0074,gene_015,ctrl,6h,3,160.89244786636155
pep_0074,gene_015,ctrl,6h,4,118.95745231548136
pep_0074,gene_015,ctrl,6h,5,173.7992798311146
pep_0074,gene_015,ctrl,6h,6,183.0984889816877
pep_0074,gene_015,drug,0h,1,94.82714458004597
pep_0074,gene_015,drug,0h,2,124.27055448777875
pep_0074,gene_015,drug,0h,3,160.48569475612
pep_0074,gene_015,drug,0h,4,147.69657391339888
pep_0074,gene_015,drug,0h,5,79.83221456062331
pep_0074,gene_015,drug,0h,6,149.6999834669944
pep_0074,gene_015,drug,24h,1,151.74199503184423
pep_0074,gene_015,drug,24h,2,138.45056411341946
pep_0074,gene_015,drug,24h,3,222.69068566487599
pep_0074,gene_015,drug,24h,4,194.14800995852204
pep_0074,gene_015,drug,24h,5,135.3658214276225
pep_0074,gene_015,drug,24h,6,354.58908052545104
pep_0074,gene_015,drug,6h,1,245.8812985424347
pep_0074,gene_015,drug,6h,2,139.59975761954624
pep_0074,gene_015,drug,6h,3,201.3391225286413
pep_0074,gene_015,drug,6h,4,230.50160113952347
pep_0074,gene_015,drug,6h,5,253.79671629550785
pep_0074,gene_015,drug,6h,6,127.05756661558785
pep_0075,gene_015,ctrl,0h,1,58.608365118986654
pep_0075,gene_015,ctrl,0h,2,128.74986624862538
pep_0075,gene_015,ctrl,0h,3,114.41664131814032
pep_0075,gene_015,ctrl,0h,4,136.09159312607105
pep_0075,gene_015,ctrl,0h,5,62.94636093903465
pep_0075,gene_015,ctrl,0h,6,89.96829739221292
pep_0075,gene_015,ctrl,24h,1,89.1176448047258
pep_0075,gene_015,ctrl,24h,2,84.51538040868286
pep_0075,gene_015,ctrl,24h,3,125.2842722862642
pep_0075,gene_015,ctrl,24h,4,53.91665477644671
pep_0075,gene_015,ctrl,24h,5,188.83335559365167
pep_0075,gene_015,ctrl,24h,6,88.56213700897933
pep_0075,gene_015,ctrl,6h,1,70.34473687207226
pep_0075,gene_015,ctrl,6h,2,71.80512316684485
pep_0075,gene_015,ctrl,6h,3,52.079775789046145
pep_0075,gene_015,ctrl,6h,4,123.39694917606303
pep_0075,gene_015,ctrl,6h,5,175.28864132403461
pep_0075,gene_015,ctrl,6h,6,70.13394501169167
pep_0075,gene_015,drug,0h,1,53.91729610546601
pep_0075,gene_015,drug,0h,2,130.87886857654183
pep_0075,gene_015,drug,0h,3,52.67044378901062
pep_0075,gene_015,drug,0h,4,73.47265093812382
pep_0075,gene_015,drug,0h,5,30.285042233604827
pep_0075,gene_015,drug,0h,6,128.2461095958622
pep_0075,gene_015,drug,24h,1,70.22084817128594
pep_0075,gene_015,drug,24h,2,47.798095305164175
pep_0075,gene_015,drug,24h,3,32.6118649685613
pep_0075,gene_015,drug,24h,4,120.35961091871555
pep_0075,gene_015,drug,24h,5,63.54470034922737
pep_0075,gene_015,drug,24h,6,83.25916152520475
pep_0075,gene_015,drug,6h,1,37.49835828038677
pep_0075,gene_015,drug,6h,2,99.02481497281717
pep_0075,gene_015,drug,6h,3,49.13570170909803
pep_0075,gene_015,drug,6h,4,49.29824813857568
pep_0075,gene_015,drug,6h,5,14.33491017035105
pep_0075,gene_015,drug,6h,6,39.9038955517709
pep_0076,gene_016,ctrl,0h,1,264.31009434041744
pep_0076,gene_016,ctrl,0h,2,149.07877828962677
pep_0076,gene_016,ctrl,0h,3,87.72425787033477
pep_0076,gene_016,ctrl,0h,4,162.72334185575565
pep_0076,gene_016,ctrl,0h,5,224.15616720073808
pep_0076,gene_016,ctrl,0h,6,102.82265510904311
pep_0076,gene_016,ctrl,24h,1,92.81234328605478
pep_0076,gene_016,ctrl,24h,2,217.54998469128552
pep_0076,gene_016,ctrl,24h,3,102.10321221225497
pep_0076,gene_016,ctrl,24h,4,88.33625022380357
pep_0076,gene_016,ctrl,24h,5,133.19651665924462
pep_0076,gene_016,ctrl,24h,6,101.67493048788239
pep_0076,gene_016,ctrl,6h,1,106.6573468062248
pep_0076,gene_016,ctrl,6h,2,182.68182395591364
pep_0076,gene_016,ctrl,6h,3,322.308952551456
pep_0076,gene_016,ctrl,6h,4,76.64691137601831
pep_0076,gene_016,ctrl,6h,5,85.11240875578824
pep_0076,gene_016,ctrl,6h,6,169.00819868655245
pep_0076,gene_016,drug,0h,1,65.5138867293614
pep_0076,gene_016,drug,0h,2,153.80851749528722
pep_0076,gene_016,drug,0h,3,124.15918009266359
pep_0076,gene_016,drug,0h,4,155.00281505762968
pep_0076,gene_016,drug,0h,5,68.77612616417146
pep_0076,gene_016,drug,0h,6,165.8454502013467
pep_0076,gene_016,drug,24h,1,165.6634816364469
pep_0076,gene_016,drug,24h,2,321.3211670047112
pep_0076,gene_016,drug,24h,3,152.04444703804043
pep_0076,gene_016,drug,24h,4,114.90611138787254
pep_0076,gene_016,drug,24h,5,116.11872741536979
pep_0076,gene_016,drug,24h,6,111.09789239950135
pep_0076,gene_016,drug,6h,1,148.96640395229636
pep_0076,gene_016,drug,6h,2,110.13274712290064
pep_0076,gene_016,drug,6h,3,259.6183874179669
pep_0076,gene_016,drug,6h,4,225.74160556883058
pep_0076,gene_016,drug,6h,5,171.9717635432199
pep_0076,gene_016,drug,6h,6,178.31081731601859
pep_0077,gene_016,ctrl,0h,1,79.83053148521161
pep_0077,gene_016,ctrl,0h,2,72.67881884795523
pep_0077,gene_016,ctrl,0h,3,91.57283725398952
pep_0077,gene_016,ctrl,0h,4,86.84961858042104
pep_0077,gene_016,ctrl,0h,5,83.2901656633449
pep_0077,gene_016,ctrl,0h,6,84.12442919545538
pep_0077,gene_016,ctrl,24h,1,68.74273605340883
pep_0077,gene_016,ctrl,24h,2,128.33181488662115
pep_0077,gene_016,ctrl,24h,3,28.568763894741544
pep_0077,gene_016,ctrl,24h,4,52.204126756112196
pep_0077,gene_016,ctrl,24h,5,66.97328486720241
pep_0077,gene_016,ctrl,24h,6,87.35818629561491
pep_0077,gene_016,ctrl,6h,1,152.30935385313302
pep_0077,gene_016,ctrl,6h,2,52.22787403282169
pep_0077,gene_016,ctrl,6h,3,66.32025365603572
pep_0077,gene_016,ctrl,6h,4,48.49015898310565
pep_0077,gene_016,ctrl,6h,5,25.97661326662425
pep_0077,gene_016,ctrl,6h,6,42.3438748584355
pep_0077,gene_016,drug,0h,1,30.024635958345264
pep_0077,gene_016,drug,0h,2,99.60486525676805
pep_0077,gene_016,drug,0h,3,38.87093750515495
pep_0077,gene_016,drug,0h,4,53.589801663101284
pep_0077,gene_016,drug,0h,5,49.713876427956556
pep_0077,gene_016,drug,0h,6,76.43536436941118
pep_0077,gene_016,drug,24h,1,133.87934874284176
pep_0077,gene_016,drug,24h,2,78.72065678986255
pep_0077,gene_016,drug,24h,3,77.8745120344534
pep_0077,gene_016,drug,24h,4,51.85088906975869
pep_0077,gene_016,drug,24h,5,87.92071630322296
pep_0077,gene_016,drug,24h,6,47.74865047128679
pep_0077,gene_016,drug,6h,1,79.31098248854204
pep_0077,gene_016,drug,6h,2,75.05038745960026
pep_0077,gene_016,drug,6h,3,47.3657027352534
pep_0077,gene_016,drug,6h,4,97.50449502621515
pep_0077,gene_016,drug,6h,5,88.74074112191892
pep_0077,gene_016,drug,6h,6,70.90459830207043
pep_0078,gene_016,ctrl,0h,1,86.25617022540247
pep_0078,gene_016,ctrl,0h,2,224.28359685535617
pep_0078,gene_016,ctrl,0h,3,57.80836125882841
pep_0078,gene_016,ctrl,0h,4,65.2023465864311
pep_0078,gene_016,ctrl,0h,5,69.73796804182642
pep_0078,gene_016,ctrl,0h,6,66.1530089948837
pep_0078,gene_016,ctrl,24h,1,126.72768525927592
pep_0078,gene_016,ctrl,24h,2,102.16887917148667
pep_0078,gene_016,ctrl,24h,3,123.72999445134093
pep_0078,gene_016,ctrl,24h,4,79.08501861751783
pep_0078,gene_016,ctrl,24h,5,102.77347488242154
pep_0078,gene_016,ctrl,24h,6,61.27908729131872
pep_0078,gene_016,ctrl,6h,1,78.81064324493133
pep_0078,gene_016,ctrl,6h,2,44.12469552651432
pep_0078,gene_016,ctrl,6h,3,170.22239917169108
pep_0078,gene_016,ctrl,6h,4,92.19813062179357
pep_0078,gene_016,ctrl,6h,5,37.846491322717156
pep_0078,gene_016,ctrl,6h,6,98.71667994059092
pep_0078,gene_016,drug,0h,1,62.23443644635993
pep_0078,gene_016,drug,0h,2,105.27469186175207
pep_0078,gene_016,drug,0h,3,35.49610808269525
pep_0078,gene_016,drug,0h,4,48.48272591453989
pep_0078,gene_016,drug,0h,5,84.00338205315235
pep_0078,gene_016,drug,0h,6,148.29788995205016
pep_0078,gene_016,drug,24h,1,50.676544475416165
pep_0078,gene_016,drug,24h,2,141.31720194842956
pep_0078,gene_016,drug,24h,3,77.58287342564083
pep_0078,gene_016,drug,24h,4,90.93118071625459
pep_0078,gene_016,drug,24h,5,59.5380431150881
pep_0078,gene_016,drug,24h,6,104.4747299478942
pep_0078,gene_016,drug,6h,1,55.95038103023608
pep_0078,gene_016,drug,6h,2,80.7092244262868
pep_0078,gene_016,drug,6h,3,103.80025377238496
pep_0078,gene_016,drug,6h,4,43.652891638023505
pep_0078,gene_016,drug,6h,5,72.45687551627626
pep_0078,gene_016,drug,6h,6,148.1597148138731
pep_0079,gene_016,ctrl,0h,1,85.19565681864414
pep_0079,gene_016,ctrl,0h,2,32.489196995317876
pep_0079,gene_016,ctrl,0h,3,46.227070310063155
pep_0079,gene_016,ctrl,0h,4,91.73902921644644
pep_0079,gene_016,ctrl,0h,5,97.03746292260101
pep_0079,gene_016,ctrl,0h,6,52.347334884124976
pep_0079,gene_016,ctrl,24h,1,58.46950812913938
pep_0079,gene_016,ctrl,24h,2,73.95716144886998
pep_0079,gene_016,ctrl,24h,3,38.76783498776608
pep_0079,gene_016,ctrl,24h,4,48.24972525984669
pep_0079,gene_016,ctrl,24h,5,112.00971290215868
pep_0079,gene_016,ctrl,24h,6,28.043471348777956
pep_0079,gene_016,ctrl,6h,1,76.7784199380656
pep_0079,gene_016,ctrl,6h,2,191.93424937153407
pep_0079,gene_016,ctrl,6h,3,118.65191425071063
pep_0079,gene_016,ctrl,6h,4,80.75534785823956
pep_0079,gene_016,ctrl,6h,5,94.00161425932764
pep_0079,gene_016,ctrl,6h,6,87.74956516687008
pep_0079,gene_016,drug,0h,1,30.85009890260257
pep_0079,gene_016,drug,0h,2,50.68623481542314
pep_0079,gene_016,drug,0h,3,136.1959504558398
pep_0079,gene_016,drug,0h,4,90.56008588808086
pep_0079,gene_016,drug,0h,5,57.658783381278106
pep_0079,gene_016,drug,0h,6,25.41893316804366
pep_0079,gene_016,drug,24h,1,68.35328699490087
pep_0079,gene_016,drug,24h,2,42.65833907823692
pep_0079,gene_016,drug,24h,3,93.30040515601416
pep_0079,gene_016,drug,24h,4,50.09111659491373
pep_0079,gene_016,drug,24h,5,28.91070587597062
pep_0079,gene_016,drug,24h,6,79.11865240381067
pep_0079,gene_016,drug,6h,1,51.65103453026972
pep_0079,gene_016,drug,6h,2,33.94078601363425
pep_0079,gene_016,drug,6h,3,10.258090910557996
pep_0079,gene_016,drug,6h,4,55.82859167659936
pep_0079,gene_016,drug,6h,5,96.32388549304191
pep_0079,gene_016,drug,6h,6,74.29667404118425
pep_0080,gene_016,ctrl,0h,1,141.35445488545778
pep_0080,gene_016,ctrl,0h,2,167.51485835395493
pep_0080,gene_016,ctrl,0h,3,86.47521792018041
pep_0080,gene_016,ctrl,0h,4,88.53422951982921
pep_0080,gene_016,ctrl,0h,5,45.70492046727432
pep_0080,gene_016,ctrl,0h,6,36.90827239599685
pep_0080,gene_016,ctrl,24h,1,51.75376092070494
pep_0080,gene_016,ctrl,24h,2,78.79310583237391
pep_0080,gene_016,ctrl,24h,3,69.91275914232942
pep_0080,gene_016,ctrl,24h,4,38.036360087296615
pep_0080,gene_016,ctrl,24h,5,119.135689599248
pep_0080,gene_016,ctrl,24h,6,59.84813068183925
pep_0080,gene_016,ctrl,6h,1,75.86530686199721
pep_0080,gene_016,ctrl,6h,2,66.79651745214294
pep_0080,gene_016,ctrl,6h,3,108.92698028654334
pep_0080,gene_016,ctrl,6h,4,53.31601723244487
pep_0080,gene_016,ctrl,6h,5,124.06955225878914
pep_0080,gene_016,ctrl,6h,6,143.25375898519334
pep_0080,gene_016,drug,0h,1,110.86384362443016
pep_0080,gene_016,drug,0h,2,109.45476777999257
pep_0080,gene_016,drug,0h,3,207.55819647144205
pep_0080,gene_016,drug,0h,4,47.20162434967468
pep_0080,gene_016,drug,0h,5,73.27826599449784
pep_0080,gene_016,drug,0h,6,115.16957107421501
pep_0080,gene_016,drug,24h,1,137.82351936203713
pep_0080,gene_016,drug,24h,2,77.50964078196137
pep_0080,gene_016,drug,24h,3,159.24967656860372
pep_0080,gene_016,drug,24h,4,46.22454330889057
pep_0080,gene_016,drug,24h,5,83.04441579961103
pep_0080,gene_016,drug,24h,6,106.56679717761128
pep_0080,gene_016,drug,6h,1,156.6282797417544
pep_0080,gene_016,drug,6h,2,114.40686240701214
pep_0080,gene_016,drug,6h,3,58.84639634711229
pep_0080,gene_016,drug,6h,4,101.79805516240674
pep_0080,gene_016,drug,6h,5,69.91187238641884
pep_0080,gene_016,drug,6h,6,128.5704296948099
pep_0081,gene_017,ctrl,0h,1,23.322910517854076
pep_0081,gene_017,ctrl,0h,2,28.1909113129207
pep_0081,gene_017,ctrl,0h,3,30.78264664994497
pep_0081,gene_017,ctrl,0h,4,25.93207772959947
pep_0081,gene_017,ctrl,0h,5,44.9106492747468
pep_0081,gene_017,ctrl,0h,6,68.0791554291299
pep_0081,gene_017,ctrl,24h,1,54.072271999692376
pep_0081,gene_017,ctrl,24h,2,48.27590268423814
pep_0081,gene_017,ctrl,24h,3,31.731253604530345
pep_0081,gene_017,ctrl,24h,4,87.1828543175421
pep_0081,gene_017,ctrl,24h,5,74.00547717105462
pep_0081,gene_017,ctrl,24h,6,21.9950850372762
pep_0081,gene_017,ctrl,6h,1,26.186551742014064
pep_0081,gene_017,ctrl,6h,2,28.911893643607915
pep_0081,gene_017,ctrl,6h,3,16.06296078251287
pep_0081,gene_017,ctrl,6h,4,NA
pep_0081,gene_017,ctrl,6h,5,59.285353142495005
pep_0081,gene_017,ctrl,6h,6,76.0030214912898
pep_0081,gene_017,drug,0h,1,33.169896947471734
pep_0081,gene_017,drug,0h,2,26.936220246964034
pep_0081,gene_017,drug,0h,3,40.95120985257592
pep_0081,gene_017,drug,0h,4,35.97393732139338
pep_0081,gene_017,drug,0h,5,71.70847775133231
pep_0081,gene_017,drug,0h,6,34.449356463323674
pep_0081,gene_017,drug,24h,1,96.84625966373794
pep_0081,gene_017,drug,24h,2,19.903585184358406
pep_0081,gene_017,drug,24h,3,60.43939479899152
pep_0081,gene_017,drug,24h,4,22.786312803949265
pep_0081,gene_017,drug,24h,5,21.63124749710771
pep_0081,gene_017,drug,24h,6,31.555795739606687
pep_0081,gene_017,drug,6h,1,93.18835757410874
pep_0081,gene_017,drug,6h,2,65.9720977759879
pep_0081,gene_017,drug,6h,3,90.45014734884951
pep_0081,gene_017,drug,6h,4,60.14322098480542
pep_0081,gene_017,drug,6h,5,147.45848429950618
pep_0081,gene_017,drug,6h,6,61.38021509170509
pep_0082,gene_017,ctrl,0h,1,100.87437384911092
pep_0082,gene_017,ctrl,0h,2,125.04005101544556
pep_0082,gene_017,ctrl,0h,3,130.5492073535776
pep_0082,gene_017,ctrl,0h,4,104.22000666946208
pep_0082,gene_017,ctrl,0h,5,99.09907482474382
pep_0082,gene_017,ctrl,0h,6,90.38147366278648
pep_0082,gene_017,ctrl,24h,1,63.68846930629718
pep_0082,gene_017,ctrl,24h,2,93.62186054771365
pep_0082,gene_017,ctrl,24h,3,76.48080444713096
pep_0082,gene_017,ctrl,24h,4,141.97336255279714
pep_0082,gene_017,ctrl,24h,5,90.7552272510817
pep_0082,gene_017,ctrl,24h,6,64.33864690763579
pep_0082,gene_017,ctrl,6h,1,156.74976674039345
pep_0082,gene_017,ctrl,6h,2,99.31975131171758
pep_0082,gene_017,ctrl,6h,3,61.87448983133545
pep_0082,gene_017,ctrl,6h,4,127.90548409602756
pep_0082,gene_017,ctrl,6h,5,119.13573766158825
pep_0082,gene_017,ctrl,6h,6,109.7029489353793
pep_0082,gene_017,drug,0h,1,119.08127760857718
pep_0082,gene_017,drug,0h,2,91.82771412940075
pep_0082,gene_017,drug,0h,3,95.53291205790484
pep_0082,gene_017,drug,0h,4,127.51632477905358
pep_0082,gene_017,drug,0h,5,118.49850275963499
pep_0082,gene_017,drug,0h,6,84.04361690386818
pep_0082,gene_017,drug,24h,1,94.18335410060041
pep_0082,gene_017,drug,24h,2,150.6240164322513
pep_0082,gene_017,drug,24h,3,147.08303152621548
pep_0082,gene_017,drug,24h,4,184.2257754267621
pep_0082,gene_017,drug,24h,5,72.22549624979301
pep_0082,gene_017,drug,24h,6,89.85228278245884
pep_0082,gene_017,drug,6h,1,66.93085619842104
pep_0082,gene_017,drug,6h,2,90.37349986186197
pep_0082,gene_017,drug,6h,3,109.42854437727223
pep_0082,gene_017,drug,6h,4,106.50161522979873
pep_0082,gene_017,drug,6h,5,97.25844105592104
pep_0082,gene_017,drug,6h,6,87.65754583810583
pep_0083,gene_017,ctrl,0h,1,72.75887358385168
pep_0083,gene_017,ctrl,0h,2,76.6444800856486
pep_0083,gene_017,ctrl,0h,3,173.1436085416189
pep_0083,gene_017,ctrl,0h,4,62.684993143958344
pep_0083,gene_017,ctrl,0h,5,83.90863964372393
pep_0083,gene_017,ctrl,0h,6,86.13498572159114
pep_0083,gene_017,ctrl,24h,1,104.1389582414814
pep_0083,gene_017,ctrl,24h,2,91.62629329546009
pep_0083,gene_017,ctrl,24h,3,80.89493889547971
pep_0083,gene_017,ctrl,24h,4,116.89666582271049
pep_0083,gene_017,ctrl,24h,5,151.0734643840442
pep_0083,gene_017,ctrl,24h,6,122.78358401411987
pep_0083,gene_017,ctrl,6h,1,120.68690062497203
pep_0083,gene_017,ctrl,6h,2,123.07302389644593
pep_0083,gene_017,ctrl,6h,3,85.70509354611336
pep_0083,gene_017,ctrl,6h,4,99.3743842081501
pep_0083,gene_017,ctrl,6h,5,153.2864870018574
pep_0083,gene_017,ctrl,6h,6,117.93654961149245
pep_0083,gene_017,drug,0h,1,89.5446800107142
pep_0083,gene_017,drug,0h,2,150.39066540567913
pep_0083,gene_017,drug,0h,3,88.52147484679408
pep_0083,gene_017,drug,0h,4,145.48547510239834
pep_0083,gene_017,drug,0h,5,101.60106798191664
pep_0083,gene_017,drug,0h,6,90.73836097355097
pep_0083,gene_017,drug,24h,1,55.307455843034404
pep_0083,gene_017,drug,24h,2,192.01294013851026
pep_0083,gene_017,drug,24h,3,93.71164929801212
pep_0083,gene_017,drug,24h,4,99.4710429991941
pep_0083,gene_017,drug,24h,5,86.9543657855397
pep_0083,gene_017,drug,24h,6,85.60105680191938
pep_0083,gene_017,drug,6h,1,140.53796005637398
pep_0083,gene_017,drug,6h,2,137.41715697607427
pep_0083,gene_017,drug,6h,3,102.69629303679068
pep_0083,gene_017,drug,6h,4,83.9255709704693
pep_0083,gene_017,drug,6h,5,153.6878684929472
pep_0083,gene_017,drug,6h,6,89.70427655052316
pep_0084,gene_017,ctrl,0h,1,112.34544657424755
pep_0084,gene_017,ctrl,0h,2,141.1999530572669
pep_0084,gene_017,ctrl,0h,3,108.96693098091362
pep_0084,gene_017,ctrl,0h,4,174.07792250098095
pep_0084,gene_017,ctrl,0h,5,304.84496872401576
pep_0084,gene_017,ctrl,0h,6,103.6279008026148
pep_0084,gene_017,ctrl,24h,1,96.02665313750705
pep_0084,gene_017,ctrl,24h,2,174.85637422402672
pep_0084,gene_017,ctrl,24h,3,198.75005899115226
pep_0084,gene_017,ctrl,24h,4,129.02054851888397
pep_0084,gene_017,ctrl,24h,5,170.88771974692125
pep_0084,gene_017,ctrl,24h,6,143.71391942334972
pep_0084,gene_017,ctrl,6h,1,116.6282587264654
pep_0084,gene_017,ctrl,6h,2,124.6857979243797
pep_0084,gene_017,ctrl,6h,3,153.32082168408763
pep_0084,gene_017,ctrl,6h,4,133.82201583293264
pep_0084,gene_017,ctrl,6h,5,228.87089689053977
pep_0084,gene_017,ctrl,6h,6,165.7252362571882
pep_0084,gene_017,drug,0h,1,118.96665529400063
pep_0084,gene_017,drug,0h,2,193.95828189661302
pep_0084,gene_017,drug,0h,3,145.9166117679041
pep_0084,gene_017,drug,0h,4,158.61712755400552
pep_0084,gene_017,drug,0h,5,140.14637454504077
pep_0084,gene_017,drug,0h,6,157.5627789556963
pep_0084,gene_017,drug,24h,1,190.73948085695167
pep_0084,gene_017,drug,24h,2,109.31564244276021
pep_0084,gene_017,drug,24h,3,170.723299606678
pep_0084,gene_017,drug,24h,4,171.28910016076668
pep_0084,gene_017,drug,24h,5,185.30955417559923
pep_0084,gene_017,drug,24h,6,139.41169955138852
pep_0084,gene_017,drug,6h,1,102.89208414685629
pep_0084,gene_017,drug,6h,2,209.09715159687332
pep_0084,gene_017,drug,6h,3,118.96702042721257
pep_0084,gene_017,drug,6h,4,173.48335884733146
pep_0084,gene_017,drug,6h,5,113.35097667718624
pep_0084,gene_017,drug,6h,6,199.23690857470376
pep_0085,gene_017,ctrl,0h,1,45.56522328288567
pep_0085,gene_017,ctrl,0h,2,8.130182403368845
pep_0085,gene_017,ctrl,0h,3,75.42135235515335
pep_0085,gene_017,ctrl,0h,4,27.96830853633531
pep_0085,gene_017,ctrl,0h,5,52.2212382196353
pep_0085,gene_017,ctrl,0h,6,40.820779444141095
pep_0085,gene_017,ctrl,24h,1,28.6141773270138
pep_0085,gene_017,ctrl,24h,2,12.856903480004487
pep_0085,gene_017,ctrl,24h,3,72.58557800018654
pep_0085,gene_017,ctrl,24h,4,30.34448517225772
pep_0085,gene_017,ctrl,24h,5,NA
pep_0085,gene_017,ctrl,24h,6,18.561970146830284
pep_0085,gene_017,ctrl,6h,1,14.881440904921865
pep_0085,gene_017,ctrl,6h,2,68.12817641975252
pep_0085,gene_017,ctrl,6h,3,15.641998829487937
pep_0085,gene_017,ctrl,6h,4,48.05570582242715
pep_0085,gene_017,ctrl,6h,5,23.111699884605393
pep_0085,gene_017,ctrl,6h,6,19.879206431223647
pep_0085,gene_017,drug,0h,1,39.80060934572376
pep_0085,gene_017,drug,0h,2,27.185643732269696
pep_0085,gene_017,drug,0h,3,42.37277945463371
pep_0085,gene_017,drug,0h,4,34.951798257875346
pep_0085,gene_017,drug,0h,5,27.460713996185554
pep_0085,gene_017,drug,0h,6,39.581288465628006
pep_0085,gene_017,drug,24h,1,51.440527644705604
pep_0085,gene_017,drug,24h,2,76.13922747213921
pep_0085,gene_017,drug,24h,3,28.942989914708384
pep_0085,gene_017,drug,24h,4,44.489680757652806
pep_0085,gene_017,drug,24h,5,34.96654778658368
pep_0085,gene_017,drug,24h,6,15.819345591098214
pep_0085,gene_017,drug,6h,1,19.41953554601046
pep_0085,gene_017,drug,6h,2,33.298847391957516
pep_0085,gene_017,drug,6h,3,64.54188917749148
pep_0085,gene_017,drug,6h,4,44.432286638344245
pep_0085,gene_017,drug,6h,5,43.69928075391752
pep_0085,gene_017,drug,6h,6,49.66161552706798
pep_0086,gene_018,ctrl,0h,1,207.88014278061704
pep_0086,gene_018,ctrl,0h,2,194.98905277092766
pep_0086,gene_018,ctrl,0h,3,188.50346835167653
pep_0086,gene_018,ctrl,0h,4,127.73854867767491
pep_0086,gene_018,ctrl,0h,5,232.50968775932023
pep_0086,gene_018,ctrl,0h,6,158.05994166389496
pep_0086,gene_018,ctrl,24h,1,121.63917561042416
pep_0086,gene_018,ctrl,24h,2,210.04958411357282
pep_0086,gene_018,ctrl,24h,3,229.28386198263567
pep_0086,gene_018,ctrl,24h,4,284.33784852530994
pep_0086,gene_018,ctrl,24h,5,147.4015632863126
pep_0086,gene_018,ctrl,24h,6,341.90887945759414
pep_0086,gene_018,ctrl,6h,1,319.47812629457087
pep_0086,gene_018,ctrl,6h,2,183.30951643051606
pep_0086,gene_018,ctrl,6h,3,152.97138993552673
pep_0086,gene_018,ctrl,6h,4,132.10203216232142
pep_0086,gene_018,ctrl,6h,5,123.21031254367827
pep_0086,gene_018,ctrl,6h,6,170.09996412594816
pep_0086,gene_018,drug,0h,1,242.1691372188772
pep_0086,gene_018,drug,0h,2,247.23704361286696
pep_0086,gene_018,drug,0h,3,199.58174922026924
pep_0086,gene_018,drug,0h,4,150.03163532272495
pep_0086,gene_018,drug,0h,5,243.9727957858528
pep_0086,gene_018,drug,0h,6,252.6233984298335
pep_0086,gene_018,drug,24h,1,216.64182638426513
pep_0086,gene_018,drug,24h,2,108.0013039734695
pep_0086,gene_018,drug,24h,3,141.65413746590502
pep_0086,gene_018,drug,24h,4,466.2938886264903
pep_0086,gene_018,drug,24h,5,158.58325552685298
pep_0086,gene_018,drug,24h,6,177.55973758988821
pep_0086,gene_018,drug,6h,1,248.99661952562408
pep_0086,gene_018,drug,6h,2,224.66859736167973
pep_0086,gene_018,drug,6h,3,182.10979895376957
pep_0086,gene_018,drug,6h,4,100.03016821973054
pep_0086,gene_018,drug,6h,5,249.71403613286992
pep_0086,gene_018,drug,6h,6,286.739128233101
pep_0087,gene_018,ctrl,0h,1,124.30741339831559
pep_0087,gene_018,ctrl,0h,2,98.06791151495445
pep_0087,gene_018,ctrl,0h,3,62.9686166022277
pep_0087,gene_018,ctrl,0h,4,100.78039933883952
pep_0087,gene_018,ctrl,0h,5,117.08668703170127
pep_0087,gene_018,ctrl,0h,6,95.94627569979099
pep_0087,gene_018,ctrl,24h,1,92.39935742278732
pep_0087,gene_018,ctrl,24h,2,62.86418661452699
pep_0087,gene_018,ctrl,24h,3,82.92544956320545
pep_0087,gene_018,ctrl,24h,4,74.8301122210488
pep_0087,gene_018,ctrl,24h,5,98.05219186694933
pep_0087,gene_018,ctrl,24h,6,42.21047448664671
pep_0087,gene_018,ctrl,6h,1,85.78172029727864
pep_0087,gene_018,ctrl,6h,2,99.25239586824912
pep_0087,gene_018,ctrl,6h,3,62.10758230931323
pep_0087,gene_018,ctrl,6h,4,88.98022126901007
pep_0087,gene_018,ctrl,6h,5,65.28126248300782
pep_0087,gene_018,ctrl,6h,6,60.64330611642432
pep_0087,gene_018,drug,0h,1,46.52396299975543
pep_0087,gene_018,drug,0h,2,65.91921786969714
pep_0087,gene_018,drug,0h,3,99.86977252785648
pep_0087,gene_018,drug,0h,4,92.00802442722879
pep_0087,gene_018,drug,0h,5,133.7218907566736
pep_0087,gene_018,drug,0h,6,35.04817632600625
pep_0087,gene_018,drug,24h,1,120.13487784201466
pep_0087,gene_018,drug,24h,2,121.78823539434413
pep_0087,gene_018,drug,24h,3,179.2774960143943
pep_0087,gene_018,drug,24h,4,88.55535416631871
pep_0087,gene_018,drug,24h,5,63.325559852116584
pep_0087,gene_018,drug,24h,6,54.5904324019483
pep_0087,gene_018,drug,6h,1,60.09036230719797
pep_0087,gene_018,drug,6h,2,65.36188849173061
pep_0087,gene_018,drug,6h,3,63.10437465406146
pep_0087,gene_018,drug,6h,4,46.51201781095247
pep_0087,gene_018,drug,6h,5,99.9147735343469
pep_0087,gene_018,drug,6h,6,76.04582012026398
pep_0088,gene_018,ctrl,0h,1,123.35479966814631
pep_0088,gene_018,ctrl,0h,2,58.528874033606094
pep_0088,gene_018,ctrl,0h,3,31.26389637854585
pep_0088,gene_018,ctrl,0h,4,69.61620284268461
pep_0088,gene_018,ctrl,0h,5,84.7759057510235
pep_0088,gene_018,ctrl,0h,6,48.400743546211594
pep_0088,gene_018,ctrl,24h,1,81.24918735961101
pep_0088,gene_018,ctrl,24h,2,65.40485084038284
pep_0088,gene_018,ctrl,24h,3,92.76304900974262
pep_0088,gene_018,ctrl,24h,4,108.62346794759556
pep_0088,gene_018,ctrl,24h,5,136.44955161221623
pep_0088,gene_018,ctrl,24h,6,133.3309596964837
pep_0088,gene_018,ctrl,6h,1,110.58939510271072
pep_0088,gene_018,ctrl,6h,2,165.93210563388809
pep_0088,gene_018,ctrl,6h,3,102.4713331825806
pep_0088,gene_018,ctrl,6h,4,139.75291728645144
pep_0088,gene_018,ctrl,6h,5,105.15450740774943
pep_0088,gene_018,ctrl,6h,6,63.5631472793691
pep_0088,gene_018,drug,0h,1,109.25661422727738
pep_0088,gene_018,drug,0h,2,82.18996168292911
pep_0088,gene_018,drug,0h,3,23.871740662297018
pep_0088,gene_018,drug,0h,4,42.37169717091317
pep_0088,gene_018,drug,0h,5,144.99032656719316
pep_0088,gene_018,drug,0h,6,73.4057899114838
pep_0088,gene_018,drug,24h,1,38.188363095333564
pep_0088,gene_018,drug,24h,2,104.65097432518431
pep_0088,gene_018,drug,24h,3,74.59390831075552
pep_0088,gene_018,drug,24h,4,114.31357893180403
pep_0088,gene_018,drug,24h,5,127.36876077021715
pep_0088,gene_018,drug,24h,6,61.77699076573642
pep_0088,gene_018,drug,6h,1,103.10855080334811
pep_0088,gene_018,drug,6h,2,96.47255391600535
pep_0088,gene_018,drug,6h,3,113.10045231135261
pep_0088,gene_018,drug,6h,4,118.49242984745408
pep_0088,gene_018,drug,6h,5,102.59518717544405
pep_0088,gene_018,drug,6h,6,69.24397934428212
pep_0089,gene_018,ctrl,0h,1,85.53052633341025
pep_0089,gene_018,ctrl,0h,2,64.84984647216399
pep_0089,gene_018,ctrl,0h,3,39.94592059513826
pep_0089,gene_018,ctrl,0h,4,26.834734905769757
pep_0089,gene_018,ctrl,0h,5,68.92503754772153
pep_0089,gene_018,ctrl,0h,6,38.81262075735367
pep_0089,gene_018,ctrl,24h,1,112.62939755348397
pep_0089,gene_018,ctrl,24h,2,44.801564578543775
pep_0089,gene_018,ctrl,24h,3,45.40166954459741
pep_0089,gene_018,ctrl,24h,4,78.9883990248277
pep_0089,gene_018,ctrl,24h,5,37.05643520535522
pep_0089,gene_018,ctrl,24h,6,56.590598891273714
pep_0089,gene_018,ctrl,6h,1,33.36377986852906
pep_0089,gene_018,ctrl,6h,2,107.77216154856335
pep_0089,gene_018,ctrl,6h,3,67.71836679770176
pep_0089,gene_018,ctrl,6h,4,71.26481662307341
pep_0089,gene_018,ctrl,6h,5,24.135946127904234
pep_0089,gene_018,ctrl,6h,6,49.99079425956638
pep_0089,gene_018,drug,0h,1,47.7171554484961
pep_0089,gene_018,drug,0h,2,47.952316267073634
pep_0089,gene_018,drug,0h,3,71.4924782511243
pep_0089,gene_018,drug,0h,4,100.67217884346562
pep_0089,gene_018,drug,0h,5,20.072431004003334
pep_0089,gene_018,drug,0h,6,64.16456218144536
pep_0089,gene_018,drug,24h,1,29.445335979283826
pep_0089,gene_018,drug,24h,2,35.44396029858541
pep_0089,gene_018,drug,24h,3,64.21098176514397
pep_0089,gene_018,drug,24h,4,43.975241292724576
pep_0089,gene_018,drug,24h,5,61.67262964814647
pep_0089,gene_018,drug,24h,6,51.00363265367407
pep_0089,gene_018,drug,6h,1,99.42269246609796
pep_0089,gene_018,drug,6h,2,61.32232466061644
pep_0089,gene_018,drug,6h,3,49.96544305655356
pep_0089,gene_018,drug,6h,4,45.03785269270076
pep_0089,gene_018,drug,6h,5,59.69218057414919
pep_0089,gene_018,drug,6h,6,71.9107415504392
pep_0090,gene_018,ctrl,0h,1,41.79261192657266
pep_0090,gene_018,ctrl,0h,2,46.96926534514127
pep_0090,gene_018,ctrl,0h,3,67.06804229352201
pep_0090,gene_018,ctrl,0h,4,87.40250858082935
pep_0090,gene_018,ctrl,0h,5,40.33659225502283
pep_0090,gene_018,ctrl,0h,6,21.719456731584824
pep_0090,gene_018,ctrl,24h,1,101.3161567022275
pep_0090,gene_018,ctrl,24h,2,90.2628864939904
pep_0090,gene_018,ctrl,24h,3,77.61836443973738
pep_0090,gene_018,ctrl,24h,4,49.67384278850639
pep_0090,gene_018,ctrl,24h,5,42.92228052043691
pep_0090,gene_018,ctrl,24h,6,81.1701388862546
pep_0090,gene_018,ctrl,6h,1,41.19319984156072
pep_0090,gene_018,ctrl,6h,2,62.73482447292175
pep_0090,gene_018,ctrl,6h,3,52.06519021105397
pep_0090,gene_018,ctrl,6h,4,61.42073103600466
pep_0090,gene_018,ctrl,6h,5,57.0949699543208
pep_0090,gene_018,ctrl,6h,6,41.40662875735991
pep_0090,gene_018,drug,0h,1,16.240507653493754
pep_0090,gene_018,drug,0h,2,45.29940490274754
pep_0090,gene_018,drug,0h,3,25.274756839233063
pep_0090,gene_018,drug,0h,4,38.999501889582696
pep_0090,gene_018,drug,0h,5,58.3770415518727
pep_0090,gene_018,drug,0h,6,84.8464115078281
pep_0090,gene_018,drug,24h,1,50.11373355841599
pep_0090,gene_018,drug,24h,2,86.75826182790296
pep_0090,gene_018,drug,24h,3,81.19860042746832
pep_0090,gene_018,drug,24h,4,85.935957181752
pep_0090,gene_018,drug,24h,5,59.563429141917894
pep_0090,gene_018,drug,24h,6,82.51643014122222
pep_0090,gene_018,drug,6h,1,49.490315276953176
pep_0090,gene_018,drug,6h,2,82.41559917030689
pep_0090,gene_018,drug,6h,3,73.82409887210972
pep_0090,gene_018,drug,6h,4,88.66111681687197
pep_0090,gene_018,drug,6h,5,32.952993820532626
pep_0090,gene_018,drug,6h,6,105.878780785705
pep_0091,gene_019,ctrl,0h,1,48.23745061999445
pep_0091,gene_019,ctrl,0h,2,113.37243054237862
pep_0091,gene_019,ctrl,0h,3,91.84143454919665
pep_0091,gene_019,ctrl,0h,4,93.59103794543682
pep_0091,gene_019,ctrl,0h,5,110.63556029570748
pep_0091,gene_019,ctrl,0h,6,84.18197185867302
pep_0091,gene_019,ctrl,24h,1,91.41804473685102
pep_0091,gene_019,ctrl,24h,2,164.73679690489487
pep_0091,gene_019,ctrl,24h,3,109.89877501741456
pep_0091,gene_019,ctrl,24h,4,86.33691353499071
pep_0091,gene_019,ctrl,24h,5,78.139139733558
pep_0091,gene_019,ctrl,24h,6,99.84200962313321
pep_0091,gene_019,ctrl,6h,1,136.97682176196284
pep_0091,gene_019,ctrl,6h,2,61.41936516576615
pep_0091,gene_019,ctrl,6h,3,102.78995579103886
pep_0091,gene_019,ctrl,6h,4,67.07517744171324
pep_0091,gene_019,ctrl,6h,5,87.43080004233204
pep_0091,gene_019,ctrl,6h,6,40.028680180819045
pep_0091,gene_019,drug,0h,1,87.43732535281863
pep_0091,gene_019,drug,0h,2,46.29206080858071
pep_0091,gene_019,drug,0h,3,79.27950698957393
pep_0091,gene_019,drug,0h,4,40.263476986855096
pep_0091,gene_019,drug,0h,5,58.72464579275051
pep_0091,gene_019,drug,0h,6,100.25979506933619
pep_0091,gene_019,drug,24h,1,56.792063831864716
pep_0091,gene_019,drug,24h,2,65.80018530266531
pep_0091,gene_019,drug,24h,3,76.92785974653336
pep_0091,gene_019,drug,24h,4,80.0605285023986
pep_0091,gene_019,drug,24h,5,72.74607140774602
pep_0091,gene_019,drug,24h,6,128.33610944571248
pep_0091,gene_019,drug,6h,1,106.40502464704585
pep_0091,gene_019,drug,6h,2,120.55479453488715
pep_0091,gene_019,drug,6h,3,88.14263769381274
pep_0091,gene_019,drug,6h,4,60.2644965828261
pep_0091,gene_019,drug,6h,5,41.850286978680465
pep_0091,gene_019,drug,6h,6,160.0241427621798
pep_0092,gene_019,ctrl,0h,1,135.08240125054039
pep_0092,gene_019,ctrl,0h,2,136.4986931094449
pep_0092,gene_019,ctrl,0h,3,124.19243404684273
pep_0092,gene_019,ctrl,0h,4,167.11824854098808
pep_0092,gene_019,ctrl,0h,5,100.67041518256359
pep_0092,gene_019,ctrl,0h,6,64.53106785924524
pep_0092,gene_019,ctrl,24h,1,116.96520131397311
pep_0092,gene_019,ctrl,24h,2,114.20567515517145
pep_0092,gene_019,ctrl,24h,3,127.47864115493499
pep_0092,gene_019,ctrl,24h,4,123.25841912061705
pep_0092,gene_019,ctrl,24h,5,116.64872298256647
pep_0092,gene_019,ctrl,24h,6,75.30058001788582
pep_0092,gene_019,ctrl,6h,1,123.43344811230233
pep_0092,gene_019,ctrl,6h,2,156.54908091202765
pep_0092,gene_019,ctrl,6h,3,118.63479056481144
pep_0092,gene_019,ctrl,6h,4,102.54736210323196
pep_0092,gene_019,ctrl,6h,5,95.14879114952579
pep_0092,gene_019,ctrl,6h,6,117.58698191823683
pep_0092,gene_019,drug,0h,1,74.12063490166206
pep_0092,gene_019,drug,0h,2,139.30731505218932
pep_0092,gene_019,drug,0h,3,91.41374984952962
pep_0092,gene_019,drug,0h,4,121.20341948224086
pep_0092,gene_019,drug,0h,5,88.14330364782575
pep_0092,gene_019,drug,0h,6,80.24880518024626
pep_0092,gene_019,drug,24h,1,109.87752433698468
pep_0092,gene_019,drug,24h,2,120.39437472133889
pep_0092,gene_019,drug,24h,3,152.87166435424146
pep_0092,gene_019,drug,24h,4,111.68879302461806
pep_0092,gene_019,drug,24h,5,192.06954936671755
pep_0092,gene_019,drug,24h,6,150.80552044447137
pep_0092,gene_019,drug,6h,1,139.23377577112691
pep_0092,gene_019,drug,6h,2,186.86367075986809
pep_0092,gene_019,drug,6h,3,101.3369284218561
pep_0092,gene_019,drug,6h,4,117.61251748323497
pep_0092,gene_019,drug,6h,5,97.50748475543587
pep_0092,gene_019,drug,6h,6,101.441557613102
pep_0093,gene_019,ctrl,0h,1,175.84746003291275
pep_0093,gene_019,ctrl,0h,2,88.9530056127085
pep_0093,gene_019,ctrl,0h,3,143.33168532392241
pep_0093,gene_019,ctrl,0h,4,176.91701473542707
pep_0093,gene_019,ctrl,0h,5,85.57134142981413
pep_0093,gene_019,ctrl,0h,6,93.52963790528312
pep_0093,gene_019,ctrl,24h,1,67.53253662668192
pep_0093,gene_019,ctrl,24h,2,186.4426340022294
pep_0093,gene_019,ctrl,24h,3,221.58411015906296
pep_0093,gene_019,ctrl,24h,4,96.26985732839094
pep_0093,gene_019,ctrl,24h,5,101.3582149927975
pep_0093,gene_019,ctrl,24h,6,201.14525750725088
pep_0093,gene_019,ctrl,6h,1,157.8461549355
pep_0093,gene_019,ctrl,6h,2,102.63546558787017
pep_0093,gene_019,ctrl,6h,3,86.93068489717629
pep_0093,gene_019,ctrl,6h,4,39.850668637343745
pep_0093,gene_019,ctrl,6h,5,84.09506696391186
pep_0093,gene_019,ctrl,6h,6,66.58457492781305
pep_0093,gene_019,drug,0h,1,83.0163491420079
pep_0093,gene_019,drug,0h,2,106.94030098096569
pep_0093,gene_019,drug,0h,3,163.8424705710241
pep_0093,gene_019,drug,0h,4,91.95132586766817
pep_0093,gene_019,drug,0h,5,75.11553590708829
pep_0093,gene_019,drug,0h,6,57.26185491049232
pep_0093,gene_019,drug,24h,1,122.80482200100911
pep_0093,gene_019,drug,24h,2,92.90265016461228
pep_0093,gene_019,drug,24h,3,78.43619327161049
pep_0093,gene_019,drug,24h,4,66.97379672030166
pep_0093,gene_019,drug,24h,5,144.9653851123882
pep_0093,gene_019,drug,24h,6,116.54054738253195
pep_0093,gene_019,drug,6h,1,99.49090300130219
pep_0093,gene_019,drug,6h,2,115.86153196227627
pep_0093,gene_019,drug,6h,3,139.23188153160729
pep_0093,gene_019,drug,6h,4,49.84709492603969
pep_0093,gene_019,drug,6h,5,124.6716590727175
pep_0093,gene_019,drug,6h,6,189.4257363834093
pep_0094,gene_019,ctrl,0h,1,123.05867159417535
pep_0094,gene_019,ctrl,0h,2,98.68350929078967
pep_0094,gene_019,ctrl,0h,3,72.23339283342001
pep_0094,gene_019,ctrl,0h,4,63.5642934953597
pep_0094,gene_019,ctrl,0h,5,59.65720476952182
pep_0094,gene_019,ctrl,0h,6,233.56832305843685
pep_0094,gene_019,ctrl,24h,1,40.52454272464564
pep_0094,gene_019,ctrl,24h,2,100.22136858651042
pep_0094,gene_019,ctrl,24h,3,56.85806867465077
pep_0094,gene_019,ctrl,24h,4,121.54580304940275
pep_0094,gene_019,ctrl,24h,5,75.47671607256737
pep_0094,gene_019,ctrl,24h,6,42.65637072862768
pep_0094,gene_019,ctrl,6h,1,52.2729050268285
pep_0094,gene_019,ctrl,6h,2,78.72736504533432
pep_0094,gene_019,ctrl,6h,3,71.2696512689922
pep_0094,gene_019,ctrl,6h,4,117.03075760629802
pep_0094,gene_019,ctrl,6h,5,66.6913728311693
pep_0094,gene_019,ctrl,6h,6,33.07860660454418
pep_0094,gene_019,drug,0h,1,68.66838355417498
pep_0094,gene_019,drug,0h,2,31.381699413050235
pep_0094,gene_019,drug,0h,3,59.72167815200223
pep_0094,gene_019,drug,0h,4,103.68812874805522
pep_0094,gene_019,drug,0h,5,61.13736099079847
pep_0094,gene_019,drug,0h,6,88.33601472428613
pep_0094,gene_019,drug,24h,1,112.64501380502747
pep_0094,gene_019,drug,24h,2,68.88157773645308
pep_0094,gene_019,drug,24h,3,88.23934743555668
pep_0094,gene_019,drug,24h,4,84.3292337586967
pep_0094,gene_019,drug,24h,5,88.8212756167167
pep_0094,gene_019,drug,24h,6,52.81190594773621
pep_0094,gene_019,drug,6h,1,66.4711610473355
pep_0094,gene_019,drug,6h,2,132.2126954310074
pep_0094,gene_019,drug,6h,3,77.52614357480995
pep_0094,gene_019,drug,6h,4,39.902257734458196
pep_0094,gene_019,drug,6h,5,70.55063461490748
pep_0094,gene_019,drug,6h,6,53.49930909044179
pep_0095,gene_019,ctrl,0h,1,82.61987667047747
pep_0095,gene_019,ctrl,0h,2,22.929242791211006
pep_0095,gene_019,ctrl,0h,3,99.2353271832056
pep_0095,gene_019,ctrl,0h,4,102.38880485962274
pep_0095,gene_019,ctrl,0h,5,61.690308984529125
pep_0095,gene_019,ctrl,0h,6,27.882377831615305
pep_0095,gene_019,ctrl,24h,1,105.6748404432135
pep_0095,gene_019,ctrl,24h,2,66.48245739248625
pep_0095,gene_019,ctrl,24h,3,98.60146157321088
pep_0095,gene_019,ctrl,24h,4,34.914925823720665
pep_0095,gene_019,ctrl,24h,5,90.76769240394533
pep_0095,gene_019,ctrl,24h,6,73.1343879681658
pep_0095,gene_019,ctrl,6h,1,46.11929640736994
pep_0095,gene_019,ctrl,6h,2,56.407499025529866
pep_0095,gene_019,ctrl,6h,3,55.45326248538114
pep_0095,gene_019,ctrl,6h,4,72.29578517096222
pep_0095,gene_019,ctrl,6h,5,50.112585461962546
pep_0095,gene_019,ctrl,6h,6,53.79551417110497
pep_0095,gene_019,drug,0h,1,67.919893201885
pep_0095,gene_019,drug,0h,2,88.66620296199993
pep_0095,gene_019,drug,0h,3,68.80253589652128
pep_0095,gene_019,drug,0h,4,24.63824240706498
pep_0095,gene_019,drug,0h,5,197.00649094406023
pep_0095,gene_019,drug,0h,6,118.04169442022096
pep_0095,gene_019,drug,24h,1,100.92654131568295
pep_0095,gene_019,drug,24h,2,35.582391391742455
pep_0095,gene_019,drug,24h,3,77.56282777758155
pep_0095,gene_019,drug,24h,4,107.01511373390039
pep_0095,gene_019,drug,24h,5,57.86783921322581
pep_0095,gene_019,drug,24h,6,70.67986860432376
pep_0095,gene_019,drug,6h,1,95.42280305815957
pep_0095,gene_019,drug,6h,2,69.7695337405439
pep_0095,gene_019,drug,6h,3,110.51655012716859
pep_0095,gene_019,drug,6h,4,96.50544543492829
pep_0095,gene_019,drug,6h,5,65.57767842780254
pep_0095,gene_019,drug,6h,6,141.91333861618983
pep_0096,gene_020,ctrl,0h,1,138.18004344348267
pep_0096,gene_020,ctrl,0h,2,93.87326427945217
pep_0096,gene_020,ctrl,0h,3,76.67708211652585
pep_0096,gene_020,ctrl,0h,4,119.67311253083913
pep_0096,gene_020,ctrl,0h,5,168.87808474110878
pep_0096,gene_020,ctrl,0h,6,139.14349873480293
pep_0096,gene_020,ctrl,24h,1,81.9244267823362
pep_0096,gene_020,ctrl,24h,2,123.1402901540103
pep_0096,gene_020,ctrl,24h,3,125.57659513674537
pep_0096,gene_020,ctrl,24h,4,92.85007928479725
pep_0096,gene_020,ctrl,24h,5,107.28980512221449
pep_0096,gene_020,ctrl,24h,6,114.09811059862729
pep_0096,gene_020,ctrl,6h,1,66.06646471713067
pep_0096,gene_020,ctrl,6h,2,127.92211396450614
pep_0096,gene_020,ctrl,6h,3,34.31103483110982
pep_0096,gene_020,ctrl,6h,4,48.78594221329213
pep_0096,gene_020,ctrl,6h,5,104.90072551488628
pep_0096,gene_020,ctrl,6h,6,78.901093464171
pep_0096,gene_020,drug,0h,1,67.59538801739373
pep_0096,gene_020,drug,0h,2,195.163026291803
pep_0096,gene_020,drug,0h,3,63.41873029470037
pep_0096,gene_020,drug,0h,4,188.29767348010006
pep_0096,gene_020,drug,0h,5,184.8642244343837
pep_0096,gene_020,drug,0h,6,100.03479122239936
pep_0096,gene_020,drug,24h,1,147.42720382136645
pep_0096,gene_020,drug,24h,2,82.01331716453831
pep_0096,gene_020,drug,24h,3,167.3851713003003
pep_0096,gene_020,drug,24h,4,157.45117031765358
pep_0096,gene_020,drug,24h,5,193.19159973517142
pep_0096,gene_020,drug,24h,6,78.18682647797831
pep_0096,gene_020,drug,6h,1,102.83521485661534
pep_0096,gene_020,drug,6h,2,68.16622021443402
pep_0096,gene_020,drug,6h,3,124.8701314620694
pep_0096,gene_020,drug,6h,4,153.4609063508787
pep_0096,gene_020,drug,6h,5,68.199445612009
pep_0096,gene_020,drug,6h,6,107.47131182552823
pep_0097,gene_020,ctrl,0h,1,104.38364474062043
pep_0097,gene_020,ctrl,0h,2,149.91622772235672
pep_0097,gene_020,ctrl,0h,3,67.57107032552464
pep_0097,gene_020,ctrl,0h,4,90.8164116267083
pep_0097,gene_020,ctrl,0h,5,190.26849719707633
pep_0097,gene_020,ctrl,0h,6,111.58533615006104
pep_0097,gene_020,ctrl,24h,1,107.75162445312473
pep_0097,gene_020,ctrl,24h,2,110.54580256320887
pep_0097,gene_020,ctrl,24h,3,96.08670542539822
pep_0097,gene_020,ctrl,24h,4,133.4706774838979
pep_0097,gene_020,ctrl,24h,5,159.78206939120471
pep_0097,gene_020,ctrl,24h,6,133.43473571265892
pep_0097,gene_020,ctrl,6h,1,59.6346323301491
pep_0097,gene_020,ctrl,6h,2,89.30355697933761
pep_0097,gene_020,ctrl,6h,3,77.56396153872561
pep_0097,gene_020,ctrl,6h,4,73.59392851733229
pep_0097,gene_020,ctrl,6h,5,104.01980638353426
pep_0097,gene_020,ctrl,6h,6,145.39438305113276
pep_0097,gene_020,drug,0h,1,90.78024309828027
pep_0097,gene_020,drug,0h,2,80.57680127982476
pep_0097,gene_020,drug,0h,3,213.07986507489986
pep_0097,gene_020,drug,0h,4,124.87650061452163
pep_0097,gene_020,drug,0h,5,147.22557879934843
pep_0097,gene_020,drug,0h,6,89.60843549993422
pep_0097,gene_020,drug,24h,1,70.63266251133865
pep_0097,gene_020,drug,24h,2,74.99366325651957
pep_0097,gene_020,drug,24h,3,90.08235343866839
pep_0097,gene_020,drug,24h,4,173.62832433876392
pep_0097,gene_020,drug,24h,5,106.32371478681
pep_0097,gene_020,drug,24h,6,72.92216317508407
pep_0097,gene_020,drug,6h,1,126.56614989246012
pep_0097,gene_020,drug,6h,2,68.04490975445682
pep_0097,gene_020,drug,6h,3,81.70068818517159
pep_0097,gene_020,drug,6h,4,58.91874353985981
pep_0097,gene_020,drug,6h,5,138.03203737676392
pep_0097,gene_020,drug,6h,6,66.4505468156229
pep_0098,gene_020,ctrl,0h,1,53.76816338363133
pep_0098,gene_020,ctrl,0h,2,60.57525349089981
pep_0098,gene_020,ctrl,0h,3,46.59957890595841
pep_0098,gene_020,ctrl,0h,4,46.83945190729016
pep_0098,gene_020,ctrl,0h,5,45.19899752724278
pep_0098,gene_020,ctrl,0h,6,53.66497640679857
pep_0098,gene_020,ctrl,24h,1,41.26374724806458
pep_0098,gene_020,ctrl,24h,2,69.42353011220818
pep_0098,gene_020,ctrl,24h,3,38.392551217501754
pep_0098,gene_020,ctrl,24h,4,82.53259394796989
pep_0098,gene_020,ctrl,24h,5,43.54497784584917
pep_0098,gene_020,ctrl,24h,6,88.33914011350093
pep_0098,gene_020,ctrl,6h,1,56.84005539126428
pep_0098,gene_020,ctrl,6h,2,82.78884164658687
pep_0098,gene_020,ctrl,6h,3,18.99833089103032
pep_0098,gene_020,ctrl,6h,4,44.87774823101459
pep_0098,gene_020,ctrl,6h,5,39.630786115864204
pep_0098,gene_020,ctrl,6h,6,75.22385449736957
pep_0098,gene_020,drug,0h,1,73.88120308496542
pep_0098,gene_020,drug,0h,2,40.681463005231294
pep_0098,gene_020,drug,0h,3,29.804591906173265
pep_0098,gene_020,drug,0h,4,39.955125982963466
pep_0098,gene_020,drug,0h,5,38.41560584199471
pep_0098,gene_020,drug,0h,6,55.795257770367705
pep_0098,gene_020,drug,24h,1,80.25314483021508
pep_0098,gene_020,drug,24h,2,46.04429343950639
pep_0098,gene_020,drug,24h,3,22.122083228260365
pep_0098,gene_020,drug,24h,4,63.41938820763828
pep_0098,gene_020,drug,24h,5,51.18911455282713
pep_0098,gene_020,drug,24h,6,44.65544322829063
pep_0098,gene_020,drug,6h,1,45.49782222233566
pep_0098,gene_020,drug,6h,2,81.51675016400105
pep_0098,gene_020,drug,6h,3,30.974820629888363
pep_0098,gene_020,drug,6h,4,33.80149755674692
pep_0098,gene_020,drug,6h,5,40.731328923221305
pep_0098,gene_020,drug,6h,6,42.41820085373133
pep_0099,gene_020,ctrl,0h,1,53.04888721944319
pep_0099,gene_020,ctrl,0h,2,85.79810336103019
pep_0099,gene_020,ctrl,0h,3,83.31355825260066
pep_0099,gene_020,ctrl,0h,4,100.81825985682634
pep_0099,gene_020,ctrl,0h,5,90.66460361104122
pep_0099,gene_020,ctrl,0h,6,137.8212188589455
pep_0099,gene_020,ctrl,24h,1,86.41362793352329
pep_0099,gene_020,ctrl,24h,2,123.68197698269749
pep_0099,gene_020,ctrl,24h,3,116.12807536748021
pep_0099,gene_020,ctrl,24h,4,58.31734886852731
pep_0099,gene_020,ctrl,24h,5,49.91190185422236
pep_0099,gene_020,ctrl,24h,6,63.428916128467954
pep_0099,gene_020,ctrl,6h,1,107.30851267173027
pep_0099,gene_020,ctrl,6h,2,34.158124021626456
pep_0099,gene_020,ctrl,6h,3,79.62102394921553
pep_0099,gene_020,ctrl,6h,4,70.70218363630897
pep_0099,gene_020,ctrl,6h,5,97.39377238408755
pep_0099,gene_020,ctrl,6h,6,84.33082983568377
pep_0099,gene_020,drug,0h,1,87.78058908195902
pep_0099,gene_020,drug,0h,2,90.4464871241475
pep_0099,gene_020,drug,0h,3,48.625911989560045
pep_0099,gene_020,drug,0h,4,74.56068115558521
pep_0099,gene_020,drug,0h,5,114.87640312022278
pep_0099,gene_020,drug,0h,6,87.84185766539218
pep_0099,gene_020,drug,24h,1,120.15547136193383
pep_0099,gene_020,drug,24h,2,75.06502664966168
pep_0099,gene_020,drug,24h,3,81.18122731032608
pep_0099,gene_020,drug,24h,4,121.27058634028668
pep_0099,gene_020,drug,24h,5,112.46054900610532
pep_0099,gene_020,drug,24h,6,202.62738834618224
pep_0099,gene_020,drug,6h,1,118.83819112113916
pep_0099,gene_020,drug,6h,2,161.1766324024659
pep_0099,gene_020,drug,6h,3,57.48646164643516
pep_0099,gene_020,drug,6h,4,63.43733253309181
pep_0099,gene_020,drug,6h,5,119.4640505737211
pep_0099,gene_020,drug,6h,6,125.86258724114741
pep_0100,gene_020,ctrl,0h,1,74.41041733703572
pep_0100,gene_020,ctrl,0h,2,74.45458753433043
pep_0100,gene_020,ctrl,0h,3,31.415640668109646
pep_0100,gene_020,ctrl,0h,4,82.53952071660726
pep_0100,gene_020,ctrl,0h,5,82.42707185959217
pep_0100,gene_020,ctrl,0h,6,58.48299234125894
pep_0100,gene_020,ctrl,24h,1,64.71666357634406
pep_0100,gene_020,ctrl,24h,2,98.17687312045292
pep_0100,gene_020,ctrl,24h,3,40.66654363218334
pep_0100,gene_020,ctrl,24h,4,55.04892927100344
pep_0100,gene_020,ctrl,24h,5,37.97081019678473
pep_0100,gene_020,ctrl,24h,6,32.190917245433454
pep_0100,gene_020,ctrl,6h,1,23.082222654287296
pep_0100,gene_020,ctrl,6h,2,52.924861723778704
pep_0100,gene_020,ctrl,6h,3,44.684194182654686
pep_0100,gene_020,ctrl,6h,4,35.81388735653214
pep_0100,gene_020,ctrl,6h,5,79.86241270292139
pep_0100,gene_020,ctrl,6h,6,48.0827738476635
pep_0100,gene_020,drug,0h,1,124.92649309885316
pep_0100,gene_020,drug,0h,2,48.71334694127073
pep_0100,gene_020,drug,0h,3,61.89976214574897
pep_0100,gene_020,drug,0h,4,46.71495615441757
pep_0100,gene_020,drug,0h,5,62.41241571638345
pep_0100,gene_020,drug,0h,6,46.01119560754975
pep_0100,gene_020,drug,24h,1,37.89290910232625
pep_0100,gene_020,drug,24h,2,23.03587511225013
pep_0100,gene_020,drug,24h,3,66.5684350028915
pep_0100,gene_020,drug,24h,4,34.56840430672523
pep_0100,gene_020,drug,24h,5,64.37758090114973
pep_0100,gene_020,drug,24h,6,74.51265406260731
pep_0100,gene_020,drug,6h,1,104.90037360446557
pep_0100,gene_020,drug,6h,2,64.42307513447875
pep_0100,gene_020,drug,6h,3,34.21090776137706
pep_0100,gene_020,drug,6h,4,54.95211952534353
pep_0100,gene_020,drug,6h,5,48.310849662996624
pep_0100,gene_020,drug,6h,6,68.48080279417017
pep_0101,gene_021,ctrl,0h,1,49.8607806877602
pep_0101,gene_021,ctrl,0h,2,32.37466702776327
pep_0101,gene_021,ctrl,0h,3,41.52256546428782
pep_0101,gene_021,ctrl,0h,4,23.748259379331678
pep_0101,gene_021,ctrl,0h,5,81.61495498234872
pep_0101,gene_021,ctrl,0h,6,64.348267463423
pep_0101,gene_021,ctrl,24h,1,73.55868486583203
pep_0101,gene_021,ctrl,24h,2,68.61243195016411
pep_0101,gene_021,ctrl,24h,3,53.71841716783636
pep_0101,gene_021,ctrl,24h,4,14.253404812749967
pep_0101,gene_021,ctrl,24h,5,47.88679870910023
pep_0101,gene_021,ctrl,24h,6,50.25887927497444
pep_0101,gene_021,ctrl,6h,1,30.583179039752984
pep_0101,gene_021,ctrl,6h,2,63.08372629152231
pep_0101,gene_021,ctrl,6h,3,73.28485071315134
pep_0101,gene_021,ctrl,6h,4,44.1744117678578
pep_0101,gene_021,ctrl,6h,5,34.24767268994779
pep_0101,gene_021,ctrl,6h,6,34.9568487210561
pep_0101,gene_021,drug,0h,1,80.1262510332643
pep_0101,gene_021,drug,0h,2,93.21634215737959
pep_0101,gene_021,drug,0h,3,85.66216956698699
pep_0101,gene_021,drug,0h,4,46.866439173528065
pep_0101,gene_021,drug,0h,5,129.2978638361856
pep_0101,gene_021,drug,0h,6,51.28781405375787
pep_0101,gene_021,drug,24h,1,77.13945419756138
pep_0101,gene_021,drug,24h,2,47.334937546649996
pep_0101,gene_021,drug,24h,3,22.220547597615806
pep_0101,gene_021,drug,24h,4,56.751592988848856
pep_0101,gene_021,drug,24h,5,79.76028038224489
pep_0101,gene_021,drug,24h,6,44.64592323573643
pep_0101,gene_021,drug,6h,1,30.588241545103234
pep_0101,gene_021,drug,6h,2,19.54400781687171
pep_0101,gene_021,drug,6h,3,29.890332598608268
pep_0101,gene_021,drug,6h,4,54.60544830470184
pep_0101,gene_021,drug,6h,5,85.19362833587003
pep_0101,gene_021,drug,6h,6,52.64761189239649
pep_0102,gene_021,ctrl,0h,1,37.42369419383023
pep_0102,gene_021,ctrl,0h,2,113.1103256479906
pep_0102,gene_021,ctrl,0h,3,142.35367935195555
pep_0102,gene_021,ctrl,0h,4,60.723645587477264
pep_0102,gene_021,ctrl,0h,5,252.72626315705267
pep_0102,gene_021,ctrl,0h,6,184.94483115087522
pep_0102,gene_021,ctrl,24h,1,48.687260939297744
pep_0102,gene_021,ctrl,24h,2,80.96561403090908
pep_0102,gene_021,ctrl,24h,3,60.90793646420983
pep_0102,gene_021,ctrl,24h,4,96.1590941176755
pep_0102,gene_021,ctrl,24h,5,137.92294082813999
pep_0102,gene_021,ctrl,24h,6,72.2986243977193
pep_0102,gene_021,ctrl,6h,1,59.14107375387648
pep_0102,gene_021,ctrl,6h,2,84.46255569671885
pep_0102,gene_021,ctrl,6h,3,66.14321330935766
pep_0102,gene_021,ctrl,6h,4,113.4229736478451
pep_0102,gene_021,ctrl,6h,5,104.92787482512507
pep_0102,gene_021,ctrl,6h,6,120.52241004382509
pep_0102,gene_021,drug,0h,1,90.86864242595519
pep_0102,gene_021,drug,0h,2,76.25940478963587
pep_0102,gene_021,drug,0h,3,63.94451975132951
pep_0102,gene_021,drug,0h,4,62.3130245762664
pep_0102,gene_021,drug,0h,5,109.07430082052896
pep_0102,gene_021,drug,0h,6,30.26746165178485
pep_0102,gene_021,drug,24h,1,135.40513113387763
pep_0102,gene_021,drug,24h,2,78.86294666575063
pep_0102,gene_021,drug,24h,3,103.66472254219308
pep_0102,gene_021,drug,24h,4,79.14250780934347
pep_0102,gene_021,drug,24h,5,76.35189816368296
pep_0102,gene_021,drug,24h,6,108.33400458598464
pep_0102,gene_021,drug,6h,1,96.7663383229431
pep_0102,gene_021,drug,6h,2,82.888476074036
pep_0102,gene_021,drug,6h,3,120.74189447934909
pep_0102,gene_021,drug,6h,4,101.654332766743
pep_0102,gene_021,drug,6h,5,75.46726469017142
pep_0102,gene_021,drug,6h,6,154.03027535663068
pep_0103,gene_021,ctrl,0h,1,108.28222970178007
pep_0103,gene_021,ctrl,0h,2,101.76145827987067
pep_0103,gene_021,ctrl,0h,3,80.1848306923268
pep_0103,gene_021,ctrl,0h,4,115.59917867155899
pep_0103,gene_021,ctrl,0h,5,29.773470904554014
pep_0103,gene_021,ctrl,0h,6,70.53801692153559
pep_0103,gene_021,ctrl,24h,1,83.33439756550058
pep_0103,gene_021,ctrl,24h,2,86.35778961812785
pep_0103,gene_021,ctrl,24h,3,105.52620675746043
pep_0103,gene_021,ctrl,24h,4,73.3739921548621
pep_0103,gene_021,ctrl,24h,5,54.32313647369775
pep_0103,gene_021,ctrl,24h,6,122.58401538640918
pep_0103,gene_021,ctrl,6h,1,93.35184157579792
pep_0103,gene_021,ctrl,6h,2,33.545845957149545
pep_0103,gene_021,ctrl,6h,3,45.99726747317372
pep_0103,gene_021,ctrl,6h,4,84.45329300370656
pep_0103,gene_021,ctrl,6h,5,109.41949764066908
pep_0103,gene_021,ctrl,6h,6,57.3797758120235
pep_0103,gene_021,drug,0h,1,137.97203373435426
pep_0103,gene_021,drug,0h,2,105.80152233203226
pep_0103,gene_021,drug,0h,3,37.68752213731225
pep_0103,gene_021,drug,0h,4,95.67425839056368
pep_0103,gene_021,drug,0h,5,69.04937641280188
pep_0103,gene_021,drug,0h,6,65.87288858014261
pep_0103,gene_021,drug,24h,1,73.08653161324445
pep_0103,gene_021,drug,24h,2,96.1746170905306
pep_0103,gene_021,drug,24h,3,78.93651551417837
pep_0103,gene_021,drug,24h,4,125.66083840721511
pep_0103,gene_021,drug,24h,5,101.10553100178883
pep_0103,gene_021,drug,24h,6,114.31038257957653
pep_0103,gene_021,drug,6h,1,96.94110697316927
pep_0103,gene_021,drug,6h,2,78.34865958837257
pep_0103,gene_021,drug,6h,3,163.43874040480762
pep_0103,gene_021,drug,6h,4,41.18596203170051
pep_0103,gene_021,drug,6h,5,95.01063309387843
pep_0103,gene_021,drug,6h,6,118.10966879114572
pep_0104,gene_021,ctrl,0h,1,70.1750550767406
pep_0104,gene_021,ctrl,0h,2,69.4733178700255
pep_0104,gene_021,ctrl,0h,3,50.7388279114711
pep_0104,gene_021,ctrl,0h,4,47.356415297085135
pep_0104,gene_021,ctrl,0h,5,30.199120592556977
pep_0104,gene_021,ctrl,0h,6,47.51730678052057
pep_0104,gene_021,ctrl,24h,1,106.60462981724977
pep_0104,gene_021,ctrl,24h,2,39.50469576163238
pep_0104,gene_021,ctrl,24h,3,25.903725195986233
pep_0104,gene_021,ctrl,24h,4,21.1000243798216
pep_0104,gene_021,ctrl,24h,5,NA
pep_0104,gene_021,ctrl,24h,6,18.32781462979212
pep_0104,gene_021,ctrl,6h,1,32.424334664131166
pep_0104,gene_021,ctrl,6h,2,64.76654837360272
pep_0104,gene_021,ctrl,6h,3,45.65425245738517
pep_0104,gene_021,ctrl,6h,4,11.561402289013671
pep_0104,gene_021,ctrl,6h,5,40.56681101224377
pep_0104,gene_021,ctrl,6h,6,35.67365652402247
pep_0104,gene_021,drug,0h,1,50.68113600737601
pep_0104,gene_021,drug,0h,2,44.45498984966045
pep_0104,gene_021,drug,0h,3,65.12584166076661
pep_0104,gene_021,drug,0h,4,39.07974464209422
pep_0104,gene_021,drug,0h,5,67.56289267798667
pep_0104,gene_021,drug,0h,6,57.35904235674562
pep_0104,gene_021,drug,24h,1,40.63247799433737
pep_0104,gene_021,drug,24h,2,62.71702767919947
pep_0104,gene_021,drug,24h,3,76.32551868858353
pep_0104,gene_021,drug,24h,4,88.61518005794379
pep_0104,gene_021,drug,24h,5,91.30892433315911
pep_0104,gene_021,drug,24h,6,25.782458007099486
pep_0104,gene_021,drug,6h,1,50.99314927956466
pep_0104,gene_021,drug,6h,2,81.9728866377816
pep_0104,gene_021,drug,6h,3,48.015393699830774
pep_0104,gene_021,drug,6h,4,38.68400879901289
pep_0104,gene_021,drug,6h,5,70.38203338257684
pep_0104,gene_021,drug,6h,6,74.01749099412875
pep_0105,gene_021,ctrl,0h,1,77.72105871618453
pep_0105,gene_021,ctrl,0h,2,143.19329369913606
pep_0105,gene_021,ctrl,0h,3,93.86105541254993
pep_0105,gene_021,ctrl,0h,4,59.115706834368844
pep_0105,gene_021,ctrl,0h,5,51.664192351017185
pep_0105,gene_021,ctrl,0h,6,141.1686880335656
pep_0105,gene_021,ctrl,24h,1,161.32176641002425
pep_0105,gene_021,ctrl,24h,2,107.1836481782928
pep_0105,gene_021,ctrl,24h,3,22.819287632467397
pep_0105,gene_021,ctrl,24h,4,100.70659561345566
pep_0105,gene_021,ctrl,24h,5,39.12378856596871
pep_0105,gene_021,ctrl,24h,6,139.9115557974487
pep_0105,gene_021,ctrl,6h,1,108.61133344193559
pep_0105,gene_021,ctrl,6h,2,107.05032197307261
pep_0105,gene_021,ctrl,6h,3,137.49602343544302
pep_0105,gene_021,ctrl,6h,4,50.21656234625971
pep_0105,gene_021,ctrl,6h,5,61.20624967729569
pep_0105,gene_021,ctrl,6h,6,101.42712827970347
pep_0105,gene_021,drug,0h,1,85.1131114670017
pep_0105,gene_021,drug,0h,2,47.85322391053327
pep_0105,gene_021,drug,0h,3,109.99462376288088
pep_0105,gene_021,drug,0h,4,84.43451177812699
pep_0105,gene_021,drug,0h,5,93.37244306372142
pep_0105,gene_021,drug,0h,6,33.891556890413646
pep_0105,gene_021,drug,24h,1,113.02015506891185
pep_0105,gene_021,drug,24h,2,99.11418456945833
pep_0105,gene_021,drug,24h,3,49.687482642349096
pep_0105,gene_021,drug,24h,4,90.77767331152522
pep_0105,gene_021,drug,24h,5,133.10007594906745
pep_0105,gene_021,drug,24h,6,105.79508579891505
pep_0105,gene_021,drug,6h,1,59.79637537129622
pep_0105,gene_021,drug,6h,2,33.05985110735533
pep_0105,gene_021,drug,6h,3,53.47369070130255
pep_0105,gene_021,drug,6h,4,98.56186936523379
pep_0105,gene_021,drug,6h,5,74.28405780515476
pep_0105,gene_021,drug,6h,6,111.04227127708914
pep_0106,gene_022,ctrl,0h,1,97.86133216380924
pep_0106,gene_022,ctrl,0h,2,67.65385784932027
pep_0106,gene_022,ctrl,0h,3,60.01321157251362
pep_0106,gene_022,ctrl,0h,4,93.39674707755822
pep_0106,gene_022,ctrl,0h,5,89.68056638994325
pep_0106,gene_022,ctrl,0h,6,63.63258042847231
pep_0106,gene_022,ctrl,24h,1,81.97254144021481
pep_0106,gene_022,ctrl,24h,2,48.93801335871226
pep_0106,gene_022,ctrl,24h,3,27.116613589044018
pep_0106,gene_022,ctrl,24h,4,35.992945206255285
pep_0106,gene_022,ctrl,24h,5,51.60432639291717
pep_0106,gene_022,ctrl,24h,6,63.27917687492734
pep_0106,gene_022,ctrl,6h,1,59.205382271474434
pep_0106,gene_022,ctrl,6h,2,116.40873013494551
pep_0106,gene_022,ctrl,6h,3,83.15752370354707
pep_0106,gene_022,ctrl,6h,4,63.032639251953235
pep_0106,gene_022,ctrl,6h,5,131.3114195646343
pep_0106,gene_022,ctrl,6h,6,99.72792380404462
pep_0106,gene_022,drug,0h,1,56.89169526170102
pep_0106,gene_022,drug,0h,2,141.04560183445585
pep_0106,gene_022,drug,0h,3,76.52153505941942
pep_0106,gene_022,drug,0h,4,133.25616798429536
pep_0106,gene_022,drug,0h,5,46.79940690322087
pep_0106,gene_022,drug,0h,6,114.15974474162732
pep_0106,gene_022,drug,24h,1,111.45830949580962
pep_0106,gene_022,drug,24h,2,69.6170875711734
pep_0106,gene_022,drug,24h,3,100.4391517910366
pep_0106,gene_022,drug,24h,4,48.522693264468074
pep_0106,gene_022,drug,24h,5,105.32276304104575
pep_0106,gene_022,drug,24h,6,93.11217934179133
pep_0106,gene_022,drug,6h,1,70.34654530705825
pep_0106,gene_022,drug,6h,2,55.883482929833626
pep_0106,gene_022,drug,6h,3,113.3358040825064
pep_0106,gene_022,drug,6h,4,105.55592049079877
pep_0106,gene_022,drug,6h,5,79.5992760283351
pep_0106,gene_022,drug,6h,6,120.69141987561142
pep_0107,gene_022,ctrl,0h,1,71.23801875937397
pep_0107,gene_022,ctrl,0h,2,51.29494707981018
pep_0107,gene_022,ctrl,0h,3,58.02264264697009
pep_0107,gene_022,ctrl,0h,4,104.91008917125633
pep_0107,gene_022,ctrl,0h,5,166.71555244307925
pep_0107,gene_022,ctrl,0h,6,100.99392926153675
pep_0107,gene_022,ctrl,24h,1,76.83768440166581
pep_0107,gene_022,ctrl,24h,2,64.21814526408144
pep_0107,gene_022,ctrl,24h,3,55.30176098304405
pep_0107,gene_022,ctrl,24h,4,106.98084988637895
pep_0107,gene_022,ctrl,24h,5,66.16139753512728
pep_0107,gene_022,ctrl,24h,6,87.06846518824298
pep_0107,gene_022,ctrl,6h,1,69.30467898322057
pep_0107,gene_022,ctrl,6h,2,45.68274924455061
pep_0107,gene_022,ctrl,6h,3,71.17102510297804
pep_0107,gene_022,ctrl,6h,4,84.69901870043319
pep_0107,gene_022,ctrl,6h,5,84.19530126138518
pep_0107,gene_022,ctrl,6h,6,76.068962387751
pep_0107,gene_022,drug,0h,1,98.12174924256416
pep_0107,gene_022,drug,0h,2,69.76928351190314
pep_0107,gene_022,drug,0h,3,68.71259093738024
pep_0107,gene_022,drug,0h,4,75.76035468019764
pep_0107,gene_022,drug,0h,5,106.90390770874075
pep_0107,gene_022,drug,0h,6,70.87720591819381
pep_0107,gene_022,drug,24h,1,84.2293717992706
pep_0107,gene_022,drug,24h,2,100.64854554883786
pep_0107,gene_022,drug,24h,3,48.39401243473267
pep_0107,gene_022,drug,24h,4,69.52143901836223
pep_0107,gene_022,drug,24h,5,61.652559355407924
pep_0107,gene_022,drug,24h,6,75.83384440824433
pep_0107,gene_022,drug,6h,1,43.14297310055898
pep_0107,gene_022,drug,6h,2,41.342829575920206
pep_0107,gene_022,drug,6h,3,51.473406430488694
pep_0107,gene_022,drug,6h,4,71.96708237079567
pep_0107,gene_022,drug,6h,5,108.16914009397745
pep_0107,gene_022,drug,6h,6,79.6024799318096
pep_0108,gene_022,ctrl,0h,1,121.04552009928236
pep_0108,gene_022,ctrl,0h,2,52.69941503978154
pep_0108,gene_022,ctrl,0h,3,103.85800150141388
pep_0108,gene_022,ctrl,0h,4,79.14699955072635
pep_0108,gene_022,ctrl,0h,5,91.48860202054911
pep_0108,gene_022,ctrl,0h,6,92.28614976856429
pep_0108,gene_022,ctrl,24h,1,53.91010799384648
pep_0108,gene_022,ctrl,24h,2,109.2504859277696
pep_0108,gene_022,ctrl,24h,3,61.475090923704386
pep_0108,gene_022,ctrl,24h,4,60.54148610176897
pep_0108,gene_022,ctrl,24h,5,90.38599642859735
pep_0108,gene_022,ctrl,24h,6,47.154424907207705
pep_0108,gene_022,ctrl,6h,1,87.80975742018727
pep_0108,gene_022,ctrl,6h,2,56.34557290939412
pep_0108,gene_022,ctrl,6h,3,67.67517200877413
pep_0108,gene_022,ctrl,6h,4,76.85407062721414
pep_0108,gene_022,ctrl,6h,5,154.89099295879717
pep_0108,gene_022,ctrl,6h,6,90.05751309295607
pep_0108,gene_022,drug,0h,1,103.07140884276541
pep_0108,gene_022,drug,0h,2,38.38545449034337
pep_0108,gene_022,drug,0h,3,141.43293984590272
pep_0108,gene_022,drug,0h,4,21.315939720629736
pep_0108,gene_022,drug,0h,5,67.5981955414059
pep_0108,gene_022,drug,0h,6,82.59099286477124
pep_0108,gene_022,drug,24h,1,103.38785707075344
pep_0108,gene_022,drug,24h,2,143.5123916179705
pep_0108,gene_022,drug,24h,3,78.16428744457556
pep_0108,gene_022,drug,24h,4,97.22789903712311
pep_0108,gene_022,drug,24h,5,59.01725681111287
pep_0108,gene_022,drug,24h,6,64.2441632044396
pep_0108,gene_022,drug,6h,1,66.25948665478197
pep_0108,gene_022,drug,6h,2,73.30610243254789
pep_0108,gene_022,drug,6h,3,96.48342253424735
pep_0108,gene_022,drug,6h,4,42.15737753292425
pep_0108,gene_022,drug,6h,5,65.04298673822349
pep_0108,gene_022,drug,6h,6,13.966752421455764
pep_0109,gene_022,ctrl,0h,1,70.50960246543738
pep_0109,gene_022,ctrl,0h,2,162.05248238500457
pep_0109,gene_022,ctrl,0h,3,63.58383376467715
pep_0109,gene_022,ctrl,0h,4,33.77555593347808
pep_0109,gene_022,ctrl,0h,5,122.26936415177153
pep_0109,gene_022,ctrl,0h,6,106.17894154399563
pep_0109,gene_022,ctrl,24h,1,56.46221989345537
pep_0109,gene_022,ctrl,24h,2,78.08834131815185
pep_0109,gene_022,ctrl,24h,3,161.33461569070172
pep_0109,gene_022,ctrl,24h,4,76.05311617852269
pep_0109,gene_022,ctrl,24h,5,97.07821604342378
pep_0109,gene_022,ctrl,24h,6,71.95300708980594
pep_0109,gene_022,ctrl,6h,1,49.155970525128524
pep_0109,gene_022,ctrl,6h,2,69.75413798854011
pep_0109,gene_022,ctrl,6h,3,58.25285256631055
pep_0109,gene_022,ctrl,6h,4,56.30389352115026
pep_0109,gene_022,ctrl,6h,5,56.48710556446888
pep_0109,gene_022,ctrl,6h,6,79.10813760191697
pep_0109,gene_022,drug,0h,1,140.15679467366135
pep_0109,gene_022,drug,0h,2,96.77417871336061
pep_0109,gene_022,drug,0h,3,120.22009433936742
pep_0109,gene_022,drug,0h,4,145.36595205601853
pep_0109,gene_022,drug,0h,5,146.35710268373376
pep_0109,gene_022,drug,0h,6,51.05900344244152
pep_0109,gene_022,drug,24h,1,163.69268003355663
pep_0109,gene_022,drug,24h,2,53.831952250867566
pep_0109,gene_022,drug,24h,3,133.20258688401248
pep_0109,gene_022,drug,24h,4,69.38034513896768
pep_0109,gene_022,drug,24h,5,59.24507208773853
pep_0109,gene_022,drug,24h,6,54.854938938651905
pep_0109,gene_022,drug,6h,1,63.32903114479338
pep_0109,gene_022,drug,6h,2,95.80130395006256
pep_0109,gene_022,drug,6h,3,87.93205693106684
pep_0109,gene_022,drug,6h,4,86.36061472184875
pep_0109,gene_022,drug,6h,5,123.18573473676263
pep_0109,gene_022,drug,6h,6,135.72697564030787
pep_0110,gene_022,ctrl,0h,1,78.89160123068923
pep_0110,gene_022,ctrl,0h,2,71.18596354932917
pep_0110,gene_022,ctrl,0h,3,108.71828270925026
pep_0110,gene_022,ctrl,0h,4,40.56826552900733
pep_0110,gene_022,ctrl,0h,5,61.553099980096206
pep_0110,gene_022,ctrl,0h,6,68.33677035623907
pep_0110,gene_022,ctrl,24h,1,77.91873519021587
pep_0110,gene_022,ctrl,24h,2,99.97869941384327
pep_0110,gene_022,ctrl,24h,3,100.74402902138131
pep_0110,gene_022,ctrl,24h,4,82.96426361331783
pep_0110,gene_022,ctrl,24h,5,92.21512884572732
pep_0110,gene_022,ctrl,24h,6,31.85501050660494
pep_0110,gene_022,ctrl,6h,1,99.50573785236152
pep_0110,gene_022,ctrl,6h,2,87.25971904879383
pep_0110,gene_022,ctrl,6h,3,103.49078680739868
pep_0110,gene_022,ctrl,6h,4,76.38801250548775
pep_0110,gene_022,ctrl,6h,5,63.32059674738523
pep_0110,gene_022,ctrl,6h,6,75.28114408248906
pep_0110,gene_022,drug,0h,1,113.12311418961427
pep_0110,gene_022,drug,0h,2,57.76560249431445
pep_0110,gene_022,drug,0h,3,64.25583069128692
pep_0110,gene_022,drug,0h,4,48.75274413256462
pep_0110,gene_022,drug,0h,5,64.64530524098168
pep_0110,gene_022,drug,0h,6,87.91495130794617
pep_0110,gene_022,drug,24h,1,49.33025793834605
pep_0110,gene_022,drug,24h,2,74.06601972259057
pep_0110,gene_022,drug,24h,3,87.3153058117527
pep_0110,gene_022,drug,24h,4,77.34790236901907
pep_0110,gene_022,drug,24h,5,48.112750426511354
pep_0110,gene_022,drug,24h,6,45.198905928522194
pep_0110,gene_022,drug,6h,1,73.80063861527326
pep_0110,gene_022,drug,6h,2,45.36294089399052
pep_0110,gene_022,drug,6h,3,62.06823967441128
pep_0110,gene_022,drug,6h,4,127.33633917688155
pep_0110,gene_022,drug,6h,5,60.193162522316435
pep_0110,gene_022,drug,6h,6,43.34401188113821
pep_0111,gene_023,ctrl,0h,1,136.9323379183934
pep_0111,gene_023,ctrl,0h,2,78.80396521589923
pep_0111,gene_023,ctrl,0h,3,181.29754086099422
pep_0111,gene_023,ctrl,0h,4,133.42477928771132
pep_0111,gene_023,ctrl,0h,5,86.7033720018075
pep_0111,gene_023,ctrl,0h,6,108.5902966204797
pep_0111,gene_023,ctrl,24h,1,74.77949857068695
pep_0111,gene_023,ctrl,24h,2,52.35558957799144
pep_0111,gene_023,ctrl,24h,3,136.833172984502
pep_0111,gene_023,ctrl,24h,4,81.35555886152042
pep_0111,gene_023,ctrl,24h,5,44.28175409452031
pep_0111,gene_023,ctrl,24h,6,102.55241620324779
pep_0111,gene_023,ctrl,6h,1,68.21784349575525
pep_0111,gene_023,ctrl,6h,2,57.64017618625144
pep_0111,gene_023,ctrl,6h,3,142.37226114463868
pep_0111,gene_023,ctrl,6h,4,113.69315321313381
pep_0111,gene_023,ctrl,6h,5,42.59141735668471
pep_0111,gene_023,ctrl,6h,6,66.54617598744778
pep_0111,gene_023,drug,0h,1,111.41435171582316
pep_0111,gene_023,drug,0h,2,106.02885266335626
pep_0111,gene_023,drug,0h,3,39.25908273356088
pep_0111,gene_023,drug,0h,4,98.75511704300996
pep_0111,gene_023,drug,0h,5,71.90444452362463
pep_0111,gene_023,drug,0h,6,147.65401857964787
pep_0111,gene_023,drug,24h,1,43.44636679837325
pep_0111,gene_023,drug,24h,2,89.60567764868374
pep_0111,gene_023,drug,24h,3,56.84541214567024
pep_0111,gene_023,drug,24h,4,156.81786275842452
pep_0111,gene_023,drug,24h,5,133.4740875867928
pep_0111,gene_023,drug,24h,6,67.33217555732311
pep_0111,gene_023,drug,6h,1,190.9080801228034
pep_0111,gene_023,drug,6h,2,44.46342208700697
pep_0111,gene_023,drug,6h,3,68.93501961895497
pep_0111,gene_023,drug,6h,4,114.52596495683582
pep_0111,gene_023,drug,6h,5,47.94861783324727
pep_0111,gene_023,drug,6h,6,88.20044854838699
pep_0112,gene_023,ctrl,0h,1,168.68881141396443
pep_0112,gene_023,ctrl,0h,2,131.44853926905964
pep_0112,gene_023,ctrl,0h,3,72.51185522917376
pep_0112,gene_023,ctrl,0h,4,73.7467523380841
pep_0112,gene_023,ctrl,0h,5,128.29917977700603
pep_0112,gene_023,ctrl,0h,6,119.16744419345822
pep_0112,gene_023,ctrl,24h,1,84.19897972453472
pep_0112,gene_023,ctrl,24h,2,63.06884000755154
pep_0112,gene_023,ctrl,24h,3,90.21961505706359
pep_0112,gene_023,ctrl,24h,4,53.885984960648834
pep_0112,gene_023,ctrl,24h,5,87.25498919876021
pep_0112,gene_023,ctrl,24h,6,89.49299876704923
pep_0112,gene_023,ctrl,6h,1,143.63108402121352
pep_0112,gene_023,ctrl,6h,2,110.5553260885055
pep_0112,gene_023,ctrl,6h,3,154.6182797544729
pep_0112,gene_023,ctrl,6h,4,50.988198582118656
pep_0112,gene_023,ctrl,6h,5,106.58827522336983
pep_0112,gene_023,ctrl,6h,6,91.78449063221899
pep_0112,gene_023,drug,0h,1,148.04870218228396
pep_0112,gene_023,drug,0h,2,111.66607905429977
pep_0112,gene_023,drug,0h,3,111.3350285050419
pep_0112,gene_023,drug,0h,4,129.82107195220757
pep_0112,gene_023,drug,0h,5,142.9695051892333
pep_0112,gene_023,drug,0h,6,79.59824756354492
pep_0112,gene_023,drug,24h,1,96.25460726730967
pep_0112,gene_023,drug,24h,2,106.40816028729171
pep_0112,gene_023,drug,24h,3,155.8973123864888
pep_0112,gene_023,drug,24h,4,119.70639856252049
pep_0112,gene_023,drug,24h,5,127.0812739105442
pep_0112,gene_023,drug,24h,6,117.0150743364365
pep_0112,gene_023,drug,6h,1,118.96224285110237
pep_0112,gene_023,drug,6h,2,72.31974409357825
pep_0112,gene_023,drug,6h,3,145.18877227353204
pep_0112,gene_023,drug,6h,4,52.58502755524475
pep_0112,gene_023,drug,6h,5,147.0537514360967
pep_0112,gene_023,drug,6h,6,109.94305429725712
pep_0113,gene_023,ctrl,0h,1,86.9378662181397
pep_0113,gene_023,ctrl,0h,2,29.954984846889225
pep_0113,gene_023,ctrl,0h,3,66.96586310433646
pep_0113,gene_023,ctrl,0h,4,39.17014870824297
pep_0113,gene_023,ctrl,0h,5,42.08250309033461
pep_0113,gene_023,ctrl,0h,6,35.78390273100824
pep_0113,gene_023,ctrl,24h,1,22.677186867061998
pep_0113,gene_023,ctrl,24h,2,49.38218129442109
pep_0113,gene_023,ctrl,24h,3,60.93825520405754
pep_0113,gene_023,ctrl,24h,4,31.855554073005447
pep_0113,gene_023,ctrl,24h,5,98.88015570670025
pep_0113,gene_023,ctrl,24h,6,52.75028960131043
pep_0113,gene_023,ctrl,6h,1,61.2618741313164
pep_0113,gene_023,ctrl,6h,2,39.32458712505483
pep_0113,gene_023,ctrl,6h,3,60.930962893523194
pep_0113,gene_023,ctrl,6h,4,89.72481243336351
pep_0113,gene_023,ctrl,6h,5,63.23431481775329
pep_0113,gene_023,ctrl,6h,6,64.03036688000353
pep_0113,gene_023,drug,0h,1,98.55970682226003
pep_0113,gene_023,drug,0h,2,83.73108195505279
pep_0113,gene_023,drug,0h,3,76.54859982718808
pep_0113,gene_023,drug,0h,4,52.208030272798524
pep_0113,gene_023,drug,0h,5,50.73214282811386
pep_0113,gene_023,drug,0h,6,92.32955572748185
pep_0113,gene_023,drug,24h,1,123.6189410514878
pep_0113,gene_023,drug,24h,2,58.22068964348526
pep_0113,gene_023,drug,24h,3,63.727855121816475
pep_0113,gene_023,drug,24h,4,53.82592454753782
pep_0113,gene_023,drug,24h,5,69.18660107226829
pep_0113,gene_023,drug,24h,6,23.879052426513578
pep_0113,gene_023,drug,6h,1,84.35985097203769
pep_0113,gene_023,drug,6h,2,187.11952998011066
pep_0113,gene_023,drug,6h,3,53.80261240201096
pep_0113,gene_023,drug,6h,4,40.567896113405254
pep_0113,gene_023,drug,6h,5,39.961083745987324
pep_0113,gene_023,drug,6h,6,144.87467467707393
pep_0114,gene_023,ctrl,0h,1,41.8835842862437
pep_0114,gene_023,ctrl,0h,2,20.975221212065907
pep_0114,gene_023,ctrl,0h,3,29.000821095387135
pep_0114,gene_023,ctrl,0h,4,51.85333190223461
pep_0114,gene_023,ctrl,0h,5,36.23679536109201
pep_0114,gene_023,ctrl,0h,6,62.95621359083687
pep_0114,gene_023,ctrl,24h,1,75.31200340611566
pep_0114,gene_023,ctrl,24h,2,71.39005671121454
pep_0114,gene_023,ctrl,24h,3,15.055033166250396
pep_0114,gene_023,ctrl,24h,4,32.43939341146224
pep_0114,gene_023,ctrl,24h,5,46.936046698141325
pep_0114,gene_023,ctrl,24h,6,39.05277477978374
pep_0114,gene_023,ctrl,6h,1,59.186521361119695
pep_0114,gene_023,ctrl,6h,2,65.05475483341498
pep_0114,gene_023,ctrl,6h,3,97.25477326257406
pep_0114,gene_023,ctrl,6h,4,104.6197780596243
pep_0114,gene_023,ctrl,6h,5,92.75648722944841
pep_0114,gene_023,ctrl,6h,6,48.10673540634403
pep_0114,gene_023,drug,0h,1,84.4920256641043
pep_0114,gene_023,drug,0h,2,45.71645349084845
pep_0114,gene_023,drug,0h,3,60.350506953178915
pep_0114,gene_023,drug,0h,4,52.21357504044632
pep_0114,gene_023,drug,0h,5,45.211917561686484
pep_0114,gene_023,drug,0h,6,40.11232826241238
pep_0114,gene_023,drug,24h,1,43.64636433662467
pep_0114,gene_023,drug,24h,2,81.43834411682295
pep_0114,gene_023,drug,24h,3,39.016229256783795
pep_0114,gene_023,drug,24h,4,32.348498981774895
pep_0114,gene_023,drug,24h,5,59.05125283828414
pep_0114,gene_023,drug,24h,6,73.70865122765063
pep_0114,gene_023,drug,6h,1,74.98906842841407
pep_0114,gene_023,drug,6h,2,58.30782206615155
pep_0114,gene_023,drug,6h,3,98.20872059680163
pep_0114,gene_023,drug,6h,4,59.04375056072293
pep_0114,gene_023,drug,6h,5,79.1363848515554
pep_0114,gene_023,drug,6h,6,31.545309388994678
pep_0115,gene_023,ctrl,0h,1,41.906641374757285
pep_0115,gene_023,ctrl,0h,2,42.721517237258645
pep_0115,gene_023,ctrl,0h,3,15.52794910057608
pep_0115,gene_023,ctrl,0h,4,39.32461686256893
pep_0115,gene_023,ctrl,0h,5,40.139893452456725
pep_0115,gene_023,ctrl,0h,6,21.874529873705207
pep_0115,gene_023,ctrl,24h,1,87.15209598437231
pep_0115,gene_023,ctrl,24h,2,39.29589102193306
pep_0115,gene_023,ctrl,24h,3,40.92505122220581
pep_0115,gene_023,ctrl,24h,4,33.827673584663444
pep_0115,gene_023,ctrl,24h,5,16.26469179559524
pep_0115,gene_023,ctrl,24h,6,19.96625540599433
pep_0115,gene_023,ctrl,6h,1,60.16496492636557
pep_0115,gene_023,ctrl,6h,2,128.14521092667664
pep_0115,gene_023,ctrl,6h,3,31.082982494674454
pep_0115,gene_023,ctrl,6h,4,26.114157016387868
pep_0115,gene_023,ctrl,6h,5,56.472751028499204
pep_0115,gene_023,ctrl,6h,6,45.04718617241664
pep_0115,gene_023,drug,0h,1,48.852037484570616
pep_0115,gene_023,drug,0h,2,71.12292036438807
pep_0115,gene_023,drug,0h,3,37.42077193840758
pep_0115,gene_023,drug,0h,4,38.409149240980064
pep_0115,gene_023,drug,0h,5,17.789358244722575
pep_0115,gene_023,drug,0h,6,61.30184946386968
pep_0115,gene_023,drug,24h,1,66.35568011156181
pep_0115,gene_023,drug,24h,2,42.13788067823732
pep_0115,gene_023,drug,24h,3,46.90042315768163
pep_0115,gene_023,drug,24h,4,39.5113796749138
pep_0115,gene_023,drug,24h,5,34.6338056840907
pep_0115,gene_023,drug,24h,6,68.21354690784923
pep_0115,gene_023,drug,6h,1,61.43857880179001
pep_0115,gene_023,drug,6h,2,60.9978441684261
pep_0115,gene_023,drug,6h,3,24.5605856195714
pep_0115,gene_023,drug,6h,4,31.66120892695273
pep_0115,gene_023,drug,6h,5,26.06339453537914
pep_0115,gene_023,drug,6h,6,36.08655120682788
pep_0116,gene_024,ctrl,0h,1,43.615127249471364
pep_0116,gene_024,ctrl,0h,2,59.897221902411786
pep_0116,gene_024,ctrl,0h,3,69.83031945243984
pep_0116,gene_024,ctrl,0h,4,55.9944609711457
pep_0116,gene_024,ctrl,0h,5,11.70825943909919
pep_0116,gene_024,ctrl,0h,6,17.90422799329716
pep_0116,gene_024,ctrl,24h,1,54.209336872401664
pep_0116,gene_024,ctrl,24h,2,33.79518057338286
pep_0116,gene_024,ctrl,24h,3,50.283735972245296
pep_0116,gene_024,ctrl,24h,4,59.27260481213476
pep_0116,gene_024,ctrl,24h,5,37.727779046476954
pep_0116,gene_024,ctrl,24h,6,34.70250876214545
pep_0116,gene_024,ctrl,6h,1,34.06225958859607
pep_0116,gene_024,ctrl,6h,2,9.82847317491478
pep_0116,gene_024,ctrl,6h,3,37.14804729295565
pep_0116,gene_024,ctrl,6h,4,105.77086441246448
pep_0116,gene_024,ctrl,6h,5,34.17209163807015
pep_0116,gene_024,ctrl,6h,6,30.605115254534198
pep_0116,gene_024,drug,0h,1,31.3559823889207
pep_0116,gene_024,drug,0h,2,40.25685267985957
pep_0116,gene_024,drug,0h,3,14.242883763301498
pep_0116,gene_024,drug,0h,4,109.28267453928133
pep_0116,gene_024,drug,0h,5,26.682285349318022
pep_0116,gene_024,drug,0h,6,64.73370588936083
pep_0116,gene_024,drug,24h,1,33.41822927817364
pep_0116,gene_024,drug,24h,2,28.59339295636214
pep_0116,gene_024,drug,24h,3,35.46963036956196
pep_0116,gene_024,drug,24h,4,65.26662106835882
pep_0116,gene_024,drug,24h,5,55.36805372813093
pep_0116,gene_024,drug,24h,6,63.627714721723564
pep_0116,gene_024,drug,6h,1,95.91871261705332
pep_0116,gene_024,drug,6h,2,48.93158927530376
pep_0116,gene_024,drug,6h,3,38.19277651683532
pep_0116,gene_024,drug,6h,4,35.84185373499319
pep_0116,gene_024,drug,6h,5,31.14692745905794
pep_0116,gene_024,drug,6h,6,26.222026148743712
pep_0117,gene_024,ctrl,0h,1,68.8994552122196
pep_0117,gene_024,ctrl,0h,2,31.185647281363014
pep_0117,gene_024,ctrl,0h,3,82.78768359403779
pep_0117,gene_024,ctrl,0h,4,33.36224447303045
pep_0117,gene_024,ctrl,0h,5,69.75284768299225
pep_0117,gene_024,ctrl,0h,6,44.953278236070084
pep_0117,gene_024,ctrl,24h,1,64.29121904137664
pep_0117,gene_024,ctrl,24h,2,54.30188991595951
pep_0117,gene_024,ctrl,24h,3,65.10458045233287
pep_0117,gene_024,ctrl,24h,4,64.99755635959117
pep_0117,gene_024,ctrl,24h,5,114.2975647855523
pep_0117,gene_024,ctrl,24h,6,38.865963661211936
pep_0117,gene_024,ctrl,6h,1,60.400038548957525
pep_0117,gene_024,ctrl,6h,2,67.61785095672454
pep_0117,gene_024,ctrl,6h,3,63.292929936773135
pep_0117,gene_024,ctrl,6h,4,32.65626191904828
pep_0117,gene_024,ctrl,6h,5,55.175872845164896
pep_0117,gene_024,ctrl,6h,6,39.843428565027146
pep_0117,gene_024,drug,0h,1,75.60208288064595
pep_0117,gene_024,drug,0h,2,97.87678370583565
pep_0117,gene_024,drug,0h,3,157.0271601401582
pep_0117,gene_024,drug,0h,4,69.58334626104512
pep_0117,gene_024,drug,0h,5,101.23383409306136
pep_0117,gene_024,drug,0h,6,122.1669212534827
pep_0117,gene_024,drug,24h,1,42.969868896494795
pep_0117,gene_024,drug,24h,2,147.79935116782755
pep_0117,gene_024,drug,24h,3,67.67439285314096
pep_0117,gene_024,drug,24h,4,74.78326868856465
pep_0117,gene_024,drug,24h,5,36.84156629237762
pep_0117,gene_024,drug,24h,6,56.658470572536345
pep_0117,gene_024,drug,6h,1,56.1593713112247
pep_0117,gene_024,drug,6h,2,64.77184340088097
pep_0117,gene_024,drug,6h,3,58.413238596019994
pep_0117,gene_024,drug,6h,4,68.95442145600039
pep_0117,gene_024,drug,6h,5,68.9941655772554
pep_0117,gene_024,drug,6h,6,107.69529955363906
pep_0118,gene_024,ctrl,0h,1,48.08556335542024
pep_0118,gene_024,ctrl,0h,2,97.29181837740772
pep_0118,gene_024,ctrl,0h,3,60.11567288067254
pep_0118,gene_024,ctrl,0h,4,56.12141788726743
pep_0118,gene_024,ctrl,0h,5,50.48341790459489
pep_0118,gene_024,ctrl,0h,6,34.248231905986295
pep_0118,gene_024,ctrl,24h,1,50.26641700502251
pep_0118,gene_024,ctrl,24h,2,59.03726180719207
pep_0118,gene_024,ctrl,24h,3,69.65402031822384
pep_0118,gene_024,ctrl,24h,4,42.65691156267833
pep_0118,gene_024,ctrl,24h,5,80.53254844011943
pep_0118,gene_024,ctrl,24h,6,98.26896010042549
pep_0118,gene_024,ctrl,6h,1,34.38611199519141
pep_0118,gene_024,ctrl,6h,2,77.16678718065182
pep_0118,gene_024,ctrl,6h,3,75.4908989762691
pep_0118,gene_024,ctrl,6h,4,51.86540645022813
pep_0118,gene_024,ctrl,6h,5,23.096392404158934
pep_0118,gene_024,ctrl,6h,6,57.159710933175695
pep_0118,gene_024,drug,0h,1,32.9422378025563
pep_0118,gene_024,drug,0h,2,57.94095352612443
pep_0118,gene_024,drug,0h,3,24.213869855163104
pep_0118,gene_024,drug,0h,4,40.34437889875786
pep_0118,gene_024,drug,0h,5,57.254532048414546
pep_0118,gene_024,drug,0h,6,17.044209383385205
pep_0118,gene_024,drug,24h,1,38.77428299200187
pep_0118,gene_024,drug,24h,2,49.919285642154584
pep_0118,gene_024,drug,24h,3,35.71499261970752
pep_0118,gene_024,drug,24h,4,49.92770939236941
pep_0118,gene_024,drug,24h,5,101.28258103492364
pep_0118,gene_024,drug,24h,6,100.03057546819407
pep_0118,gene_024,drug,6h,1,8.84589677414429
pep_0118,gene_024,drug,6h,2,108.45181616804484
pep_0118,gene_024,drug,6h,3,36.17963750926432
pep_0118,gene_024,drug,6h,4,93.33631759413264
pep_0118,gene_024,drug,6h,5,45.160189076103634
pep_0118,gene_024,drug,6h,6,32.487386526400236
pep_0119,gene_024,ctrl,0h,1,55.756082721357195
pep_0119,gene_024,ctrl,0h,2,123.04665688498254
pep_0119,gene_024,ctrl,0h,3,75.68776582701626
pep_0119,gene_024,ctrl,0h,4,90.44174614640418
pep_0119,gene_024,ctrl,0h,5,28.5335638778191
pep_0119,gene_024,ctrl,0h,6,19.193896479247577
pep_0119,gene_024,ctrl,24h,1,76.54169806161957
pep_0119,gene_024,ctrl,24h,2,31.64878525622186
pep_0119,gene_024,ctrl,24h,3,50.59504464270708
pep_0119,gene_024,ctrl,24h,4,26.568056021175263
pep_0119,gene_024,ctrl,24h,5,27.45992774369035
pep_0119,gene_024,ctrl,24h,6,63.93184107424717
pep_0119,gene_024,ctrl,6h,1,52.149715531425336
pep_0119,gene_024,ctrl,6h,2,51.25670142517375
pep_0119,gene_024,ctrl,6h,3,NA
pep_0119,gene_024,ctrl,6h,4,51.5473765189723
pep_0119,gene_024,ctrl,6h,5,32.87760062912097
pep_0119,gene_024,ctrl,6h,6,26.385766819748238
pep_0119,gene_024,drug,0h,1,50.24123055565761
pep_0119,gene_024,drug,0h,2,75.84877042709161
pep_0119,gene_024,drug,0h,3,10.395386231559609
pep_0119,gene_024,drug,0h,4,76.19379855965927
pep_0119,gene_024,drug,0h,5,49.179538436187386
pep_0119,gene_024,drug,0h,6,114.3648636428889
pep_0119,gene_024,drug,24h,1,72.96147927055293
pep_0119,gene_024,drug,24h,2,39.641974206037325
pep_0119,gene_024,drug,24h,3,22.54038427258786
pep_0119,gene_024,drug,24h,4,58.93229451064995
pep_0119,gene_024,drug,24h,5,45.33779217153427
pep_0119,gene_024,drug,24h,6,29.931996908547614
pep_0119,gene_024,drug,6h,1,62.852338070895826
pep_0119,gene_024,drug,6h,2,97.58138597101433
pep_0119,gene_024,drug,6h,3,27.90713693694921
pep_0119,gene_024,drug,6h,4,51.11868644485178
pep_0119,gene_024,drug,6h,5,44.34589375987391
pep_0119,gene_024,drug,6h,6,13.533906608090248
pep_0120,gene_024,ctrl,0h,1,161.3224447946767
pep_0120,gene_024,ctrl,0h,2,240.35438698708776
pep_0120,gene_024,ctrl,0h,3,147.4703522567901
pep_0120,gene_024,ctrl,0h,4,137.42892721217584
pep_0120,gene_024,ctrl,0h,5,98.74181645196066
pep_0120,gene_024,ctrl,0h,6,145.23617086608934
pep_0120,gene_024,ctrl,24h,1,171.94097241660623
pep_0120,gene_024,ctrl,24h,2,133.455690529633
pep_0120,gene_024,ctrl,24h,3,209.04689966855125
pep_0120,gene_024,ctrl,24h,4,235.2534615975455
pep_0120,gene_024,ctrl,24h,5,115.80686264456602
pep_0120,gene_024,ctrl,24h,6,167.760973536961
pep_0120,gene_024,ctrl,6h,1,130.73838951374435
pep_0120,gene_024,ctrl,6h,2,165.0475549145631
pep_0120,gene_024,ctrl,6h,3,90.78346941585109
pep_0120,gene_024,ctrl,6h,4,127.57915733938285
pep_0120,gene_024,ctrl,6h,5,120.89619596241548
pep_0120,gene_024,ctrl,6h,6,132.12788274500818
pep_0120,gene_024,drug,0h,1,128.9051380678762
pep_0120,gene_024,drug,0h,2,140.57799038444014
pep_0120,gene_024,drug,0h,3,101.82355991448661
pep_0120,gene_024,drug,0h,4,145.87107839210634
pep_0120,gene_024,drug,0h,5,153.23964031598274
pep_0120,gene_024,drug,0h,6,150.0182009172485
pep_0120,gene_024,drug,24h,1,120.37332033339092
pep_0120,gene_024,drug,24h,2,219.446259753478
pep_0120,gene_024,drug,24h,3,288.2520528684765
pep_0120,gene_024,drug,24h,4,258.0428139836711
pep_0120,gene_024,drug,24h,5,207.66227403854978
pep_0120,gene_024,drug,24h,6,189.60653179548126
pep_0120,gene_024,drug,6h,1,238.49006950309507
pep_0120,gene_024,drug,6h,2,93.38760697067353
pep_0120,gene_024,drug,6h,3,101.50774388631095
pep_0120,gene_024,drug,6h,4,159.65341581246275
pep_0120,gene_024,drug,6h,5,99.16682732460714
pep_0120,gene_024,drug,6h,6,181.4461152567721
pep_0121,gene_025,ctrl,0h,1,176.8142440255711
pep_0121,gene_025,ctrl,0h,2,122.8445044088061
pep_0121,gene_025,ctrl,0h,3,116.33718543965941
pep_0121,gene_025,ctrl,0h,4,66.584224794014915
pep_0121,gene_025,ctrl,0h,5,98.73528058834324
pep_0121,gene_025,ctrl,0h,6,139.67178487366317
pep_0121,gene_025,ctrl,24h,1,162.45293099651545
pep_0121,gene_025,ctrl,24h,2,236.3864871926895
pep_0121,gene_025,ctrl,24h,3,122.18736637129547
pep_0121,gene_025,ctrl,24h,4,182.0683317965328
pep_0121,gene_025,ctrl,24h,5,71.70055581323255
pep_0121,gene_025,ctrl,24h,6,23.973890417918902
pep_0121,gene_025,ctrl,6h,1,175.62954789099373
pep_0121,gene_025,ctrl,6h,2,195.8678461175377
pep_0121,gene_025,ctrl,6h,3,96.70969276519992
pep_0121,gene_025,ctrl,6h,4,122.23127526598371
pep_0121,gene_025,ctrl,6h,5,75.76338082083987
pep_0121,gene_025,ctrl,6h,6,168.81174228892323
pep_0121,gene_025,drug,0h,1,192.47187385367124
pep_0121,gene_025,drug,0h,2,109.48643968925097
pep_0121,gene_025,drug,0h,3,110.9381995435638
pep_0121,gene_025,drug,0h,4,133.76321157933165
pep_0121,gene_025,drug,0h,5,175.7572395877594
pep_0121,gene_025,drug,0h,6,113.85597556927902
pep_0121,gene_025,drug,24h,1,171.16122821521802
pep_0121,gene_025,drug,24h,2,164.86835741301675
pep_0121,gene_025,drug,24h,3,132.22712967830876
pep_0121,gene_025,drug,24h,4,89.84748730249564
pep_0121,gene_025,drug,24h,5,171.38391361617647
pep_0121,gene_025,drug,24h,6,128.6615211382738
pep_0121,gene_025,drug,6h,1,153.89110128067463
pep_0121,gene_025,drug,6h,2,95.42502161971814
pep_0121,gene_025,drug,6h,3,119.35176288736697
pep_0121,gene_025,drug,6h,4,117.07708527539545
pep_0121,gene_025,drug,6h,5,100.53207932904705
pep_0121,gene_025,drug,6h,6,153.48225570711583
pep_0122,gene_025,ctrl,0h,1,40.427889263989535
pep_0122,gene_025,ctrl,0h,2,108.2585071451876
pep_0122,gene_025,ctrl,0h,3,41.98019142707471
pep_0122,gene_025,ctrl,0h,4,47.60032472937975
pep_0122,gene_025,ctrl,0h,5,46.98741286077212
pep_0122,gene_025,ctrl,0h,6,56.534911541699614
pep_0122,gene_025,ctrl,24h,1,54.45388057545533
pep_0122,gene_025,ctrl,24h,2,34.823498589369464
pep_0122,gene_025,ctrl,24h,3,58.369351728224245
pep_0122,gene_025,ctrl,24h,4,21.362345475453914
pep_0122,gene_025,ctrl,24h,5,34.77518512162941
pep_0122,gene_025,ctrl,24h,6,63.90061568207669
pep_0122,gene_025,ctrl,6h,1,64.7459302432988
pep_0122,gene_025,ctrl,6h,2,89.05178709412014
pep_0122,gene_025,ctrl,6h,3,24.247371217214376
pep_0122,gene_025,ctrl,6h,4,101.93556275309163
pep_0122,gene_025,ctrl,6h,5,69.47122534000015
pep_0122,gene_025,ctrl,6h,6,52.322467935915114
pep_0122,gene_025,drug,0h,1,89.18882490043502
pep_0122,gene_025,drug,0h,2,18.471240359387203
pep_0122,gene_025,drug,0h,3,67.57082525784014
pep_0122,gene_025,drug,0h,4,64.00869155174315
pep_0122,gene_025,drug,0h,5,55.040270597965055
pep_0122,gene_025,drug,0h,6,25.506228195941762
pep_0122,gene_025,drug,24h,1,54.839200948395494
pep_0122,gene_025,drug,24h,2,70.17378898622545
pep_0122,gene_025,drug,24h,3,39.961878472523566
pep_0122,gene_025,drug,24h,4,37.46314616771067
pep_0122,gene_025,drug,24h,5,80.41328897564968
pep_0122,gene_025,drug,24h,6,34.474358483716095
pep_0122,gene_025,drug,6h,1,56.41017037680122
pep_0122,gene_025,drug,6h,2,124.87473818811918
pep_0122,gene_025,drug,6h,3,28.841268930489075
pep_0122,gene_025,drug,6h,4,75.19605704077085
pep_0122,gene_025,drug,6h,5,32.024924396646696
pep_0122,gene_025,drug,6h,6,79.96125612507538
pep_0123,gene_025,ctrl,0h,1,146.3599109788484
pep_0123,gene_025,ctrl,0h,2,83.26824332574124
pep_0123,gene_025,ctrl,0h,3,121.09654614653546
pep_0123,gene_025,ctrl,0h,4,76.18344046948421
pep_0123,gene_025,ctrl,0h,5,121.94043976376506
pep_0123,gene_025,ctrl,0h,6,99.11594453698832
pep_0123,gene_025,ctrl,24h,1,136.56611644582156
pep_0123,gene_025,ctrl,24h,2,99.00982757525489
pep_0123,gene_025,ctrl,24h,3,69.49953058829766
pep_0123,gene_025,ctrl,24h,4,103.49583204012973
pep_0123,gene_025,ctrl,24h,5,91.02028247346536
pep_0123,gene_025,ctrl,24h,6,118.7005862013303
pep_0123,gene_025,ctrl,6h,1,76.31037072351519
pep_0123,gene_025,ctrl,6h,2,93.78403988880837
pep_0123,gene_025,ctrl,6h,3,74.73746012834218
pep_0123,gene_025,ctrl,6h,4,188.0754825819355
pep_0123,gene_025,ctrl,6h,5,109.27436216441126
pep_0123,gene_025,ctrl,6h,6,45.46516615575738
pep_0123,gene_025,drug,0h,1,62.22890585153401
pep_0123,gene_025,drug,0h,2,51.59765906998587
pep_0123,gene_025,drug,0h,3,102.62318028478475
pep_0123,gene_025,drug,0h,4,91.61963336295182
pep_0123,gene_025,drug,0h,5,46.34594144108013
pep_0123,gene_025,drug,0h,6,48.612450881369625
pep_0123,gene_025,drug,24h,1,110.53084566390827
pep_0123,gene_025,drug,24h,2,90.94981125120155
pep_0123,gene_025,drug,24h,3,83.13369951872072
pep_0123,gene_025,drug,24h,4,72.19688544971055
pep_0123,gene_025,drug,24h,5,65.25131123761335
pep_0123,gene_025,drug,24h,6,95.93030931432382
pep_0123,gene_025,drug,6h,1,45.510790603645724
pep_0123,gene_025,drug,6h,2,75.85465343722433
pep_0123,gene_025,drug,6h,3,111.72901732264967
pep_0123,gene_025,drug,6h,4,58.26187588007229
pep_0123,gene_025,drug,6h,5,78.57944469567335
pep_0123,gene_025,drug,6h,6,39.36161055716124
pep_0124,gene_025,ctrl,0h,1,86.40770796225397
pep_0124,gene_025,ctrl,0h,2,152.0550787543535
pep_0124,gene_025,ctrl,0h,3,88.3632888294362
pep_0124,gene_025,ctrl,0h,4,66.56521326989225
pep_0124,gene_025,ctrl,0h,5,47.36461890867329
pep_0124,gene_025,ctrl,0h,6,77.3660250355974
pep_0124,gene_025,ctrl,24h,1,33.02685280305887
pep_0124,gene_025,ctrl,24h,2,63.27457174335754
pep_0124,gene_025,ctrl,24h,3,145.44802835178828
pep_0124,gene_025,ctrl,24h,4,76.08544969247298
pep_0124,gene_025,ctrl,24h,5,104.16136395557116
pep_0124,gene_025,ctrl,24h,6,79.73538842234652
pep_0124,gene_025,ctrl,6h,1,105.63109455300794
pep_0124,gene_025,ctrl,6h,2,81.43578000801979
pep_0124,gene_025,ctrl,6h,3,112.40070271475096
pep_0124,gene_025,ctrl,6h,4,93.13213585088613
pep_0124,gene_025,ctrl,6h,5,118.0148994397778
pep_0124,gene_025,ctrl,6h,6,69.51199356306734
pep_0124,gene_025,drug,0h,1,94.38136455349004
pep_0124,gene_025,drug,0h,2,47.59018133254275
pep_0124,gene_025,drug,0h,3,173.81589063179135
pep_0124,gene_025,drug,0h,4,71.14464191076765
pep_0124,gene_025,drug,0h,5,64.38086636479372
pep_0124,gene_025,drug,0h,6,76.46903316713185
pep_0124,gene_025,drug,24h,1,98.44099862438759
pep_0124,gene_025,drug,24h,2,99.85236547667589
pep_0124,gene_025,drug,24h,3,122.47720465258209
pep_0124,gene_025,drug,24h,4,96.6317050999383
pep_0124,gene_025,drug,24h,5,175.89529034002197
pep_0124,gene_025,drug,24h,6,50.785624110776624
pep_0124,gene_025,drug,6h,1,114.43269235837263
pep_0124,gene_025,drug,6h,2,47.53975583787775
pep_0124,gene_025,drug,6h,3,78.98853508319043
pep_0124,gene_025,drug,6h,4,93.61281767539163
pep_0124,gene_025,drug,6h,5,149.6430702142169
pep_0124,gene_025,drug,6h,6,94.0641605089365
pep_0125,gene_025,ctrl,0h,1,72.72873729699802
pep_0125,gene_025,ctrl,0h,2,50.21711100339919
pep_0125,gene_025,ctrl,0h,3,49.426474262069384
pep_0125,gene_025,ctrl,0h,4,80.08374668064879
pep_0125,gene_025,ctrl,0h,5,44.300758179667575
pep_0125,gene_025,ctrl,0h,6,56.68005492621443
pep_0125,gene_025,ctrl,24h,1,146.84173564481335
pep_0125,gene_025,ctrl,24h,2,25.012082800653697
pep_0125,gene_025,ctrl,24h,3,36.73508235303537
pep_0125,gene_025,ctrl,24h,4,57.342028607563506
pep_0125,gene_025,ctrl,24h,5,49.13288467980643
pep_0125,gene_025,ctrl,24h,6,102.01208464561527
pep_0125,gene_025,ctrl,6h,1,52.12479377961291
pep_0125,gene_025,ctrl,6h,2,57.04198251441626
pep_0125,gene_025,ctrl,6h,3,54.43736766125121
pep_0125,gene_025,ctrl,6h,4,47.10619941189588
pep_0125,gene_025,ctrl,6h,5,56.74833259737599
pep_0125,gene_025,ctrl,6h,6,81.9604702123074
pep_0125,gene_025,drug,0h,1,60.38253065941314
pep_0125,gene_025,drug,0h,2,46.9462227838712
pep_0125,gene_025,drug,0h,3,109.2825208625831
pep_0125,gene_025,drug,0h,4,78.5729547903974
pep_0125,gene_025,drug,0h,5,32.14406501487765
pep_0125,gene_025,drug,0h,6,33.293264396321405
pep_0125,gene_025,drug,24h,1,34.25005164416532
pep_0125,gene_025,drug,24h,2,48.67397636844444
pep_0125,gene_025,drug,24h,3,62.59979830630684
pep_0125,gene_025,drug,24h,4,28.57826595500403
pep_0125,gene_025,drug,24h,5,104.8796195955537
pep_0125,gene_025,drug,24h,6,77.55956159377972
pep_0125,gene_025,drug,6h,1,38.71512026272239
pep_0125,gene_025,drug,6h,2,71.37513211243143
pep_0125,gene_025,drug,6h,3,65.68202568128982
pep_0125,gene_025,drug,6h,4,54.37232817887729
pep_0125,gene_025,drug,6h,5,36.856680052362556
pep_0125,gene_025,drug,6h,6,48.9900063198313
pep_0126,gene_026,ctrl,0h,1,37.40953915672479
pep_0126,gene_026,ctrl,0h,2,27.0818177760255
pep_0126,gene_026,ctrl,0h,3,89.28842593494812
pep_0126,gene_026,ctrl,0h,4,48.66122525216348
pep_0126,gene_026,ctrl,0h,5,60.51792391286609
pep_0126,gene_026,ctrl,0h,6,67.98384467904671
pep_0126,gene_026,ctrl,24h,1,80.05782132346307
pep_0126,gene_026,ctrl,24h,2,37.26006832718564
pep_0126,gene_026,ctrl,24h,3,61.52202000626599
pep_0126,gene_026,ctrl,24h,4,48.77267981948247
pep_0126,gene_026,ctrl,24h,5,62.10551851818228
pep_0126,gene_026,ctrl,24h,6,30.838775787713413
pep_0126,gene_026,ctrl,6h,1,53.11829591741337
pep_0126,gene_026,ctrl,6h,2,105.97902234814501
pep_0126,gene_026,ctrl,6h,3,50.77234780654791
pep_0126,gene_026,ctrl,6h,4,49.151870451479944
pep_0126,gene_026,ctrl,6h,5,76.27066424209802
pep_0126,gene_026,ctrl,6h,6,57.27551244076909
pep_0126,gene_026,drug,0h,1,46.57302057082773
pep_0126,gene_026,drug,0h,2,85.55676329876613
pep_0126,gene_026,drug,0h,3,101.48442232776749
pep_0126,gene_026,drug,0h,4,43.65358412554852
pep_0126,gene_026,drug,0h,5,22.710119603578274
pep_0126,gene_026,drug,0h,6,37.48045303620477
pep_0126,gene_026,drug,24h,1,45.88113998689717
pep_0126,gene_026,drug,24h,2,73.14355895324141
pep_0126,gene_026,drug,24h,3,58.33156752689641
pep_0126,gene_026,drug,24h,4,43.88739944149697
pep_0126,gene_026,drug,24h,5,89.59151350082585
pep_0126,gene_026,drug,24h,6,80.00237909960192
pep_0126,gene_026,drug,6h,1,17.14596167304591
pep_0126,gene_026,drug,6h,2,102.35702383428476
pep_0126,gene_026,drug,6h,3,17.336447365845952
pep_0126,gene_026,drug,6h,4,54.81875211634343
pep_0126,gene_026,drug,6h,5,18.881622933650274
pep_0126,gene_026,drug,6h,6,50.49652287045706
pep_0127,gene_026,ctrl,0h,1,24.524361297390843
pep_0127,gene_026,ctrl,0h,2,24.5891815236978
pep_0127,gene_026,ctrl,0h,3,24.655758316435772
pep_0127,gene_026,ctrl,0h,4,90.73781642905126
pep_0127,gene_026,ctrl,0h,5,72.49694127425164
pep_0127,gene_026,ctrl,0h,6,69.5431769210181
pep_0127,gene_026,ctrl,24h,1,52.35119158176979
pep_0127,gene_026,ctrl,24h,2,30.866249675342512
pep_0127,gene_026,ctrl,24h,3,49.21719720005956
pep_0127,gene_026,ctrl,24h,4,51.0435296951119
pep_0127,gene_026,ctrl,24h,5,47.50474702378225
pep_0127,gene_026,ctrl,24h,6,36.29716164376343
pep_0127,gene_026,ctrl,6h,1,39.56675282111249
pep_0127,gene_026,ctrl,6h,2,104.73224515010696
pep_0127,gene_026,ctrl,6h,3,37.66754078333376
pep_0127,gene_026,ctrl,6h,4,89.40550648950028
pep_0127,gene_026,ctrl,6h,5,70.93195479091882
pep_0127,gene_026,ctrl,6h,6,58.13036561753327
pep_0127,gene_026,drug,0h,1,30.64654696467606
pep_0127,gene_026,drug,0h,2,19.838574038756846
pep_0127,gene_026,drug,0h,3,53.28045186380498
pep_0127,gene_026,drug,0h,4,19.394770568569463
pep_0127,gene_026,drug,0h,5,154.7482041301252
pep_0127,gene_026,drug,0h,6,39.99910460329947
pep_0127,gene_026,drug,24h,1,60.07600641181138
pep_0127,gene_026,drug,24h,2,59.04760648353048
pep_0127,gene_026,drug,24h,3,43.01689870951357
pep_0127,gene_026,drug,24h,4,40.582938389872005
pep_0127,gene_026,drug,24h,5,45.49079947083272
pep_0127,gene_026,drug,24h,6,57.080833818569495
pep_0127,gene_026,drug,6h,1,31.44790370496187
pep_0127,gene_026,drug,6h,2,66.93636418646338
pep_0127,gene_026,drug,6h,3,82.28315054906932
pep_0127,gene_026,drug,6h,4,66.98706967908358
pep_0127,gene_026,drug,6h,5,27.50476514551793
pep_0127,gene_026,drug,6h,6,38.46049571466878
pep_0128,gene_026,ctrl,0h,1,46.50893162151668
pep_0128,gene_026,ctrl,0h,2,88.48677987855456
pep_0128,gene_026,ctrl,0h,3,56.0550280922171
pep_0128,gene_026,ctrl,0h,4,27.296408562832156
pep_0128,gene_026,ctrl,0h,5,71.6857269140432
pep_0128,gene_026,ctrl,0h,6,60.26377029725355
pep_0128,gene_026,ctrl,24h,1,28.665575644485024
pep_0128,gene_026,ctrl,24h,2,64.70664319037706
pep_0128,gene_026,ctrl,24h,3,48.735830590763435
pep_0128,gene_026,ctrl,24h,4,20.586155038635198
pep_0128,gene_026,ctrl,24h,5,52.453848680678476
pep_0128,gene_026,ctrl,24h,6,42.18725753598664
pep_0128,gene_026,ctrl,6h,1,30.130303392426757
pep_0128,gene_026,ctrl,6h,2,28.60949976483705
pep_0128,gene_026,ctrl,6h,3,58.49773948843294
pep_0128,gene_026,ctrl,6h,4,40.00076845735088
pep_0128,gene_026,ctrl,6h,5,48.163469282262035
pep_0128,gene_026,ctrl,6h,6,78.10980015799305
pep_0128,gene_026,drug,0h,1,62.15584940414247
pep_0128,gene_026,drug,0h,2,39.42415426268409
pep_0128,gene_026,drug,0h,3,46.67749754095835
pep_0128,gene_026,drug,0h,4,32.845434241921055
pep_0128,gene_026,drug,0h,5,37.72403164820054
pep_0128,gene_026,drug,0h,6,42.58496955779647
pep_0128,gene_026,drug,24h,1,85.70054618834344
pep_0128,gene_026,drug,24h,2,45.21541493645288
pep_0128,gene_026,drug,24h,3,66.56233860414716
pep_0128,gene_026,drug,24h,4,70.3107002783764
pep_0128,gene_026,drug,24h,5,59.495640319347906
pep_0128,gene_026,drug,24h,6,79.08234089000995
pep_0128,gene_026,drug,6h,1,52.7977735103399
pep_0128,gene_026,drug,6h,2,53.48122813889043
pep_0128,gene_026,drug,6h,3,51.54357947343763
pep_0128,gene_026,drug,6h,4,92.24899824504638
pep_0128,gene_026,drug,6h,5,48.70975981555807
pep_0128,gene_026,drug,6h,6,50.03841911105174
pep_0129,gene_026,ctrl,0h,1,50.30930509268274
pep_0129,gene_026,ctrl,0h,2,98.1990372320033
pep_0129,gene_026,ctrl,0h,3,29.56070561763848
pep_0129,gene_026,ctrl,0h,4,44.90121672802331
pep_0129,gene_026,ctrl,0h,5,50.168503053802574
pep_0129,gene_026,ctrl,0h,6,33.5705608661859
pep_0129,gene_026,ctrl,24h,1,106.27617436160695
pep_0129,gene_026,ctrl,24h,2,71.22831931652564
pep_0129,gene_026,ctrl,24h,3,114.10890003709898
pep_0129,gene_026,ctrl,24h,4,79.5841987523171
pep_0129,gene_026,ctrl,24h,5,74.52116596270888
pep_0129,gene_026,ctrl,24h,6,35.808972856198665
pep_0129,gene_026,ctrl,6h,1,138.63621292286942
pep_0129,gene_026,ctrl,6h,2,72.45113285324344
pep_0129,gene_026,ctrl,6h,3,160.48449112171633
pep_0129,gene_026,ctrl,6h,4,95.41924834424707
pep_0129,gene_026,ctrl,6h,5,27.9404520607905
pep_0129,gene_026,ctrl,6h,6,20.754536939255722
pep_0129,gene_026,drug,0h,1,39.57907168127301
pep_0129,gene_026,drug,0h,2,202.98163506735526
pep_0129,gene_026,drug,0h,3,33.81598430527329
pep_0129,gene_026,drug,0h,4,103.3500308872689
pep_0129,gene_026,drug,0h,5,55.535394751344406
pep_0129,gene_026,drug,0h,6,46.73286954613608
pep_0129,gene_026,drug,24h,1,34.66412246996467
pep_0129,gene_026,drug,24h,2,69.76077786894196
pep_0129,gene_026,drug,24h,3,28.788539783609874
pep_0129,gene_026,drug,24h,4,64.91544893985703
pep_0129,gene_026,drug,24h,5,42.685945951339775
pep_0129,gene_026,drug,24h,6,64.72414960041841
pep_0129,gene_026,drug,6h,1,29.781530040828436
pep_0129,gene_026,drug,6h,2,68.42636308025698
pep_0129,gene_026,drug,6h,3,78.61908381775531
pep_0129,gene_026,drug,6h,4,48.70135187177271
pep_0129,gene_026,drug,6h,5,132.11398072099382
pep_0129,gene_026,drug,6h,6,62.12861318356042
pep_0130,gene_026,ctrl,0h,1,51.13419606455345
pep_0130,gene_026,ctrl,0h,2,35.87752499885152
pep_0130,gene_026,ctrl,0h,3,65.59897656929176
pep_0130,gene_026,ctrl,0h,4,60.71043612060859
pep_0130,gene_026,ctrl,0h,5,94.00095870806544
pep_0130,gene_026,ctrl,0h,6,49.98205471618099
pep_0130,gene_026,ctrl,24h,1,45.56938707855729
pep_0130,gene_026,ctrl,24h,2,66.35537909592097
pep_0130,gene_026,ctrl,24h,3,154.81465759521282
pep_0130,gene_026,ctrl,24h,4,46.788839204078734
pep_0130,gene_026,ctrl,24h,5,49.73056390354017
pep_0130,gene_026,ctrl,24h,6,39.36527303085727
pep_0130,gene_026,ctrl,6h,1,44.85787171171369
pep_0130,gene_026,ctrl,6h,2,33.322262528179145
pep_0130,gene_026,ctrl,6h,3,57.0113497883611
pep_0130,gene_026,ctrl,6h,4,66.56717388750276
pep_0130,gene_026,ctrl,6h,5,88.91055497880312
pep_0130,gene_026,ctrl,6h,6,71.70438291490822
pep_0130,gene_026,drug,0h,1,80.6848993072649
pep_0130,gene_026,drug,0h,2,65.77226237274454
pep_0130,gene_026,drug,0h,3,44.39376031546445
pep_0130,gene_026,drug,0h,4,54.117701157467074
pep_0130,gene_026,drug,0h,5,52.00069560615939
pep_0130,gene_026,drug,0h,6,43.099279809994314
pep_0130,gene_026,drug,24h,1,40.478920351882856
pep_0130,gene_026,drug,24h,2,63.795512959251546
pep_0130,gene_026,drug,24h,3,107.0827750033834
pep_0130,gene_026,drug,24h,4,25.895612400744092
pep_0130,gene_026,drug,24h,5,62.170693074199214
pep_0130,gene_026,drug,24h,6,45.511352383692866
pep_0130,gene_026,drug,6h,1,58.23277781761876
pep_0130,gene_026,drug,6h,2,109.6543869345622
pep_0130,gene_026,drug,6h,3,73.48368983617341
pep_0130,gene_026,drug,6h,4,62.21741601256222
pep_0130,gene_026,drug,6h,5,45.26938702938057
pep_0130,gene_026,drug,6h,6,61.352468174666086
pep_0131,gene_027,ctrl,0h,1,157.15932313017206
pep_0131,gene_027,ctrl,0h,2,104.49751365312943
pep_0131,gene_027,ctrl,0h,3,163.6890894706943
pep_0131,gene_027,ctrl,0h,4,175.99870024578144
pep_0131,gene_027,ctrl,0h,5,95.1476857087913
pep_0131,gene_027,ctrl,0h,6,216.0738463057103
pep_0131,gene_027,ctrl,24h,1,40.071421083217984
pep_0131,gene_027,ctrl,24h,2,123.28481879297696
pep_0131,gene_027,ctrl,24h,3,103.03408980121286
pep_0131,gene_027,ctrl,24h,4,137.04630046788816
pep_0131,gene_027,ctrl,24h,5,121.40860796092909
pep_0131,gene_027,ctrl,24h,6,200.96497290775352
pep_0131,gene_027,ctrl,6h,1,154.81244106384926
pep_0131,gene_027,ctrl,6h,2,190.8998061713073
pep_0131,gene_027,ctrl,6h,3,54.209852048026434
pep_0131,gene_027,ctrl,6h,4,130.25736867409168
pep_0131,gene_027,ctrl,6h,5,162.6321143611787
pep_0131,gene_027,ctrl,6h,6,132.0222688583302
pep_0131,gene_027,drug,0h,1,85.47985860544411
pep_0131,gene_027,drug,0h,2,96.62368259443777
pep_0131,gene_027,drug,0h,3,82.08041741456618
pep_0131,gene_027,drug,0h,4,88.44105816588535
pep_0131,gene_027,drug,0h,5,102.07165891995614
pep_0131,gene_027,drug,0h,6,83.27657899039652
pep_0131,gene_027,drug,24h,1,187.07684048665885
pep_0131,gene_027,drug,24h,2,164.13236132169274
pep_0131,gene_027,drug,24h,3,94.33669670364425
pep_0131,gene_027,drug,24h,4,290.51133214994735
pep_0131,gene_027,drug,24h,5,152.39132160916242
pep_0131,gene_027,drug,24h,6,117.21297293483359
pep_0131,gene_027,drug,6h,1,72.04876225520212
pep_0131,gene_027,drug,6h,2,83.3074952738666
pep_0131,gene_027,drug,6h,3,133.5053823018382
pep_0131,gene_027,drug,6h,4,79.62137769971861
pep_0131,gene_027,drug,6h,5,90.03483024570943
pep_0131,gene_027,drug,6h,6,142.76512088121183
pep_0132,gene_027,ctrl,0h,1,44.50528950613447
pep_0132,gene_027,ctrl,0h,2,74.36265963629155
pep_0132,gene_027,ctrl,0h,3,100.64305781393738
pep_0132,gene_027,ctrl,0h,4,140.5788992345749
pep_0132,gene_027,ctrl,0h,5,48.65515086731736
pep_0132,gene_027,ctrl,0h,6,105.57112023417767
pep_0132,gene_027,ctrl,24h,1,51.21741000352699
pep_0132,gene_027,ctrl,24h,2,89.10189319151458
pep_0132,gene_027,ctrl,24h,3,212.93062362365583
pep_0132,gene_027,ctrl,24h,4,84.07271971651606
pep_0132,gene_027,ctrl,24h,5,78.33087229535391
pep_0132,gene_027,ctrl,24h,6,50.96517660621564
pep_0132,gene_027,ctrl,6h,1,68.58445438468927
pep_0132,gene_027,ctrl,6h,2,125.69602553333651
pep_0132,gene_027,ctrl,6h,3,87.63965804996839
pep_0132,gene_027,ctrl,6h,4,163.49085530190123
pep_0132,gene_027,ctrl,6h,5,106.91904394520006
pep_0132,gene_027,ctrl,6h,6,165.98869410082165
pep_0132,gene_027,drug,0h,1,89.18457330441204
pep_0132,gene_027,drug,0h,2,129.55604451840964
pep_0132,gene_027,drug,0h,3,78.34849771091947
pep_0132,gene_027,drug,0h,4,74.42278588125203
pep_0132,gene_027,drug,0h,5,82.22577514816521
pep_0132,gene_027,drug,0h,6,90.53996464831815
pep_0132,gene_027,drug,24h,1,58.443946376751086
pep_0132,gene_027,drug,24h,2,66.94037111385278
pep_0132,gene_027,drug,24h,3,67.29786247824099
pep_0132,gene_027,drug,24h,4,88.6658089746389
pep_0132,gene_027,drug,24h,5,69.07241508897829
pep_0132,gene_027,drug,24h,6,59.15737391483379
pep_0132,gene_027,drug,6h,1,78.72700478772909
pep_0132,gene_027,drug,6h,2,81.40099907968961
pep_0132,gene_027,drug,6h,3,158.71403190361477
pep_0132,gene_027,drug,6h,4,89.78658048040552
pep_0132,gene_027,drug,6h,5,125.34995949314113
pep_0132,gene_027,drug,6h,6,54.950580852489544
pep_0133,gene_027,ctrl,0h,1,60.47544375322981
pep_0133,gene_027,ctrl,0h,2,80.15214942495321
pep_0133,gene_027,ctrl,0h,3,48.587051369969785
pep_0133,gene_027,ctrl,0h,4,92.65093259173068
pep_0133,gene_027,ctrl,0h,5,10.195946379999569
pep_0133,gene_027,ctrl,0h,6,177.12506139370618
pep_0133,gene_027,ctrl,24h,1,39.85800320815708
pep_0133,gene_027,ctrl,24h,2,178.62617158881662
pep_0133,gene_027,ctrl,24h,3,98.53087042249498
pep_0133,gene_027,ctrl,24h,4,96.21642848701583
pep_0133,gene_027,ctrl,24h,5,66.07369075841768
pep_0133,gene_027,ctrl,24h,6,39.806035285943125
pep_0133,gene_027,ctrl,6h,1,112.5379696382957
pep_0133,gene_027,ctrl,6h,2,104.17546749040602
pep_0133,gene_027,ctrl,6h,3,94.00823218508552
pep_0133,gene_027,ctrl,6h,4,43.41372721298039
pep_0133,gene_027,ctrl,6h,5,120.41825868071327
pep_0133,gene_027,ctrl,6h,6,48.140321206018726
pep_0133,gene_027,drug,0h,1,170.74604746879342
pep_0133,gene_027,drug,0h,2,67.63935116322538
pep_0133,gene_027,drug,0h,3,87.48974483908042
pep_0133,gene_027,drug,0h,4,133.7085759212857
pep_0133,gene_027,drug,0h,5,9.869664398911096
pep_0133,gene_027,drug,0h,6,72.20496363696556
pep_0133,gene_027,drug,24h,1,139.99175931519287
pep_0133,gene_027,drug,24h,2,40.11532697851256
pep_0133,gene_027,drug,24h,3,81.85959857053933
pep_0133,gene_027,drug,24h,4,39.498228265066835
pep_0133,gene_027,drug,24h,5,58.4588121370108
pep_0133,gene_027,drug,24h,6,29.704655445746468
pep_0133,gene_027,drug,6h,1,52.68001958096131
pep_0133,gene_027,drug,6h,2,53.78826801864304
pep_0133,gene_027,drug,6h,3,106.48981889941805
pep_0133,gene_027,drug,6h,4,140.20129427721452
pep_0133,gene_027,drug,6h,5,62.85628853805227
pep_0133,gene_027,drug,6h,6,58.29317276261903
pep_0134,gene_027,ctrl,0h,1,NA
pep_0134,gene_027,ctrl,0h,2,29.02466824821637
pep_0134,gene_027,ctrl,0h,3,32.767130805288524
pep_0134,gene_027,ctrl,0h,4,31.973972106035927
pep_0134,gene_027,ctrl,0h,5,67.894208934133
pep_0134,gene_027,ctrl,0h,6,23.066658424087645
pep_0134,gene_027,ctrl,24h,1,28.561122091257218
pep_0134,gene_027,ctrl,24h,2,49.42991603157702
pep_0134,gene_027,ctrl,24h,3,22.236141402997273
pep_0134,gene_027,ctrl,24h,4,27.46006931930285
pep_0134,gene_027,ctrl,24h,5,18.371106416366263
pep_0134,gene_027,ctrl,24h,6,65.31254189035172
pep_0134,gene_027,ctrl,6h,1,39.6674564850354
pep_0134,gene_027,ctrl,6h,2,66.45265819192142
pep_0134,gene_027,ctrl,6h,3,76.04358949003283
pep_0134,gene_027,ctrl,6h,4,56.92147178199038
pep_0134,gene_027,ctrl,6h,5,30.714120977782837
pep_0134,gene_027,ctrl,6h,6,55.571948648110315
pep_0134,gene_027,drug,0h,1,37.308307624050435
pep_0134,gene_027,drug,0h,2,89.46946892695718
pep_0134,gene_027,drug,0h,3,18.9369006303034
pep_0134,gene_027,drug,0h,4,65.78779447575877
pep_0134,gene_027,drug,0h,5,46.83085451438275
pep_0134,gene_027,drug,0h,6,26.92480433716267
pep_0134,gene_027,drug,24h,1,22.57146947742249
pep_0134,gene_027,drug,24h,2,58.11807843759056
pep_0134,gene_027,drug,24h,3,47.55360577982917
pep_0134,gene_027,drug,24h,4,37.20892369041048
pep_0134,gene_027,drug,24h,5,25.52559286819698
pep_0134,gene_027,drug,24h,6,55.87166283293377
pep_0134,gene_027,drug,6h,1,41.695762331452755
pep_0134,gene_027,drug,6h,2,103.15601215326718
pep_0134,gene_027,drug,6h,3,51.257712510158996
pep_0134,gene_027,drug,6h,4,23.321305509212355
pep_0134,gene_027,drug,6h,5,41.15887718254492
pep_0134,gene_027,drug,6h,6,22.558298373893305
pep_0135,gene_027,ctrl,0h,1,198.38940575527036
pep_0135,gene_027,ctrl,0h,2,143.30981961164912
pep_0135,gene_027,ctrl,0h,3,107.82193606225653
pep_0135,gene_027,ctrl,0h,4,97.4533048654796
pep_0135,gene_027,ctrl,0h,5,177.107597510515
pep_0135,gene_027,ctrl,0h,6,166.44482528776845
pep_0135,gene_027,ctrl,24h,1,118.4236893747721
pep_0135,gene_027,ctrl,24h,2,85.25604491296181
pep_0135,gene_027,ctrl,24h,3,163.5239434560621
pep_0135,gene_027,ctrl,24h,4,178.9117759654394
pep_0135,gene_027,ctrl,24h,5,152.38578125245164
pep_0135,gene_027,ctrl,24h,6,112.16751749378852
pep_0135,gene_027,ctrl,6h,1,218.20327174601672
pep_0135,gene_027,ctrl,6h,2,213.88112890129185
pep_0135,gene_027,ctrl,6h,3,118.25775129345745
pep_0135,gene_027,ctrl,6h,4,134.77067219925942
pep_0135,gene_027,ctrl,6h,5,149.53271680537534
pep_0135,gene_027,ctrl,6h,6,275.31409386741416
pep_0135,gene_027,drug,0h,1,128.51515484721975
pep_0135,gene_027,drug,0h,2,174.37468259315227
pep_0135,gene_027,drug,0h,3,165.40934726007762
pep_0135,gene_027,drug,0h,4,181.83030515703066
pep_0135,gene_027,drug,0h,5,163.43497155218472
pep_0135,gene_027,drug,0h,6,254.24319381454907
pep_0135,gene_027,drug,24h,1,177.24057854779485
pep_0135,gene_027,drug,24h,2,185.94055358358773
pep_0135,gene_027,drug,24h,3,138.76757595070038
pep_0135,gene_027,drug,24h,4,83.33869566674834
pep_0135,gene_027,drug,24h,5,171.08096945964144
pep_0135,gene_027,drug,24h,6,180.55778884331173
pep_0135,gene_027,drug,6h,1,206.77378044011894
pep_0135,gene_027,drug,6h,2,128.0993421571952
pep_0135,gene_027,drug,6h,3,178.12042880856353
pep_0135,gene_027,drug,6h,4,168.59138018899887
pep_0135,gene_027,drug,6h,5,181.00905399844314
pep_0135,gene_027,drug,6h,6,135.96167457654784
pep_0136,gene_028,ctrl,0h,1,58.31096031555731
pep_0136,gene_028,ctrl,0h,2,28.24981611017491
pep_0136,gene_028,ctrl,0h,3,29.34202839335099
pep_0136,gene_028,ctrl,0h,4,28.517494895680738
pep_0136,gene_028,ctrl,0h,5,50.66749622762356
pep_0136,gene_028,ctrl,0h,6,28.27107921634316
pep_0136,gene_028,ctrl,24h,1,37.41429024311301
pep_0136,gene_028,ctrl,24h,2,26.148473100040952
pep_0136,gene_028,ctrl,24h,3,25.44081897000643
pep_0136,gene_028,ctrl,24h,4,36.92415341967527
pep_0136,gene_028,ctrl,24h,5,23.99774594929646
pep_0136,gene_028,ctrl,24h,6,32.61991581720821
pep_0136,gene_028,ctrl,6h,1,48.102546253896556
pep_0136,gene_028,ctrl,6h,2,NA
pep_0136,gene_028,ctrl,6h,3,42.862686822699395
pep_0136,gene_028,ctrl,6h,4,49.30707885916639
pep_0136,gene_028,ctrl,6h,5,23.47438084073061
pep_0136,gene_028,ctrl,6h,6,21.109508364249418
pep_0136,gene_028,drug,0h,1,20.856400704612938
pep_0136,gene_028,drug,0h,2,42.80092183811717
pep_0136,gene_028,drug,0h,3,NA
pep_0136,gene_028,drug,0h,4,40.27175638445181
pep_0136,gene_028,drug,0h,5,17.599390229950398
pep_0136,gene_028,drug,0h,6,25.232755901922992
pep_0136,gene_028,drug,24h,1,69.91240849608431
pep_0136,gene_028,drug,24h,2,31.517968685245386
pep_0136,gene_028,drug,24h,3,40.81549670751727
pep_0136,gene_028,drug,24h,4,10.44086633609747
pep_0136,gene_028,drug,24h,5,58.78701943337627
pep_0136,gene_028,drug,24h,6,52.274559846949366
pep_0136,gene_028,drug,6h,1,54.84000310792051
pep_0136,gene_028,drug,6h,2,138.39905792078713
pep_0136,gene_028,drug,6h,3,28.1776007566384
pep_0136,gene_028,drug,6h,4,31.509260500346084
pep_0136,gene_028,drug,6h,5,61.17954906484192
pep_0136,gene_028,drug,6h,6,42.4151804162829
pep_0137,gene_028,ctrl,0h,1,67.93611636947666
pep_0137,gene_028,ctrl,0h,2,56.30421274501768
pep_0137,gene_028,ctrl,0h,3,77.15548583262654
pep_0137,gene_028,ctrl,0h,4,30.33021047304912
pep_0137,gene_028,ctrl,0h,5,31.971849005681086
pep_0137,gene_028,ctrl,0h,6,43.112674044723725
pep_0137,gene_028,ctrl,24h,1,40.67264423409638
pep_0137,gene_028,ctrl,24h,2,51.333293327756344
pep_0137,gene_028,ctrl,24h,3,100.57699436836955
pep_0137,gene_028,ctrl,24h,4,34.35517433252282
pep_0137,gene_028,ctrl,24h,5,69.65247501256223
pep_0137,gene_028,ctrl,24h,6,90.31078871484272
pep_0137,gene_028,ctrl,6h,1,63.15742418505645
pep_0137,gene_028,ctrl,6h,2,66.936981158016
pep_0137,gene_028,ctrl,6h,3,35.27538633794312
pep_0137,gene_028,ctrl,6h,4,75.06441008316425
pep_0137,gene_028,ctrl,6h,5,55.44561798544049
pep_0137,gene_028,ctrl,6h,6,24.5729739519182
pep_0137,gene_028,drug,0h,1,41.17165567796127
pep_0137,gene_028,drug,0h,2,23.395211457024626
pep_0137,gene_028,drug,0h,3,30.332874153221873
pep_0137,gene_028,drug,0h,4,42.56515200557311
pep_0137,gene_028,drug,0h,5,73.24646199519748
pep_0137,gene_028,drug,0h,6,47.8834759703412
pep_0137,gene_028,drug,24h,1,30.491565206790582
pep_0137,gene_028,drug,24h,2,40.273400702350926
pep_0137,gene_028,drug,24h,3,53.77086384876598
pep_0137,gene_028,drug,24h,4,46.04208980357921
pep_0137,gene_028,drug,24h,5,61.41797398156756
pep_0137,gene_028,drug,24h,6,48.82816261967721
pep_0137,gene_028,drug,6h,1,46.722136972253864
pep_0137,gene_028,drug,6h,2,29.7345740491845
pep_0137,gene_028,drug,6h,3,12.266827307401448
pep_0137,gene_028,drug,6h,4,71.53545480754462
pep_0137,gene_028,drug,6h,5,60.12790625671398
pep_0137,gene_028,drug,6h,6,24.201584550119907
pep_0138,gene_028,ctrl,0h,1,118.25911864703001
pep_0138,gene_028,ctrl,0h,2,65.34553000842998
pep_0138,gene_028,ctrl,0h,3,56.55309001582945
pep_0138,gene_028,ctrl,0h,4,82.77137748555405
pep_0138,gene_028,ctrl,0h,5,90.61110630437447
pep_0138,gene_028,ctrl,0h,6,68.88965996433542
pep_0138,gene_028,ctrl,24h,1,50.024170803288506
pep_0138,gene_028,ctrl,24h,2,49.6154072125313
pep_0138,gene_028,ctrl,24h,3,44.41409508614816
pep_0138,gene_028,ctrl,24h,4,88.28925919909697
pep_0138,gene_028,ctrl,24h,5,53.964328204326286
pep_0138,gene_028,ctrl,24h,6,73.35858583739338
pep_0138,gene_028,ctrl,6h,1,131.23898782815365
pep_0138,gene_028,ctrl,6h,2,50.91244582522449
pep_0138,gene_028,ctrl,6h,3,74.11432573104753
pep_0138,gene_028,ctrl,6h,4,103.87077572759131
pep_0138,gene_028,ctrl,6h,5,29.31519197013094
pep_0138,gene_028,ctrl,6h,6,65.68707269204943
pep_0138,gene_028,drug,0h,1,45.97757383189331
pep_0138,gene_028,drug,0h,2,105.97876898868154
pep_0138,gene_028,drug,0h,3,85.45504783120592
pep_0138,gene_028,drug,0h,4,116.28553329379825
pep_0138,gene_028,drug,0h,5,57.559667701354414
pep_0138,gene_028,drug,0h,6,59.6631837973119
pep_0138,gene_028,drug,24h,1,46.58642767434044
pep_0138,gene_028,drug,24h,2,116.92845240205251
pep_0138,gene_028,drug,24h,3,103.34949715379442
pep_0138,gene_028,drug,24h,4,43.13180002743689
pep_0138,gene_028,drug,24h,5,40.644977972948936
pep_0138,gene_028,drug,24h,6,87.9109665619085
pep_0138,gene_028,drug,6h,1,74.30551969575677
pep_0138,gene_028,drug,6h,2,79.92592798924143
pep_0138,gene_028,drug,6h,3,66.19898386578156
pep_0138,gene_028,drug,6h,4,63.21156440787971
pep_0138,gene_028,drug,6h,5,68.26724467271629
pep_0138,gene_028,drug,6h,6,117.77770223774407
pep_0139,gene_028,ctrl,0h,1,82.85215771676957
pep_0139,gene_028,ctrl,0h,2,71.90424455968817
pep_0139,gene_028,ctrl,0h,3,156.31237382985793
pep_0139,gene_028,ctrl,0h,4,33.57250135395774
pep_0139,gene_028,ctrl,0h,5,93.75357188648762
pep_0139,gene_028,ctrl,0h,6,92.47344719526558
pep_0139,gene_028,ctrl,24h,1,53.90774025539
pep_0139,gene_028,ctrl,24h,2,64.48736783829443
pep_0139,gene_028,ctrl,24h,3,71.72722262297316
pep_0139,gene_028,ctrl,24h,4,116.98077124567479
pep_0139,gene_028,ctrl,24h,5,88.48165412064498
pep_0139,gene_028,ctrl,24h,6,70.27765083063073
pep_0139,gene_028,ctrl,6h,1,63.006033121484755
pep_0139,gene_028,ctrl,6h,2,70.62535279690466
pep_0139,gene_028,ctrl,6h,3,57.25396488455
pep_0139,gene_028,ctrl,6h,4,72.89396022628989
pep_0139,gene_028,ctrl,6h,5,69.32556578765333
pep_0139,gene_028,ctrl,6h,6,47.42575836518891
pep_0139,gene_028,drug,0h,1,53.522610226602836
pep_0139,gene_028,drug,0h,2,46.0545913878016
pep_0139,gene_028,drug,0h,3,75.82470239972349
pep_0139,gene_028,drug,0h,4,41.98794100585013
pep_0139,gene_028,drug,0h,5,66.0413955644218
pep_0139,gene_028,drug,0h,6,136.3528942375559
pep_0139,gene_028,drug,24h,1,33.015832476899526
pep_0139,gene_028,drug,24h,2,89.14280511449677
pep_0139,gene_028,drug,24h,3,103.12316455078646
pep_0139,gene_028,drug,24h,4,75.365393873573
pep_0139,gene_028,drug,24h,5,32.148976133702696
pep_0139,gene_028,drug,24h,6,66.18834910115316
pep_0139,gene_028,drug,6h,1,118.81712820180603
pep_0139,gene_028,drug,6h,2,48.388883519930395
pep_0139,gene_028,drug,6h,3,85.88579842941584
pep_0139,gene_028,drug,6h,4,46.85210532160366
pep_0139,gene_028,drug,6h,5,75.22419384794262
pep_0139,gene_028,drug,6h,6,67.62249590476797
pep_0140,gene_028,ctrl,0h,1,27.14096517611987
pep_0140,gene_028,ctrl,0h,2,44.49727548056962
pep_0140,gene_028,ctrl,0h,3,73.09846647554225
pep_0140,gene_028,ctrl,0h,4,43.946529958493166
pep_0140,gene_028,ctrl,0h,5,64.63431214577254
pep_0140,gene_028,ctrl,0h,6,34.4810550439415
pep_0140,gene_028,ctrl,24h,1,59.46129651179994
pep_0140,gene_028,ctrl,24h,2,113.37464015048948
pep_0140,gene_028,ctrl,24h,3,87.0263868349641
pep_0140,gene_028,ctrl,24h,4,32.592893187800755
pep_0140,gene_028,ctrl,24h,5,78.09658555131031
pep_0140,gene_028,ctrl,24h,6,138.02960653652633
pep_0140,gene_028,ctrl,6h,1,32.8160228973802
pep_0140,gene_028,ctrl,6h,2,31.174612934243942
pep_0140,gene_028,ctrl,6h,3,41.07935611075758
pep_0140,gene_028,ctrl,6h,4,84.87127109459423
pep_0140,gene_028,ctrl,6h,5,82.05955230321716
pep_0140,gene_028,ctrl,6h,6,56.50449327641825
pep_0140,gene_028,drug,0h,1,91.33044122390531
pep_0140,gene_028,drug,0h,2,48.44298120243545
pep_0140,gene_028,drug,0h,3,53.39758521986721
pep_0140,gene_028,drug,0h,4,88.60429609765306
pep_0140,gene_028,drug,0h,5,114.76233482043456
pep_0140,gene_028,drug,0h,6,65.10692755240635
pep_0140,gene_028,drug,24h,1,72.06628908360612
pep_0140,gene_028,drug,24h,2,123.0915938173947
pep_0140,gene_028,drug,24h,3,118.59013532489529
pep_0140,gene_028,drug,24h,4,58.42242806350284
pep_0140,gene_028,drug,24h,5,36.77646044385006
pep_0140,gene_028,drug,24h,6,79.29477996345821
pep_0140,gene_028,drug,6h,1,70.54829883989491
pep_0140,gene_028,drug,6h,2,76.32079635996617
pep_0140,gene_028,drug,6h,3,101.60430931267304
pep_0140,gene_028,drug,6h,4,45.87511773305117
pep_0140,gene_028,drug,6h,5,37.68462967701356
pep_0140,gene_028,drug,6h,6,42.35301999609095
pep_0141,gene_029,ctrl,0h,1,53.07946916338103
pep_0141,gene_029,ctrl,0h,2,80.43364320216375
pep_0141,gene_029,ctrl,0h,3,102.54479638272058
pep_0141,gene_029,ctrl,0h,4,113.65450238525922
pep_0141,gene_029,ctrl,0h,5,108.18414510417821
pep_0141,gene_029,ctrl,0h,6,52.06439643714137
pep_0141,gene_029,ctrl,24h,1,68.6506488620037
pep_0141,gene_029,ctrl,24h,2,63.3531500603516
pep_0141,gene_029,ctrl,24h,3,72.37124707898671
pep_0141,gene_029,ctrl,24h,4,81.79031060895363
pep_0141,gene_029,ctrl,24h,5,79.00805303663485
pep_0141,gene_029,ctrl,24h,6,110.17902327646031
pep_0141,gene_029,ctrl,6h,1,24.327691804662678
pep_0141,gene_029,ctrl,6h,2,46.481481738945526
pep_0141,gene_029,ctrl,6h,3,64.0479167149397
pep_0141,gene_029,ctrl,6h,4,50.629046856258036
pep_0141,gene_029,ctrl,6h,5,38.12721843167068
pep_0141,gene_029,ctrl,6h,6,38.10005409031961
pep_0141,gene_029,drug,0h,1,59.35212393285552
pep_0141,gene_029,drug,0h,2,55.420375137767806
pep_0141,gene_029,drug,0h,3,77.46353514763017
pep_0141,gene_029,drug,0h,4,67.87296533804385
pep_0141,gene_029,drug,0h,5,42.6232719714155
pep_0141,gene_029,drug,0h,6,105.93151602239371
pep_0141,gene_029,drug,24h,1,59.96516565971669
pep_0141,gene_029,drug,24h,2,75.97805116236658
pep_0141,gene_029,drug,24h,3,63.721450737398364
pep_0141,gene_029,drug,24h,4,64.14267847176558
pep_0141,gene_029,drug,24h,5,40.733177426149744
pep_0141,gene_029,drug,24h,6,46.45961722422426
pep_0141,gene_029,drug,6h,1,54.51815514645746
pep_0141,gene_029,drug,6h,2,49.17425644052588
pep_0141,gene_029,drug,6h,3,75.68361486844982
pep_0141,gene_029,drug,6h,4,85.7956019647855
pep_0141,gene_029,drug,6h,5,79.1509942962409
pep_0141,gene_029,drug,6h,6,98.31279728552263
pep_0142,gene_029,ctrl,0h,1,76.3430120437488
pep_0142,gene_029,ctrl,0h,2,83.30176451046358
pep_0142,gene_029,ctrl,0h,3,74.41327406919835
pep_0142,gene_029,ctrl,0h,4,66.35229061749601
pep_0142,gene_029,ctrl,0h,5,67.20111374844417
pep_0142,gene_029,ctrl,0h,6,20.691401491545854
pep_0142,gene_029,ctrl,24h,1,93.93794512324665
pep_0142,gene_029,ctrl,24h,2,39.02754716756164
pep_0142,gene_029,ctrl,24h,3,40.22666020280205
pep_0142,gene_029,ctrl,24h,4,26.31878265018244
pep_0142,gene_029,ctrl,24h,5,77.48362305806498
pep_0142,gene_029,ctrl,24h,6,41.5372074264902
pep_0142,gene_029,ctrl,6h,1,74.6241215716348
pep_0142,gene_029,ctrl,6h,2,65.45716284145293
pep_0142,gene_029,ctrl,6h,3,74.03818497716114
pep_0142,gene_029,ctrl,6h,4,38.78154575308637
pep_0142,gene_029,ctrl,6h,5,89.72993385151717
pep_0142,gene_029,ctrl,6h,6,75.60277697789246
pep_0142,gene_029,drug,0h,1,76.88809136978303
pep_0142,gene_029,drug,0h,2,82.52180606888956
pep_0142,gene_029,drug,0h,3,50.58579203808622
pep_0142,gene_029,drug,0h,4,26.652731698860833
pep_0142,gene_029,drug,0h,5,58.25568370213293
pep_0142,gene_029,drug,0h,6,37.78194582438022
pep_0142,gene_029,drug,24h,1,38.27150727348834
pep_0142,gene_029,drug,24h,2,30.75591889862555
pep_0142,gene_029,drug,24h,3,60.84886380714093
pep_0142,gene_029,drug,24h,4,38.94440308813622
pep_0142,gene_029,drug,24h,5,20.861319408142684
pep_0142,gene_029,drug,24h,6,58.50101009071227
pep_0142,gene_029,drug,6h,1,20.1890906742076
pep_0142,gene_029,drug,6h,2,69.46819989800755
pep_0142,gene_029,drug,6h,3,63.75851192343255
pep_0142,gene_029,drug,6h,4,39.61004792021646
pep_0142,gene_029,drug,6h,5,53.62022509493193
pep_0142,gene_029,drug,6h,6,71.39009183100472
pep_0143,gene_029,ctrl,0h,1,103.9629620968581
pep_0143,gene_029,ctrl,0h,2,66.83601928743612
pep_0143,gene_029,ctrl,0h,3,77.30158685680281
pep_0143,gene_029,ctrl,0h,4,87.21194329341064
pep_0143,gene_029,ctrl,0h,5,50.69609848837001
pep_0143,gene_029,ctrl,0h,6,83.98215562005325
pep_0143,gene_029,ctrl,24h,1,62.460079666408106
pep_0143,gene_029,ctrl,24h,2,128.61053629841274
pep_0143,gene_029,ctrl,24h,3,68.30071631269742
pep_0143,gene_029,ctrl,24h,4,108.48851780756026
pep_0143,gene_029,ctrl,24h,5,80.79917329461749
pep_0143,gene_029,ctrl,24h,6,93.84142291051909
pep_0143,gene_029,ctrl,6h,1,93.46865605175044
pep_0143,gene_029,ctrl,6h,2,103.14985368342828
pep_0143,gene_029,ctrl,6h,3,64.09940887011237
pep_0143,gene_029,ctrl,6h,4,54.19254813951828
pep_0143,gene_029,ctrl,6h,5,79.07008748016291
pep_0143,gene_029,ctrl,6h,6,76.373193008909
pep_0143,gene_029,drug,0h,1,58.900465991287064
pep_0143,gene_029,drug,0h,2,79.82767254049776
pep_0143,gene_029,drug,0h,3,105.91064779345444
pep_0143,gene_029,drug,0h,4,90.138734576705545
pep_0143,gene_029,drug,0h,5,38.67421175945337
pep_0143,gene_029,drug,0h,6,87.08325158442459
pep_0143,gene_029,drug,24h,1,71.93946638430786
pep_0143,gene_029,drug,24h,2,111.40167631449407
pep_0143,gene_029,drug,24h,3,101.20535567774562
pep_0143,gene_029,drug,24h,4,51.63590525672249
pep_0143,gene_029,drug,24h,5,176.56803551942872
pep_0143,gene_029,drug,24h,6,102.84416144357019
pep_0143,gene_029,drug,6h,1,73.73189930830307
pep_0143,gene_029,drug,6h,2,87.14641227906942
pep_0143,gene_029,drug,6h,3,55.18542386932039
pep_0143,gene_029,drug,6h,4,35.92238306782473
pep_0143,gene_029,drug,6h,5,66.82926966314203
pep_0143,gene_029,drug,6h,6,66.42047008838597
pep_0144,gene_029,ctrl,0h,1,110.99839164937468
pep_0144,gene_029,ctrl,0h,2,47.368881390599604
pep_0144,gene_029,ctrl,0h,3,62.86675852318326
pep_0144,gene_029,ctrl,0h,4,179.38271096120275
pep_0144,gene_029,ctrl,0h,5,57.608554854177655
pep_0144,gene_029,ctrl,0h,6,72.83554566241408
pep_0144,gene_029,ctrl,24h,1,70.52879652855883
pep_0144,gene_029,ctrl,24h,2,124.47652872794883
pep_0144,gene_029,ctrl,24h,3,113.7775302112886
pep_0144,gene_029,ctrl,24h,4,114.93008764490371
pep_0144,gene_029,ctrl,24h,5,95.65314885615759
pep_0144,gene_029,ctrl,24h,6,76.87525251288383
pep_0144,gene_029,ctrl,6h,1,86.70539857473756
pep_0144,gene_029,ctrl,6h,2,86.07107053913545
pep_0144,gene_029,ctrl,6h,3,60.72476387703643
pep_0144,gene_029,ctrl,6h,4,108.99498241884302
pep_0144,gene_029,ctrl,6h,5,140.09181769996488
pep_0144,gene_029,ctrl,6h,6,55.03484168554441
pep_0144,gene_029,drug,0h,1,151.94204704113315
pep_0144,gene_029,drug,0h,2,96.19707190066092
pep_0144,gene_029,drug,0h,3,80.55655216101162
pep_0144,gene_029,drug,0h,4,104.98247996898776
pep_0144,gene_029,drug,0h,5,163.41868247140812
pep_0144,gene_029,drug,0h,6,87.46379765936956
pep_0144,gene_029,drug,24h,1,108.01366991329647
pep_0144,gene_029,drug,24h,2,100.86542051229807
pep_0144,gene_029,drug,24h,3,69.65681660631269
pep_0144,gene_029,drug,24h,4,106.43886396692204
pep_0144,gene_029,drug,24h,5,94.86734403763961
pep_0144,gene_029,drug,24h,6,135.13939910704093
pep_0144,gene_029,drug,6h,1,150.7415063619408
pep_0144,gene_029,drug,6h,2,51.50047311457757
pep_0144,gene_029,drug,6h,3,35.27314328976255
pep_0144,gene_029,drug,6h,4,174.85401765670093
pep_0144,gene_029,drug,6h,5,75.04762466277792
pep_0144,gene_029,drug,6h,6,82.70551883167788
pep_0145,gene_029,ctrl,0h,1,135.43786250296415
pep_0145,gene_029,ctrl,0h,2,118.45465703788699
pep_0145,gene_029,ctrl,0h,3,97.6250802813078
pep_0145,gene_029,ctrl,0h,4,107.27945132971367
pep_0145,gene_029,ctrl,0h,5,146.02100602006834
pep_0145,gene_029,ctrl,0h,6,152.18607039310382
pep_0145,gene_029,ctrl,24h,1,93.15734058283991
pep_0145,gene_029,ctrl,24h,2,115.9602644535602
pep_0145,gene_029,ctrl,24h,3,57.28532835803778
pep_0145,gene_029,ctrl,24h,4,104.8509881035969
pep_0145,gene_029,ctrl,24h,5,146.98374600194063
pep_0145,gene_029,ctrl,24h,6,90.27464299929758
pep_0145,gene_029,ctrl,6h,1,141.9805610035995
pep_0145,gene_029,ctrl,6h,2,142.26296776973453
pep_0145,gene_029,ctrl,6h,3,146.93200556742786
pep_0145,gene_029,ctrl,6h,4,122.96678382133226
pep_0145,gene_029,ctrl,6h,5,83.43021312687162
pep_0145,gene_029,ctrl,6h,6,106.13147925197688
pep_0145,gene_029,drug,0h,1,100.96843045324093
pep_0145,gene_029,drug,0h,2,145.6354633116497
pep_0145,gene_029,drug,0h,3,127.91582742955092
pep_0145,gene_029,drug,0h,4,102.43967172941908
pep_0145,gene_029,drug,0h,5,61.468822064289256
pep_0145,gene_029,drug,0h,6,207.18515602201487
pep_0145,gene_029,drug,24h,1,177.32405960249733
pep_0145,gene_029,drug,24h,2,59.297316851834026
pep_0145,gene_029,drug,24h,3,113.77893904541214
pep_0145,gene_029,drug,24h,4,127.17285874664823
pep_0145,gene_029,drug,24h,5,110.77642102289222
pep_0145,gene_029,drug,24h,6,145.12703064300234
pep_0145,gene_029,drug,6h,1,102.14760232938502
pep_0145,gene_029,drug,6h,2,71.84068872642149
pep_0145,gene_029,drug,6h,3,162.2710287870469
pep_0145,gene_029,drug,6h,4,114.8265845310353
pep_0145,gene_029,drug,6h,5,185.72522933356828
pep_0145,gene_029,drug,6h,6,75.45194158128517
pep_0146,gene_030,ctrl,0h,1,19.783433834262063
pep_0146,gene_030,ctrl,0h,2,37.711489040497106
pep_0146,gene_030,ctrl,0h,3,44.37613734487581
pep_0146,gene_030,ctrl,0h,4,19.228178475089596
pep_0146,gene_030,ctrl,0h,5,40.80919233792659
pep_0146,gene_030,ctrl,0h,6,34.00700035167533
pep_0146,gene_030,ctrl,24h,1,27.080465990442224
pep_0146,gene_030,ctrl,24h,2,23.477946083572977
pep_0146,gene_030,ctrl,24h,3,27.4598573453244
pep_0146,gene_030,ctrl,24h,4,51.59632036967402
pep_0146,gene_030,ctrl,24h,5,73.08662906149442
pep_0146,gene_030,ctrl,24h,6,43.16248755566997
pep_0146,gene_030,ctrl,6h,1,19.519838116659404
pep_0146,gene_030,ctrl,6h,2,45.19268580808812
pep_0146,gene_030,ctrl,6h,3,9.902740504015128
pep_0146,gene_030,ctrl,6h,4,NA
pep_0146,gene_030,ctrl,6h,5,42.309233254855414
pep_0146,gene_030,ctrl,6h,6,17.378020658242495
pep_0146,gene_030,drug,0h,1,59.86150417360113
pep_0146,gene_030,drug,0h,2,30.680508859976065
pep_0146,gene_030,drug,0h,3,34.2365870099378
pep_0146,gene_030,drug,0h,4,59.63769604508879
pep_0146,gene_030,drug,0h,5,81.38681419831055
pep_0146,gene_030,drug,0h,6,NA
pep_0146,gene_030,drug,24h,1,6.963801600575864
pep_0146,gene_030,drug,24h,2,19.19411195839613
pep_0146,gene_030,drug,24h,3,36.07117640220764
pep_0146,gene_030,drug,24h,4,42.84297691512866
pep_0146,gene_030,drug,24h,5,46.90257290216561
pep_0146,gene_030,drug,24h,6,35.111616106263355
pep_0146,gene_030,drug,6h,1,65.65992255124041
pep_0146,gene_030,drug,6h,2,43.28759475428952
pep_0146,gene_030,drug,6h,3,36.03728241704385
pep_0146,gene_030,drug,6h,4,58.02349537168465
pep_0146,gene_030,drug,6h,5,30.613845339285994
pep_0146,gene_030,drug,6h,6,NA
pep_0147,gene_030,ctrl,0h,1,25.038733206603442
pep_0147,gene_030,ctrl,0h,2,28.14330880124091
pep_0147,gene_030,ctrl,0h,3,111.60231842257222
pep_0147,gene_030,ctrl,0h,4,66.8065165177099
pep_0147,gene_030,ctrl,0h,5,24.396850994357425
pep_0147,gene_030,ctrl,0h,6,29.855894779483215
pep_0147,gene_030,ctrl,24h,1,56.90529024833068
pep_0147,gene_030,ctrl,24h,2,NA
pep_0147,gene_030,ctrl,24h,3,27.481091333031642
pep_0147,gene_030,ctrl,24h,4,47.77921217552415
pep_0147,gene_030,ctrl,24h,5,26.829481068529162
pep_0147,gene_030,ctrl,24h,6,22.000021727881258
pep_0147,gene_030,ctrl,6h,1,32.620969813781805
pep_0147,gene_030,ctrl,6h,2,28.995009495478058
pep_0147,gene_030,ctrl,6h,3,21.435085599811927
pep_0147,gene_030,ctrl,6h,4,52.675890853329264
pep_0147,gene_030,ctrl,6h,5,50.80233847407405
pep_0147,gene_030,ctrl,6h,6,36.99596598866744
pep_0147,gene_030,drug,0h,1,37.453934301506706
pep_0147,gene_030,drug,0h,2,17.657498165456406
pep_0147,gene_030,drug,0h,3,59.44585641144353
pep_0147,gene_030,drug,0h,4,31.38221327882532
pep_0147,gene_030,drug,0h,5,17.752495202383418
pep_0147,gene_030,drug,0h,6,13.021192828651126
pep_0147,gene_030,drug,24h,1,47.85760893980771
pep_0147,gene_030,drug,24h,2,82.27229231564729
pep_0147,gene_030,drug,24h,3,NA
pep_0147,gene_030,drug,24h,4,15.598869286075997
pep_0147,gene_030,drug,24h,5,38.06714716467572
pep_0147,gene_030,drug,24h,6,25.24838361399437
pep_0147,gene_030,drug,6h,1,78.47927261317425
pep_0147,gene_030,drug,6h,2,49.664963054295924
pep_0147,gene_030,drug,6h,3,30.109573386519017
pep_0147,gene_030,drug,6h,4,77.72377747229964
pep_0147,gene_030,drug,6h,5,21.661174771671636
pep_0147,gene_030,drug,6h,6,22.687555108054166
pep_0148,gene_030,ctrl,0h,1,143.39268952473353
pep_0148,gene_030,ctrl,0h,2,61.193461142349776
pep_0148,gene_030,ctrl,0h,3,104.84443622707172
pep_0148,gene_030,ctrl,0h,4,118.94620885727664
pep_0148,gene_030,ctrl,0h,5,111.92173728502844
pep_0148,gene_030,ctrl,0h,6,114.63077663340168
pep_0148,gene_030,ctrl,24h,1,92.01745530192726
pep_0148,gene_030,ctrl,24h,2,115.58184569775912
pep_0148,gene_030,ctrl,24h,3,75.3912965400196
pep_0148,gene_030,ctrl,24h,4,169.28608537821884
pep_0148,gene_030,ctrl,24h,5,103.36093709953728
pep_0148,gene_030,ctrl,24h,6,91.72709600018602
pep_0148,gene_030,ctrl,6h,1,80.21382784192797
pep_0148,gene_030,ctrl,6h,2,98.68140651588924
pep_0148,gene_030,ctrl,6h,3,103.60939507258392
pep_0148,gene_030,ctrl,6h,4,89.37099898793986
pep_0148,gene_030,ctrl,6h,5,76.1808520727886
pep_0148,gene_030,ctrl,6h,6,95.31668753642579
pep_0148,gene_030,drug,0h,1,78.05068782890413
pep_0148,gene_030,drug,0h,2,128.98871287137737
pep_0148,gene_030,drug,0h,3,118.213232310099
pep_0148,gene_030,drug,0h,4,51.18620855705902
pep_0148,gene_030,drug,0h,5,117.73513648387062
pep_0148,gene_030,drug,0h,6,45.613510234033846
pep_0148,gene_030,drug,24h,1,73.08096831680537
pep_0148,gene_030,drug,24h,2,44.40189970667138
pep_0148,gene_030,drug,24h,3,86.80946013222939
pep_0148,gene_030,drug,24h,4,112.7939319210256
pep_0148,gene_030,drug,24h,5,103.52848940089291
pep_0148,gene_030,drug,24h,6,120.79313873921247
pep_0148,gene_030,drug,6h,1,72.38455822433329
pep_0148,gene_030,drug,6h,2,56.55252870833391
pep_0148,gene_030,drug,6h,3,75.32617563790238
pep_0148,gene_030,drug,6h,4,111.09988682055389
pep_0148,gene_030,drug,6h,5,131.4728151724656
pep_0148,gene_030,drug,6h,6,95.34711228488011
pep_0149,gene_030,ctrl,0h,1,68.89310517123548
pep_0149,gene_030,ctrl,0h,2,63.304657493670895
pep_0149,gene_030,ctrl,0h,3,100.17398237146878
pep_0149,gene_030,ctrl,0h,4,17.247089078577652
pep_0149,gene_030,ctrl,0h,5,27.20729637216037
pep_0149,gene_030,ctrl,0h,6,48.16895937122951
pep_0149,gene_030,ctrl,24h,1,47.65069822708984
pep_0149,gene_030,ctrl,24h,2,133.43352389801737
pep_0149,gene_030,ctrl,24h,3,65.80035073885463
pep_0149,gene_030,ctrl,24h,4,51.366716338867086
pep_0149,gene_030,ctrl,24h,5,45.0727978538557
pep_0149,gene_030,ctrl,24h,6,86.81727553122361
pep_0149,gene_030,ctrl,6h,1,56.29028007721392
pep_0149,gene_030,ctrl,6h,2,64.69478458021419
pep_0149,gene_030,ctrl,6h,3,58.580537677661574
pep_0149,gene_030,ctrl,6h,4,82.3250091284967
pep_0149,gene_030,ctrl,6h,5,109.65661545661492
pep_0149,gene_030,ctrl,6h,6,51.360551492913956
pep_0149,gene_030,drug,0h,1,92.0296458813501
pep_0149,gene_030,drug,0h,2,30.152263279117754
pep_0149,gene_030,drug,0h,3,82.88616637990104
pep_0149,gene_030,drug,0h,4,55.75236898110853
pep_0149,gene_030,drug,0h,5,61.882225983354196
pep_0149,gene_030,drug,0h,6,36.90093159770903
pep_0149,gene_030,drug,24h,1,67.78508742817944
pep_0149,gene_030,drug,24h,2,71.8116249395296
pep_0149,gene_030,drug,24h,3,83.85745947598043
pep_0149,gene_030,drug,24h,4,128.65150247887712
pep_0149,gene_030,drug,24h,5,62.90392219362032
pep_0149,gene_030,drug,24h,6,48.143006344719275
pep_0149,gene_030,drug,6h,1,72.96093099568706
pep_0149,gene_030,drug,6h,2,63.504674766095825
pep_0149,gene_030,drug,6h,3,99.04208763243416
pep_0149,gene_030,drug,6h,4,51.650735774925806
pep_0149,gene_030,drug,6h,5,80.5675323923302
pep_0149,gene_030,drug,6h,6,113.70721640922623
pep_0150,gene_030,ctrl,0h,1,48.7456123068659
pep_0150,gene_030,ctrl,0h,2,65.89539606125874
pep_0150,gene_030,ctrl,0h,3,101.48189118750963
pep_0150,gene_030,ctrl,0h,4,51.51069842804551
pep_0150,gene_030,ctrl,0h,5,16.490419440368385
pep_0150,gene_030,ctrl,0h,6,87.53869111652281
pep_0150,gene_030,ctrl,24h,1,46.12558571806223
pep_0150,gene_030,ctrl,24h,2,34.20952033698684
pep_0150,gene_030,ctrl,24h,3,22.641740594354545
pep_0150,gene_030,ctrl,24h,4,25.493112226002726
pep_0150,gene_030,ctrl,24h,5,78.28805109343541
pep_0150,gene_030,ctrl,24h,6,51.35701560877484
pep_0150,gene_030,ctrl,6h,1,77.58411181881529
pep_0150,gene_030,ctrl,6h,2,55.4324253731924
pep_0150,gene_030,ctrl,6h,3,79.72088296109092
pep_0150,gene_030,ctrl,6h,4,22.334102022324185
pep_0150,gene_030,ctrl,6h,5,62.629225996748346
pep_0150,gene_030,ctrl,6h,6,235.54312583556762
pep_0150,gene_030,drug,0h,1,45.37760198680611
pep_0150,gene_030,drug,0h,2,67.58124698115888
pep_0150,gene_030,drug,0h,3,77.05663503743718
pep_0150,gene_030,drug,0h,4,34.89538196085429
pep_0150,gene_030,drug,0h,5,54.93356412199834
pep_0150,gene_030,drug,0h,6,39.36503540350634
pep_0150,gene_030,drug,24h,1,25.462229803002653
pep_0150,gene_030,drug,24h,2,43.696259396831046
pep_0150,gene_030,drug,24h,3,101.91931807408831
pep_0150,gene_030,drug,24h,4,38.76480554490171
pep_0150,gene_030,drug,24h,5,32.12658501212751
pep_0150,gene_030,drug,24h,6,30.98849178980735
pep_0150,gene_030,drug,6h,1,59.080387644238854
pep_0150,gene_030,drug,6h,2,47.93081566936227
pep_0150,gene_030,drug,6h,3,33.28048806252757
pep_0150,gene_030,drug,6h,4,20.98024087636981
pep_0150,gene_030,drug,6h,5,51.49817257106167
pep_0150,gene_030,drug,6h,6,91.2810832896113
pep_0151,gene_031,ctrl,0h,1,69.75077967627261
pep_0151,gene_031,ctrl,0h,2,27.35940195230843
pep_0151,gene_031,ctrl,0h,3,111.60661975912718
pep_0151,gene_031,ctrl,0h,4,23.180109093558528
pep_0151,gene_031,ctrl,0h,5,38.32256458225273
pep_0151,gene_031,ctrl,0h,6,8.311914657776525
pep_0151,gene_031,ctrl,24h,1,36.52632069712579
pep_0151,gene_031,ctrl,24h,2,43.79896022652057
pep_0151,gene_031,ctrl,24h,3,53.073571205641834
pep_0151,gene_031,ctrl,24h,4,33.946235074456844
pep_0151,gene_031,ctrl,24h,5,39.348667858603136
pep_0151,gene_031,ctrl,24h,6,43.2314130304592
pep_0151,gene_031,ctrl,6h,1,61.912491891250724
pep_0151,gene_031,ctrl,6h,2,38.96327231758739
pep_0151,gene_031,ctrl,6h,3,50.248862762808784
pep_0151,gene_031,ctrl,6h,4,37.25185861915809
pep_0151,gene_031,ctrl,6h,5,44.49581418956332
pep_0151,gene_031,ctrl,6h,6,72.62328502287026
pep_0151,gene_031,drug,0h,1,47.067484307787744
pep_0151,gene_031,drug,0h,2,55.345663630317674
pep_0151,gene_031,drug,0h,3,56.90226119652164
pep_0151,gene_031,drug,0h,4,79.84994741264589
pep_0151,gene_031,drug,0h,5,50.90550139739651
pep_0151,gene_031,drug,0h,6,24.614142349849278
pep_0151,gene_031,drug,24h,1,40.95848519734356
pep_0151,gene_031,drug,24h,2,20.334081546660826
pep_0151,gene_031,drug,24h,3,86.0612436886386
pep_0151,gene_031,drug,24h,4,29.20371870823398
pep_0151,gene_031,drug,24h,5,53.38041166546494
pep_0151,gene_031,drug,24h,6,109.39838666867477
pep_0151,gene_031,drug,6h,1,43.507655387842995
pep_0151,gene_031,drug,6h,2,46.99635697869244
pep_0151,gene_031,drug,6h,3,66.3668046939987
pep_0151,gene_031,drug,6h,4,55.46382499304808
pep_0151,gene_031,drug,6h,5,9.79133274855139
pep_0151,gene_031,drug,6h,6,59.84241286750253
pep_0152,gene_031,ctrl,0h,1,68.08174786830212
pep_0152,gene_031,ctrl,0h,2,49.018013064619765
pep_0152,gene_031,ctrl,0h,3,54.51195433825256
pep_0152,gene_031,ctrl,0h,4,31.45046798494084
pep_0152,gene_031,ctrl,0h,5,39.1367957211383
pep_0152,gene_031,ctrl,0h,6,32.014891370013196
pep_0152,gene_031,ctrl,24h,1,30.121985864820015
pep_0152,gene_031,ctrl,24h,2,43.887056262435216
pep_0152,gene_031,ctrl,24h,3,51.04230730934891
pep_0152,gene_031,ctrl,24h,4,55.62448708831338
pep_0152,gene_031,ctrl,24h,5,99.98340512764214
pep_0152,gene_031,ctrl,24h,6,60.78194350352181
pep_0152,gene_031,ctrl,6h,1,35.300618435931106
pep_0152,gene_031,ctrl,6h,2,21.027555517539728
pep_0152,gene_031,ctrl,6h,3,73.77143290510361
pep_0152,gene_031,ctrl,6h,4,18.641268635436496
pep_0152,gene_031,ctrl,6h,5,105.40047004656934
pep_0152,gene_031,ctrl,6h,6,68.5152518712315
pep_0152,gene_031,drug,0h,1,42.88140958675483
pep_0152,gene_031,drug,0h,2,17.158979531623174
pep_0152,gene_031,drug,0h,3,20.448614948718543
pep_0152,gene_031,drug,0h,4,26.865998990010144
pep_0152,gene_031,drug,0h,5,14.22210095757442
pep_0152,gene_031,drug,0h,6,51.92760997193693
pep_0152,gene_031,drug,24h,1,47.62138394704865
pep_0152,gene_031,drug,24h,2,47.964788396597754
pep_0152,gene_031,drug,24h,3,124.71044065658128
pep_0152,gene_031,drug,24h,4,43.483794508975485
pep_0152,gene_031,drug,24h,5,50.95916227986171
pep_0152,gene_031,drug,24h,6,42.35980205688436
pep_0152,gene_031,drug,6h,1,46.683947156747806
pep_0152,gene_031,drug,6h,2,30.507526672921074
pep_0152,gene_031,drug,6h,3,65.4074975211292
pep_0152,gene_031,drug,6h,4,54.75652205757621
pep_0152,gene_031,drug,6h,5,27.036683702062835
pep_0152,gene_031,drug,6h,6,64.16932760902391
pep_0153,gene_031,ctrl,0h,1,164.2620695373705
pep_0153,gene_031,ctrl,0h,2,34.06721428198787
pep_0153,gene_031,ctrl,0h,3,111.61235765617083
pep_0153,gene_031,ctrl,0h,4,74.23321336036709
pep_0153,gene_031,ctrl,0h,5,60.768542615736955
pep_0153,gene_031,ctrl,0h,6,131.02318874063158
pep_0153,gene_031,ctrl,24h,1,82.13029568466663
pep_0153,gene_031,ctrl,24h,2,125.61411491291261
pep_0153,gene_031,ctrl,24h,3,66.09855598662932
pep_0153,gene_031,ctrl,24h,4,86.9933976135095
pep_0153,gene_031,ctrl,24h,5,101.31504896370657
pep_0153,gene_031,ctrl,24h,6,68.15875197182234
pep_0153,gene_031,ctrl,6h,1,59.64928776037312
pep_0153,gene_031,ctrl,6h,2,100.02200394901973
pep_0153,gene_031,ctrl,6h,3,141.65320941247157
pep_0153,gene_031,ctrl,6h,4,57.10994688618383
pep_0153,gene_031,ctrl,6h,5,70.7349363344376
pep_0153,gene_031,ctrl,6h,6,88.6266774405666
pep_0153,gene_031,drug,0h,1,79.96480996555422
pep_0153,gene_031,drug,0h,2,76.12835924355683
pep_0153,gene_031,drug,0h,3,60.353929457516806
pep_0153,gene_031,drug,0h,4,120.04332024424018
pep_0153,gene_031,drug,0h,5,119.02387627200264
pep_0153,gene_031,drug,0h,6,102.42153716704345
pep_0153,gene_031,drug,24h,1,131.20891357116642
pep_0153,gene_031,drug,24h,2,77.61619445220346
pep_0153,gene_031,drug,24h,3,120.92735000295629
pep_0153,gene_031,drug,24h,4,87.68695760648599
pep_0153,gene_031,drug,24h,5,104.72532051418825
pep_0153,gene_031,drug,24h,6,128.22750708612125
pep_0153,gene_031,drug,6h,1,92.81427589379769
pep_0153,gene_031,drug,6h,2,68.41390041155454
pep_0153,gene_031,drug,6h,3,101.23624707580107
pep_0153,gene_031,drug,6h,4,69.79698924852383
pep_0153,gene_031,drug,6h,5,56.10135621449284
pep_0153,gene_031,drug,6h,6,82.23193973855203
pep_0154,gene_031,ctrl,0h,1,140.08432709585492
pep_0154,gene_031,ctrl,0h,2,124.90720376836178
pep_0154,gene_031,ctrl,0h,3,149.8099700878135
pep_0154,gene_031,ctrl,0h,4,106.65517766375392
pep_0154,gene_031,ctrl,0h,5,335.2150239934904
pep_0154,gene_031,ctrl,0h,6,205.7810515429586
pep_0154,gene_031,ctrl,24h,1,103.29624116510313
pep_0154,gene_031,ctrl,24h,2,170.95049406990069
pep_0154,gene_031,ctrl,24h,3,100.12922137258474
pep_0154,gene_031,ctrl,24h,4,248.0904511466961
pep_0154,gene_031,ctrl,24h,5,193.89925530160076
pep_0154,gene_031,ctrl,24h,6,194.44607519774763
pep_0154,gene_031,ctrl,6h,1,116.41049954856024
pep_0154,gene_031,ctrl,6h,2,179.3803816441465
pep_0154,gene_031,ctrl,6h,3,54.936412025521136
pep_0154,gene_031,ctrl,6h,4,95.28919932609122
pep_0154,gene_031,ctrl,6h,5,113.14565712634459
pep_0154,gene_031,ctrl,6h,6,142.25792239308657
pep_0154,gene_031,drug,0h,1,102.36177816765537
pep_0154,gene_031,drug,0h,2,124.520269428695
pep_0154,gene_031,drug,0h,3,242.3680570522289
pep_0154,gene_031,drug,0h,4,157.87522336639637
pep_0154,gene_031,drug,0h,5,111.82659777807154
pep_0154,gene_031,drug,0h,6,142.74833221775023
pep_0154,gene_031,drug,24h,1,124.43463857249392
pep_0154,gene_031,drug,24h,2,131.2861907957446
pep_0154,gene_031,drug,24h,3,70.0460607854574
pep_0154,gene_031,drug,24h,4,272.9259990933609
pep_0154,gene_031,drug,24h,5,73.94308023812427
pep_0154,gene_031,drug,24h,6,170.61374961209847
pep_0154,gene_031,drug,6h,1,229.70567843950533
pep_0154,gene_031,drug,6h,2,88.3218188947919
pep_0154,gene_031,drug,6h,3,96.2175350561611
pep_0154,gene_031,drug,6h,4,187.25987926430716
pep_0154,gene_031,drug,6h,5,79.17116045717458
pep_0154,gene_031,drug,6h,6,142.46153003895483
pep_0155,gene_031,ctrl,0h,1,106.49969966312301
pep_0155,gene_031,ctrl,0h,2,165.64079385051494
pep_0155,gene_031,ctrl,0h,3,94.00277291897505
pep_0155,gene_031,ctrl,0h,4,81.44085620966919
pep_0155,gene_031,ctrl,0h,5,82.41880035502375
pep_0155,gene_031,ctrl,0h,6,106.1159068796355
pep_0155,gene_031,ctrl,24h,1,89.21432952585597
pep_0155,gene_031,ctrl,24h,2,115.98243429136242
pep_0155,gene_031,ctrl,24h,3,179.2689697071474
pep_0155,gene_031,ctrl,24h,4,71.10303063234528
pep_0155,gene_031,ctrl,24h,5,188.53614874157458
pep_0155,gene_031,ctrl,24h,6,122.3780893867972
pep_0155,gene_031,ctrl,6h,1,88.53097838176762
pep_0155,gene_031,ctrl,6h,2,79.25311169604528
pep_0155,gene_031,ctrl,6h,3,122.01026463850616
pep_0155,gene_031,ctrl,6h,4,137.81189433252845
pep_0155,gene_031,ctrl,6h,5,75.1413238165801
pep_0155,gene_031,ctrl,6h,6,129.1643542560501
pep_0155,gene_031,drug,0h,1,154.32369910066447
pep_0155,gene_031,drug,0h,2,94.05413582693336
pep_0155,gene_031,drug,0h,3,128.35022132395557
pep_0155,gene_031,drug,0h,4,65.69905085611492
pep_0155,gene_031,drug,0h,5,79.53806358212621
pep_0155,gene_031,drug,0h,6,62.64486999947682
pep_0155,gene_031,drug,24h,1,122.64160346495579
pep_0155,gene_031,drug,24h,2,106.65310074213875
pep_0155,gene_031,drug,24h,3,85.99617907692145
pep_0155,gene_031,drug,24h,4,90.32044069838608
pep_0155,gene_031,drug,24h,5,82.23290505311141
pep_0155,gene_031,drug,24h,6,123.82836604438843
pep_0155,gene_031,drug,6h,1,48.24073053773629
pep_0155,gene_031,drug,6h,2,139.08444122488473
pep_0155,gene_031,drug,6h,3,102.97299398322613
pep_0155,gene_031,drug,6h,4,56.550620770385166
pep_0155,gene_031,drug,6h,5,144.65974154427838
pep_0155,gene_031,drug,6h,6,143.1423779602848
pep_0156,gene_032,ctrl,0h,1,110.5911077194676
pep_0156,gene_032,ctrl,0h,2,138.2750362163412
pep_0156,gene_032,ctrl,0h,3,266.7425672049971
pep_0156,gene_032,ctrl,0h,4,87.7358040849698
pep_0156,gene_032,ctrl,0h,5,149.9155927394245
pep_0156,gene_032,ctrl,0h,6,97.03585583666137
pep_0156,gene_032,ctrl,24h,1,136.9488521996653
pep_0156,gene_032,ctrl,24h,2,101.24912653177161
pep_0156,gene_032,ctrl,24h,3,186.65366265256012
pep_0156,gene_032,ctrl,24h,4,126.62507964633265
pep_0156,gene_032,ctrl,24h,5,138.72270995727814
pep_0156,gene_032,ctrl,24h,6,134.3254171367447
pep_0156,gene_032,ctrl,6h,1,67.1357486401074
pep_0156,gene_032,ctrl,6h,2,173.78333283350372
pep_0156,gene_032,ctrl,6h,3,130.58525783527753
pep_0156,gene_032,ctrl,6h,4,138.40205285364755
pep_0156,gene_032,ctrl,6h,5,143.23520088613367
pep_0156,gene_032,ctrl,6h,6,153.89517968971708
pep_0156,gene_032,drug,0h,1,140.2292600057334
pep_0156,gene_032,drug,0h,2,251.79205965665562
pep_0156,gene_032,drug,0h,3,112.53460521560615
pep_0156,gene_032,drug,0h,4,154.3410004684659
pep_0156,gene_032,drug,0h,5,123.6899419048923
pep_0156,gene_032,drug,0h,6,182.2635156077621
pep_0156,gene_032,drug,24h,1,250.38172450982842
pep_0156,gene_032,drug,24h,2,301.35826645436305
pep_0156,gene_032,drug,24h,3,111.48896889587483
pep_0156,gene_032,drug,24h,4,116.23286734957357
pep_0156,gene_032,drug,24h,5,142.80328104494353
pep_0156,gene_032,drug,24h,6,117.94560995342339
pep_0156,gene_032,drug,6h,1,256.71060933865533
pep_0156,gene_032,drug,6h,2,104.05222498182216
pep_0156,gene_032,drug,6h,3,57.4718537252973
pep_0156,gene_032,drug,6h,4,191.81554598360685
pep_0156,gene_032,drug,6h,5,189.47884167740298
pep_0156,gene_032,drug,6h,6,136.9422026448695
pep_0157,gene_032,ctrl,0h,1,79.80223992581605
pep_0157,gene_032,ctrl,0h,2,76.92994709989367
pep_0157,gene_032,ctrl,0h,3,54.25074989043514
pep_0157,gene_032,ctrl,0h,4,45.53587426600463
pep_0157,gene_032,ctrl,0h,5,81.27640846875853
pep_0157,gene_032,ctrl,0h,6,37.94843072596609
pep_0157,gene_032,ctrl,24h,1,29.564580526943676
pep_0157,gene_032,ctrl,24h,2,69.66091655152626
pep_0157,gene_032,ctrl,24h,3,113.9527110065119
pep_0157,gene_032,ctrl,24h,4,41.16898738175479
pep_0157,gene_032,ctrl,24h,5,47.95715046465924
pep_0157,gene_032,ctrl,24h,6,25.938005032220428
pep_0157,gene_032,ctrl,6h,1,41.969224951384106
pep_0157,gene_032,ctrl,6h,2,63.892521204563394
pep_0157,gene_032,ctrl,6h,3,25.990963146931243
pep_0157,gene_032,ctrl,6h,4,96.9165539329402
pep_0157,gene_032,ctrl,6h,5,45.26303755535847
pep_0157,gene_032,ctrl,6h,6,68.38061275057527
pep_0157,gene_032,drug,0h,1,55.37399140245588
pep_0157,gene_032,drug,0h,2,57.99023039242477
pep_0157,gene_032,drug,0h,3,94.8343398362834
pep_0157,gene_032,drug,0h,4,55.16956938505218
pep_0157,gene_032,drug,0h,5,133.12172328717907
pep_0157,gene_032,drug,0h,6,57.490139299249094
pep_0157,gene_032,drug,24h,1,50.79499147989407
pep_0157,gene_032,drug,24h,2,106.47444785869041
pep_0157,gene_032,drug,24h,3,116.52106399755394
pep_0157,gene_032,drug,24h,4,37.27965465177147
pep_0157,gene_032,drug,24h,5,98.43674387220375
pep_0157,gene_032,drug,24h,6,48.43588716214836
pep_0157,gene_032,drug,6h,1,54.397024012889496
pep_0157,gene_032,drug,6h,2,57.050521177865306
pep_0157,gene_032,drug,6h,3,29.169473314263136
pep_0157,gene_032,drug,6h,4,52.60943587335739
pep_0157,gene_032,drug,6h,5,48.05935949685983
pep_0157,gene_032,drug,6h,6,58.003915250429976
pep_0158,gene_032,ctrl,0h,1,66.28209131160965
pep_0158,gene_032,ctrl,0h,2,107.81268660191068
pep_0158,gene_032,ctrl,0h,3,103.83690637080741
pep_0158,gene_032,ctrl,0h,4,54.70822490881244
pep_0158,gene_032,ctrl,0h,5,120.45126271383873
pep_0158,gene_032,ctrl,0h,6,42.5567408380213
pep_0158,gene_032,ctrl,24h,1,138.38931143197004
pep_0158,gene_032,ctrl,24h,2,116.8925249876976
pep_0158,gene_032,ctrl,24h,3,153.9577389849326
pep_0158,gene_032,ctrl,24h,4,104.72572857927013
pep_0158,gene_032,ctrl,24h,5,76.58680068866873
pep_0158,gene_032,ctrl,24h,6,178.06979364160944
pep_0158,gene_032,ctrl,6h,1,130.4768526103206
pep_0158,gene_032,ctrl,6h,2,51.61578088458019
pep_0158,gene_032,ctrl,6h,3,105.76360858455537
pep_0158,gene_032,ctrl,6h,4,80.9049674880918
pep_0158,gene_032,ctrl,6h,5,59.01880701820163
pep_0158,gene_032,ctrl,6h,6,109.06914218220163
pep_0158,gene_032,drug,0h,1,86.65425770543156
pep_0158,gene_032,drug,0h,2,100.50244325300031
pep_0158,gene_032,drug,0h,3,49.23397006439227
pep_0158,gene_032,drug,0h,4,144.79928428447727
pep_0158,gene_032,drug,0h,5,55.88608460256564
pep_0158,gene_032,drug,0h,6,79.13384756316091
pep_0158,gene_032,drug,24h,1,80.94421627039897
pep_0158,gene_032,drug,24h,2,69.47553225367852
pep_0158,gene_032,drug,24h,3,118.20467974981764
pep_0158,gene_032,drug,24h,4,138.19357222020588
pep_0158,gene_032,drug,24h,5,69.26120171508238
pep_0158,gene_032,drug,24h,6,111.63042764013576
pep_0158,gene_032,drug,6h,1,69.25685697176517
pep_0158,gene_032,drug,6h,2,64.85405083098694
pep_0158,gene_032,drug,6h,3,82.83104014989762
pep_0158,gene_032,drug,6h,4,113.77036451639566
pep_0158,gene_032,drug,6h,5,90.61024589599994
pep_0158,gene_032,drug,6h,6,101.30321912962235
pep_0159,gene_032,ctrl,0h,1,128.51851262924396
pep_0159,gene_032,ctrl,0h,2,109.35015180891511
pep_0159,gene_032,ctrl,0h,3,98.09152975735387
pep_0159,gene_032,ctrl,0h,4,55.165439256130156
pep_0159,gene_032,ctrl,0h,5,99.75694781981696
pep_0159,gene_032,ctrl,0h,6,45.69243532663366
pep_0159,gene_032,ctrl,24h,1,57.9296136088633
pep_0159,gene_032,ctrl,24h,2,46.42917878920068
pep_0159,gene_032,ctrl,24h,3,73.65211333868548
pep_0159,gene_032,ctrl,24h,4,59.056125723207145
pep_0159,gene_032,ctrl,24h,5,68.12219223410892
pep_0159,gene_032,ctrl,24h,6,63.70868744880522
pep_0159,gene_032,ctrl,6h,1,82.11249642768486
pep_0159,gene_032,ctrl,6h,2,116.79913930301387
pep_0159,gene_032,ctrl,6h,3,79.86035443242884
pep_0159,gene_032,ctrl,6h,4,68.93698215128299
pep_0159,gene_032,ctrl,6h,5,75.69465989769944
pep_0159,gene_032,ctrl,6h,6,94.48358316264772
pep_0159,gene_032,drug,0h,1,89.7156668237924
pep_0159,gene_032,drug,0h,2,61.18283039477348
pep_0159,gene_032,drug,0h,3,101.26298477941805
pep_0159,gene_032,drug,0h,4,55.960574620642404
pep_0159,gene_032,drug,0h,5,72.71328482760572
pep_0159,gene_032,drug,0h,6,82.70196526451319
pep_0159,gene_032,drug,24h,1,100.63631943620928
pep_0159,gene_032,drug,24h,2,89.10621262125188
pep_0159,gene_032,drug,24h,3,65.99498800342724
pep_0159,gene_032,drug,24h,4,74.98775634837472
pep_0159,gene_032,drug,24h,5,44.22618634400358
pep_0159,gene_032,drug,24h,6,91.01321464394461
pep_0159,gene_032,drug,6h,1,77.675661636699175
pep_0159,gene_032,drug,6h,2,88.38460718220601
pep_0159,gene_032,drug,6h,3,49.04195177440707
pep_0159,gene_032,drug,6h,4,96.76229162537467
pep_0159,gene_032,drug,6h,5,120.64021751437502
pep_0159,gene_032,drug,6h,6,62.50947931810606
pep_0160,gene_032,ctrl,0h,1,26.36127408219117
pep_0160,gene_032,ctrl,0h,2,54.5361502715016
pep_0160,gene_032,ctrl,0h,3,37.34176180198448
pep_0160,gene_032,ctrl,0h,4,31.570006314719908
pep_0160,gene_032,ctrl,0h,5,91.91962366983469
pep_0160,gene_032,ctrl,0h,6,38.029375303981524
pep_0160,gene_032,ctrl,24h,1,NA
pep_0160,gene_032,ctrl,24h,2,27.72001948248551
pep_0160,gene_032,ctrl,24h,3,25.295083594108224
pep_0160,gene_032,ctrl,24h,4,34.22445686761889
pep_0160,gene_032,ctrl,24h,5,59.50812279813722
pep_0160,gene_032,ctrl,24h,6,63.9937654138083
pep_0160,gene_032,ctrl,6h,1,43.51553089611507
pep_0160,gene_032,ctrl,6h,2,25.405834594585016
pep_0160,gene_032,ctrl,6h,3,54.38769756338598
pep_0160,gene_032,ctrl,6h,4,39.451624245722506
pep_0160,gene_032,ctrl,6h,5,55.16333668838464
pep_0160,gene_032,ctrl,6h,6,22.85064068263916
pep_0160,gene_032,drug,0h,1,46.91579935816652
pep_0160,gene_032,drug,0h,2,29.946940799775952
pep_0160,gene_032,drug,0h,3,41.33801322073953
pep_0160,gene_032,drug,0h,4,16.069260394968214
pep_0160,gene_032,drug,0h,5,20.169181471328855
pep_0160,gene_032,drug,0h,6,32.59990246669363
pep_0160,gene_032,drug,24h,1,32.57726507168593
pep_0160,gene_032,drug,24h,2,33.468804100886544
pep_0160,gene_032,drug,24h,3,18.265081212278197
pep_0160,gene_032,drug,24h,4,40.773256337534306
pep_0160,gene_032,drug,24h,5,69.89065154689526
pep_0160,gene_032,drug,24h,6,15.66327873647723
pep_0160,gene_032,drug,6h,1,27.49401394254623
pep_0160,gene_032,drug,6h,2,44.056791855813785
pep_0160,gene_032,drug,6h,3,29.20829219891263
pep_0160,gene_032,drug,6h,4,37.22938133310117
pep_0160,gene_032,drug,6h,5,40.13126450081296
pep_0160,gene_032,drug,6h,6,51.483019967287824
pep_0161,gene_033,ctrl,0h,1,103.61696268879174
pep_0161,gene_033,ctrl,0h,2,54.53542191207799
pep_0161,gene_033,ctrl,0h,3,54.22122594996917
pep_0161,gene_033,ctrl,0h,4,109.3204878217729
pep_0161,gene_033,ctrl,0h,5,111.51425776061353
pep_0161,gene_033,ctrl,0h,6,58.55839590589276
pep_0161,gene_033,ctrl,24h,1,176.14107382821524
pep_0161,gene_033,ctrl,24h,2,216.91686278547962
pep_0161,gene_033,ctrl,24h,3,99.20658599140043
pep_0161,gene_033,ctrl,24h,4,81.7462118391536
pep_0161,gene_033,ctrl,24h,5,72.75379517173654
pep_0161,gene_033,ctrl,24h,6,69.98997349871476
pep_0161,gene_033,ctrl,6h,1,46.327913916101
pep_0161,gene_033,ctrl,6h,2,95.54888083609083
pep_0161,gene_033,ctrl,6h,3,81.28084110304063
pep_0161,gene_033,ctrl,6h,4,166.55493506851056
pep_0161,gene_033,ctrl,6h,5,117.70698316748829
pep_0161,gene_033,ctrl,6h,6,114.46154637108145
pep_0161,gene_033,drug,0h,1,81.33090599865976
pep_0161,gene_033,drug,0h,2,31.051237438723668
pep_0161,gene_033,drug,0h,3,81.94866720273788
pep_0161,gene_033,drug,0h,4,77.08729032827458
pep_0161,gene_033,drug,0h,5,78.4557593239631
pep_0161,gene_033,drug,0h,6,83.38731833199247
pep_0161,gene_033,drug,24h,1,66.31362869616513
pep_0161,gene_033,drug,24h,2,87.28584672252477
pep_0161,gene_033,drug,24h,3,59.730108414798444
pep_0161,gene_033,drug,24h,4,92.98519562938318
pep_0161,gene_033,drug,24h,5,110.24173421872241
pep_0161,gene_033,drug,24h,6,135.89299841462747
pep_0161,gene_033,drug,6h,1,93.30303759042656
pep_0161,gene_033,drug,6h,2,43.855147058056325
pep_0161,gene_033,drug,6h,3,64.49891418313578
pep_0161,gene_033,drug,6h,4,80.68395012562137
pep_0161,gene_033,drug,6h,5,19.211954910687666
pep_0161,gene_033,drug,6h,6,53.575587506335474
pep_0162,gene_033,ctrl,0h,1,48.230385388533364
pep_0162,gene_033,ctrl,0h,2,63.07877500962884
pep_0162,gene_033,ctrl,0h,3,44.35711513665908
pep_0162,gene_033,ctrl,0h,4,104.09957875607655
pep_0162,gene_033,ctrl,0h,5,142.08325629342158
pep_0162,gene_033,ctrl,0h,6,107.04650207523481
pep_0162,gene_033,ctrl,24h,1,139.12118121826026
pep_0162,gene_033,ctrl,24h,2,100.66281145304661
pep_0162,gene_033,ctrl,24h,3,90.81632081846814
pep_0162,gene_033,ctrl,24h,4,132.4436723011142
pep_0162,gene_033,ctrl,24h,5,227.44239967962255
pep_0162,gene_033,ctrl,24h,6,90.92993829802897
pep_0162,gene_033,ctrl,6h,1,67.3491876083864
pep_0162,gene_033,ctrl,6h,2,70.24565003052008
pep_0162,gene_033,ctrl,6h,3,81.12514444148026
pep_0162,gene_033,ctrl,6h,4,99.63836895446846
pep_0162,gene_033,ctrl,6h,5,120.03406657928103
pep_0162,gene_033,ctrl,6h,6,128.04669023401024
pep_0162,gene_033,drug,0h,1,87.397114869817
pep_0162,gene_033,drug,0h,2,90.01534337591615
pep_0162,gene_033,drug,0h,3,91.90517517193707
pep_0162,gene_033,drug,0h,4,114.75959974651859
pep_0162,gene_033,drug,0h,5,83.33422423445259
pep_0162,gene_033,drug,0h,6,88.2313979720108
pep_0162,gene_033,drug,24h,1,101.35503900728445
pep_0162,gene_033,drug,24h,2,112.91754278224849
pep_0162,gene_033,drug,24h,3,96.07138713830682
pep_0162,gene_033,drug,24h,4,125.24359556284352
pep_0162,gene_033,drug,24h,5,68.8894293923159
pep_0162,gene_033,drug,24h,6,151.8210075487022
pep_0162,gene_033,drug,6h,1,48.83004386547077
pep_0162,gene_033,drug,6h,2,32.69830848753383
pep_0162,gene_033,drug,6h,3,115.61815100715586
pep_0162,gene_033,drug,6h,4,111.67992040267174
pep_0162,gene_033,drug,6h,5,80.10870303526058
pep_0162,gene_033,drug,6h,6,55.48412926440663
pep_0163,gene_033,ctrl,0h,1,69.63883454509427
pep_0163,gene_033,ctrl,0h,2,164.5052810542333
pep_0163,gene_033,ctrl,0h,3,109.5054384697424
pep_0163,gene_033,ctrl,0h,4,147.61859892188923
pep_0163,gene_033,ctrl,0h,5,157.13430340224704
pep_0163,gene_033,ctrl,0h,6,91.5111611118966
pep_0163,gene_033,ctrl,24h,1,74.24389174262208
pep_0163,gene_033,ctrl,24h,2,71.19989482520857
pep_0163,gene_033,ctrl,24h,3,113.41102176809918
pep_0163,gene_033,ctrl,24h,4,207.84436912974158
pep_0163,gene_033,ctrl,24h,5,160.00065852846672
pep_0163,gene_033,ctrl,24h,6,99.51645660336098
pep_0163,gene_033,ctrl,6h,1,215.1598810056138
pep_0163,gene_033,ctrl,6h,2,90.08417976026045
pep_0163,gene_033,ctrl,6h,3,159.56310663587502
pep_0163,gene_033,ctrl,6h,4,63.14635673380168
pep_0163,gene_033,ctrl,6h,5,112.36867986769441
pep_0163,gene_033,ctrl,6h,6,55.51688029614575
pep_0163,gene_033,drug,0h,1,182.09439894288266
pep_0163,gene_033,drug,0h,2,159.46968980544122
pep_0163,gene_033,drug,0h,3,86.37789507123459
pep_0163,gene_033,drug,0h,4,105.98358613542389
pep_0163,gene_033,drug,0h,5,144.36724692935127
pep_0163,gene_033,drug,0h,6,146.57370431704982
pep_0163,gene_033,drug,24h,1,210.53296144771838
pep_0163,gene_033,drug,24h,2,116.90731523852459
pep_0163,gene_033,drug,24h,3,81.13357462748831
pep_0163,gene_033,drug,24h,4,101.69251439396807
pep_0163,gene_033,drug,24h,5,100.61024616666472
pep_0163,gene_033,drug,24h,6,85.02002288608232
pep_0163,gene_033,drug,6h,1,130.443973822657
pep_0163,gene_033,drug,6h,2,104.40885511709804
pep_0163,gene_033,drug,6h,3,89.88147441090513
pep_0163,gene_033,drug,6h,4,71.63485517230771
pep_0163,gene_033,drug,6h,5,81.97627276838615
pep_0163,gene_033,drug,6h,6,115.2291736841164
pep_0164,gene_033,ctrl,0h,1,113.34872657857413
pep_0164,gene_033,ctrl,0h,2,43.69976855720878
pep_0164,gene_033,ctrl,0h,3,85.11378735518387
pep_0164,gene_033,ctrl,0h,4,100.1931862226226
pep_0164,gene_033,ctrl,0h,5,64.08408815914615
pep_0164,gene_033,ctrl,0h,6,56.203065398813955
pep_0164,gene_033,ctrl,24h,1,95.38735618529502
pep_0164,gene_033,ctrl,24h,2,103.73330808979192
pep_0164,gene_033,ctrl,24h,3,48.802411681741305
pep_0164,gene_033,ctrl,24h,4,55.96541890791435
pep_0164,gene_033,ctrl,24h,5,31.55390536354041
pep_0164,gene_033,ctrl,24h,6,26.988578150317483
pep_0164,gene_033,ctrl,6h,1,28.968158271484665
pep_0164,gene_033,ctrl,6h,2,60.676012953169746
pep_0164,gene_033,ctrl,6h,3,112.25556222757864
pep_0164,gene_033,ctrl,6h,4,77.2971816245502
pep_0164,gene_033,ctrl,6h,5,39.44342130143595
pep_0164,gene_033,ctrl,6h,6,89.60312671940774
pep_0164,gene_033,drug,0h,1,62.2056173215912
pep_0164,gene_033,drug,0h,2,49.23907298713715
pep_0164,gene_033,drug,0h,3,62.262666993556294
pep_0164,gene_033,drug,0h,4,121.18379974706068
pep_0164,gene_033,drug,0h,5,91.23995642402825
pep_0164,gene_033,drug,0h,6,36.016715136312804
pep_0164,gene_033,drug,24h,1,105.76648599145632
pep_0164,gene_033,drug,24h,2,167.21182658318907
pep_0164,gene_033,drug,24h,3,67.52938434370603
pep_0164,gene_033,drug,24h,4,63.03001945977367
pep_0164,gene_033,drug,24h,5,105.05372391313189
pep_0164,gene_033,drug,24h,6,159.81096839780457
pep_0164,gene_033,drug,6h,1,93.67131747479986
pep_0164,gene_033,drug,6h,2,34.97081764805419
pep_0164,gene_033,drug,6h,3,44.48905657495789
pep_0164,gene_033,drug,6h,4,59.373153519985166
pep_0164,gene_033,drug,6h,5,72.45172651032193
pep_0164,gene_033,drug,6h,6,107.38849342320175
pep_0165,gene_033,ctrl,0h,1,62.15894997147941
pep_0165,gene_033,ctrl,0h,2,39.103669498759714
pep_0165,gene_033,ctrl,0h,3,127.90235977947626
pep_0165,gene_033,ctrl,0h,4,53.1898947523532
pep_0165,gene_033,ctrl,0h,5,95.55282064818257
pep_0165,gene_033,ctrl,0h,6,22.870373084975032
pep_0165,gene_033,ctrl,24h,1,84.74547364161226
pep_0165,gene_033,ctrl,24h,2,65.78584137064989
pep_0165,gene_033,ctrl,24h,3,15.225365010685996
pep_0165,gene_033,ctrl,24h,4,34.1807841038728
pep_0165,gene_033,ctrl,24h,5,101.59582698963588
pep_0165,gene_033,ctrl,24h,6,150.62738429137136
pep_0165,gene_033,ctrl,6h,1,139.7733892912404
pep_0165,gene_033,ctrl,6h,2,53.36717374827537
pep_0165,gene_033,ctrl,6h,3,83.45409884985332
pep_0165,gene_033,ctrl,6h,4,72.41130834328837
pep_0165,gene_033,ctrl,6h,5,143.79669185741045
pep_0165,gene_033,ctrl,6h,6,93.24752650374472
pep_0165,gene_033,drug,0h,1,52.49178862241949
pep_0165,gene_033,drug,0h,2,85.1143202001971
pep_0165,gene_033,drug,0h,3,101.23334085822543
pep_0165,gene_033,drug,0h,4,75.55557021527638
pep_0165,gene_033,drug,0h,5,34.54245386630441
pep_0165,gene_033,drug,0h,6,65.9220142062194
pep_0165,gene_033,drug,24h,1,51.31335654895121
pep_0165,gene_033,drug,24h,2,62.3311164923412
pep_0165,gene_033,drug,24h,3,99.0162680349067
pep_0165,gene_033,drug,24h,4,83.25560184632113
pep_0165,gene_033,drug,24h,5,89.25261938594149
pep_0165,gene_033,drug,24h,6,76.09722815156448
pep_0165,gene_033,drug,6h,1,41.20552753640518
pep_0165,gene_033,drug,6h,2,51.05719374476309
pep_0165,gene_033,drug,6h,3,43.5960506432112
pep_0165,gene_033,drug,6h,4,45.83416339006802
pep_0165,gene_033,drug,6h,5,105.1042465325305
pep_0165,gene_033,drug,6h,6,36.73116104552261
pep_0166,gene_034,ctrl,0h,1,80.40837597276663
pep_0166,gene_034,ctrl,0h,2,75.70432009698914
pep_0166,gene_034,ctrl,0h,3,34.40812752716148
pep_0166,gene_034,ctrl,0h,4,112.76339783960421
pep_0166,gene_034,ctrl,0h,5,66.67455565837375
pep_0166,gene_034,ctrl,0h,6,58.95702079967478
pep_0166,gene_034,ctrl,24h,1,43.27452420420777
pep_0166,gene_034,ctrl,24h,2,84.01724120115321
pep_0166,gene_034,ctrl,24h,3,28.462129295159176
pep_0166,gene_034,ctrl,24h,4,69.38863192937039
pep_0166,gene_034,ctrl,24h,5,57.500940113194766
pep_0166,gene_034,ctrl,24h,6,155.22681360880276
pep_0166,gene_034,ctrl,6h,1,103.78609227808705
pep_0166,gene_034,ctrl,6h,2,103.17464705485642
pep_0166,gene_034,ctrl,6h,3,53.135188926990054
pep_0166,gene_034,ctrl,6h,4,111.51466604942028
pep_0166,gene_034,ctrl,6h,5,49.9469861308937
pep_0166,gene_034,ctrl,6h,6,55.627401970012365
pep_0166,gene_034,drug,0h,1,113.69396520835946
pep_0166,gene_034,drug,0h,2,70.00445906417686
pep_0166,gene_034,drug,0h,3,64.3610680050534
pep_0166,gene_034,drug,0h,4,133.2371649040812
pep_0166,gene_034,drug,0h,5,51.486464859993916
pep_0166,gene_034,drug,0h,6,129.72848559377672
pep_0166,gene_034,drug,24h,1,55.15532717629515
pep_0166,gene_034,drug,24h,2,60.489736759299085
pep_0166,gene_034,drug,24h,3,103.92470298112639
pep_0166,gene_034,drug,24h,4,81.3933739546329
pep_0166,gene_034,drug,24h,5,124.81832060060123
pep_0166,gene_034,drug,24h,6,125.2412321640619
pep_0166,gene_034,drug,6h,1,133.391816691542
pep_0166,gene_034,drug,6h,2,71.56279726244921
pep_0166,gene_034,drug,6h,3,122.64811666121292
pep_0166,gene_034,drug,6h,4,31.41486998151144
pep_0166,gene_034,drug,6h,5,64.63615492937126
pep_0166,gene_034,drug,6h,6,54.95003988739836
pep_0167,gene_034,ctrl,0h,1,120.06794810350382
pep_0167,gene_034,ctrl,0h,2,51.686021937343675
pep_0167,gene_034,ctrl,0h,3,172.46146060702782
pep_0167,gene_034,ctrl,0h,4,123.85536612446276
pep_0167,gene_034,ctrl,0h,5,75.53071696549395
pep_0167,gene_034,ctrl,0h,6,55.42780206539983
pep_0167,gene_034,ctrl,24h,1,50.51978087990481
pep_0167,gene_034,ctrl,24h,2,110.29956331435376
pep_0167,gene_034,ctrl,24h,3,52.960541826932875
pep_0167,gene_034,ctrl,24h,4,72.73875728310828
pep_0167,gene_034,ctrl,24h,5,86.9489661244013
pep_0167,gene_034,ctrl,24h,6,45.43826253144811
pep_0167,gene_034,ctrl,6h,1,54.479580312252445
pep_0167,gene_034,ctrl,6h,2,86.82213615738361
pep_0167,gene_034,ctrl,6h,3,59.454314558150216
pep_0167,gene_034,ctrl,6h,4,105.47333795828943
pep_0167,gene_034,ctrl,6h,5,20.20265505796624
pep_0167,gene_034,ctrl,6h,6,144.76227128406848
pep_0167,gene_034,drug,0h,1,28.375361447304794
pep_0167,gene_034,drug,0h,2,20.002549246524904
pep_0167,gene_034,drug,0h,3,65.60952647931242
pep_0167,gene_034,drug,0h,4,44.724200599228
pep_0167,gene_034,drug,0h,5,61.79020303347311
pep_0167,gene_034,drug,0h,6,68.261214339957
pep_0167,gene_034,drug,24h,1,42.51516847268188
pep_0167,gene_034,drug,24h,2,51.142109558861854
pep_0167,gene_034,drug,24h,3,46.248322065418954
pep_0167,gene_034,drug,24h,4,47.88454011608808
pep_0167,gene_034,drug,24h,5,47.422090365961
pep_0167,gene_034,drug,24h,6,81.67965671941447
pep_0167,gene_034,drug,6h,1,40.60272415598349
pep_0167,gene_034,drug,6h,2,120.24613165643979
pep_0167,gene_034,drug,6h,3,48.38724809497808
pep_0167,gene_034,drug,6h,4,37.74828615180139
pep_0167,gene_034,drug,6h,5,52.0243935745764
pep_0167,gene_034,drug,6h,6,74.76525394912096
pep_0168,gene_034,ctrl,0h,1,34.15383270911307
pep_0168,gene_034,ctrl,0h,2,44.43995494191293
pep_0168,gene_034,ctrl,0h,3,49.532401433859015
pep_0168,gene_034,ctrl,0h,4,42.3932120364112
pep_0168,gene_034,ctrl,0h,5,77.3267473363743
pep_0168,gene_034,ctrl,0h,6,73.25178681051659
pep_0168,gene_034,ctrl,24h,1,50.20620708284097
pep_0168,gene_034,ctrl,24h,2,58.30982285639612
pep_0168,gene_034,ctrl,24h,3,42.61140355960736
pep_0168,gene_034,ctrl,24h,4,63.90212842805583
pep_0168,gene_034,ctrl,24h,5,56.71349259743954
pep_0168,gene_034,ctrl,24h,6,59.39945170788505
pep_0168,gene_034,ctrl,6h,1,86.01987017050271
pep_0168,gene_034,ctrl,6h,2,67.15544509044653
pep_0168,gene_034,ctrl,6h,3,33.887781453923246
pep_0168,gene_034,ctrl,6h,4,68.37460901000897
pep_0168,gene_034,ctrl,6h,5,37.40532017035023
pep_0168,gene_034,ctrl,6h,6,46.013900088629605
pep_0168,gene_034,drug,0h,1,55.13102017871005
pep_0168,gene_034,drug,0h,2,20.653707772008126
pep_0168,gene_034,drug,0h,3,71.55674649698642
pep_0168,gene_034,drug,0h,4,67.26399677517645
pep_0168,gene_034,drug,0h,5,80.95672505679806
pep_0168,gene_034,drug,0h,6,55.31461834272072
pep_0168,gene_034,drug,24h,1,46.172343698268136
pep_0168,gene_034,drug,24h,2,52.49697909191116
pep_0168,gene_034,drug,24h,3,28.4712820941003
pep_0168,gene_034,drug,24h,4,69.14596018834189
pep_0168,gene_034,drug,24h,5,26.970552424491615
pep_0168,gene_034,drug,24h,6,62.418362315725595
pep_0168,gene_034,drug,6h,1,27.722568173735556
pep_0168,gene_034,drug,6h,2,49.47240603122099
pep_0168,gene_034,drug,6h,3,61.491827940153875
pep_0168,gene_034,drug,6h,4,31.787430852744077
pep_0168,gene_034,drug,6h,5,24.76234377748396
pep_0168,gene_034,drug,6h,6,29.316694196026138
pep_0169,gene_034,ctrl,0h,1,132.7128599903724
pep_0169,gene_034,ctrl,0h,2,55.69979502241846
pep_0169,gene_034,ctrl,0h,3,124.59226842711763
pep_0169,gene_034,ctrl,0h,4,157.3414846367593
pep_0169,gene_034,ctrl,0h,5,58.382372214618236
pep_0169,gene_034,ctrl,0h,6,145.67407313111576
pep_0169,gene_034,ctrl,24h,1,74.69564170216083
pep_0169,gene_034,ctrl,24h,2,120.08667431073319
pep_0169,gene_034,ctrl,24h,3,115.5470271950458
pep_0169,gene_034,ctrl,24h,4,40.081824790037174
pep_0169,gene_034,ctrl,24h,5,125.33430847018607
pep_0169,gene_034,ctrl,24h,6,114.30256974944992
pep_0169,gene_034,ctrl,6h,1,176.37696786863384
pep_0169,gene_034,ctrl,6h,2,77.36586749073854
pep_0169,gene_034,ctrl,6h,3,84.41074160748738
pep_0169,gene_034,ctrl,6h,4,161.15658744473683
pep_0169,gene_034,ctrl,6h,5,62.65007680489342
pep_0169,gene_034,ctrl,6h,6,107.0499883573019
pep_0169,gene_034,drug,0h,1,89.50994609346283
pep_0169,gene_034,drug,0h,2,109.31833672553108
pep_0169,gene_034,drug,0h,3,96.80646958906677
pep_0169,gene_034,drug,0h,4,88.67081738144626
pep_0169,gene_034,drug,0h,5,139.81542872564003
pep_0169,gene_034,drug,0h,6,149.31884262814782
pep_0169,gene_034,drug,24h,1,197.89431118806695
pep_0169,gene_034,drug,24h,2,95.96310523795485
pep_0169,gene_034,drug,24h,3,122.09966370760607
pep_0169,gene_034,drug,24h,4,150.31435600820154
pep_0169,gene_034,drug,24h,5,121.24999101240223
pep_0169,gene_034,drug,24h,6,128.74449314839623
pep_0169,gene_034,drug,6h,1,134.98879959366243
pep_0169,gene_034,drug,6h,2,106.49214328173915
pep_0169,gene_034,drug,6h,3,181.4126605645428
pep_0169,gene_034,drug,6h,4,59.8485637964805
pep_0169,gene_034,drug,6h,5,81.0077377033014
pep_0169,gene_034,drug,6h,6,111.13068074678672
pep_0170,gene_034,ctrl,0h,1,27.810794328087056
pep_0170,gene_034,ctrl,0h,2,44.98109098107773
pep_0170,gene_034,ctrl,0h,3,52.67874798230616
pep_0170,gene_034,ctrl,0h,4,31.55539486902617
pep_0170,gene_034,ctrl,0h,5,25.612315643733137
pep_0170,gene_034,ctrl,0h,6,56.85077456922572
pep_0170,gene_034,ctrl,24h,1,30.753371526842944
pep_0170,gene_034,ctrl,24h,2,16.082587938964366
pep_0170,gene_034,ctrl,24h,3,36.80289353926815
pep_0170,gene_034,ctrl,24h,4,55.10456975571917
pep_0170,gene_034,ctrl,24h,5,74.77126960462445
pep_0170,gene_034,ctrl,24h,6,9.80021162660951
pep_0170,gene_034,ctrl,6h,1,101.53233452941214
pep_0170,gene_034,ctrl,6h,2,30.837782594668383
pep_0170,gene_034,ctrl,6h,3,38.77065628745297
pep_0170,gene_034,ctrl,6h,4,33.90479353679384
pep_0170,gene_034,ctrl,6h,5,33.47355574708935
pep_0170,gene_034,ctrl,6h,6,45.637634384451594
pep_0170,gene_034,drug,0h,1,12.102825668838848
pep_0170,gene_034,drug,0h,2,36.99017485326241
pep_0170,gene_034,drug,0h,3,27.303896029336986
pep_0170,gene_034,drug,0h,4,14.342432490488132
pep_0170,gene_034,drug,0h,5,19.001820813616
pep_0170,gene_034,drug,0h,6,48.637744356322834
pep_0170,gene_034,drug,24h,1,51.54106628307097
pep_0170,gene_034,drug,24h,2,124.47360609344142
pep_0170,gene_034,drug,24h,3,33.5369718602109
pep_0170,gene_034,drug,24h,4,43.16277960841425
pep_0170,gene_034,drug,24h,5,45.57276728019221
pep_0170,gene_034,drug,24h,6,54.25534390343596
pep_0170,gene_034,drug,6h,1,43.58482299549507
pep_0170,gene_034,drug,6h,2,29.121461571674484
pep_0170,gene_034,drug,6h,3,42.32233915900456
pep_0170,gene_034,drug,6h,4,32.892760304704666
pep_0170,gene_034,drug,6h,5,81.31963752153165
pep_0170,gene_034,drug,6h,6,35.03991039823834
pep_0171,gene_035,ctrl,0h,1,109.44053017568775
pep_0171,gene_035,ctrl,0h,2,49.6757527018025
pep_0171,gene_035,ctrl,0h,3,138.44420401148042
pep_0171,gene_035,ctrl,0h,4,90.24266686947847
pep_0171,gene_035,ctrl,0h,5,83.62250416209946
pep_0171,gene_035,ctrl,0h,6,74.95175658352414
pep_0171,gene_035,ctrl,24h,1,94.54058215086347
pep_0171,gene_035,ctrl,24h,2,36.68137960589664
pep_0171,gene_035,ctrl,24h,3,59.978016637540655
pep_0171,gene_035,ctrl,24h,4,80.86576805393466
pep_0171,gene_035,ctrl,24h,5,132.00446301594033
pep_0171,gene_035,ctrl,24h,6,70.76821033188605
pep_0171,gene_035,ctrl,6h,1,159.7545204174034
pep_0171,gene_035,ctrl,6h,2,99.41208134097951
pep_0171,gene_035,ctrl,6h,3,177.0848741489037
pep_0171,gene_035,ctrl,6h,4,151.4205736748048
pep_0171,gene_035,ctrl,6h,5,95.77728359359777
pep_0171,gene_035,ctrl,6h,6,129.0818758665024
pep_0171,gene_035,drug,0h,1,85.2200275169946
pep_0171,gene_035,drug,0h,2,70.51239895996711
pep_0171,gene_035,drug,0h,3,215.47248355322682
pep_0171,gene_035,drug,0h,4,99.57548289052012
pep_0171,gene_035,drug,0h,5,101.65521483231757
pep_0171,gene_035,drug,0h,6,104.94526722361486
pep_0171,gene_035,drug,24h,1,143.94726310858354
pep_0171,gene_035,drug,24h,2,78.47561419699608
pep_0171,gene_035,drug,24h,3,77.88208820319956
pep_0171,gene_035,drug,24h,4,72.23528562367434
pep_0171,gene_035,drug,24h,5,112.71497389867957
pep_0171,gene_035,drug,24h,6,76.2022955497236
pep_0171,gene_035,drug,6h,1,127.41208897146339
pep_0171,gene_035,drug,6h,2,153.07023289892868
pep_0171,gene_035,drug,6h,3,130.09436235566946
pep_0171,gene_035,drug,6h,4,43.309245336197854
pep_0171,gene_035,drug,6h,5,62.504729340261356
pep_0171,gene_035,drug,6h,6,84.8803765747775
pep_0172,gene_035,ctrl,0h,1,76.94772423194848
pep_0172,gene_035,ctrl,0h,2,128.39138391334998
pep_0172,gene_035,ctrl,0h,3,89.67322609199516
pep_0172,gene_035,ctrl,0h,4,66.2620648304957
pep_0172,gene_035,ctrl,0h,5,94.42095287578083
pep_0172,gene_035,ctrl,0h,6,87.93690706199295
pep_0172,gene_035,ctrl,24h,1,93.18333387453713
pep_0172,gene_035,ctrl,24h,2,68.98791998881745
pep_0172,gene_035,ctrl,24h,3,78.62428233272448
pep_0172,gene_035,ctrl,24h,4,45.960965987398
pep_0172,gene_035,ctrl,24h,5,52.85945249610725
pep_0172,gene_035,ctrl,24h,6,104.8005425299883
pep_0172,gene_035,ctrl,6h,1,55.70412459392733
pep_0172,gene_035,ctrl,6h,2,41.53130304041743
pep_0172,gene_035,ctrl,6h,3,29.21385534614479
pep_0172,gene_035,ctrl,6h,4,79.34436915454903
pep_0172,gene_035,ctrl,6h,5,123.85758895393936
pep_0172,gene_035,ctrl,6h,6,105.25370631803965
pep_0172,gene_035,drug,0h,1,75.65429134957391
pep_0172,gene_035,drug,0h,2,166.3629212471241
pep_0172,gene_035,drug,0h,3,38.38198130681563
pep_0172,gene_035,drug,0h,4,76.26033504458046
pep_0172,gene_035,drug,0h,5,99.68678411185846
pep_0172,gene_035,drug,0h,6,98.05723219674931
pep_0172,gene_035,drug,24h,1,98.17676590051434
pep_0172,gene_035,drug,24h,2,60.933966193016865
pep_0172,gene_035,drug,24h,3,92.13939138549345
pep_0172,gene_035,drug,24h,4,95.37171315740173
pep_0172,gene_035,drug,24h,5,48.107523097764776
pep_0172,gene_035,drug,24h,6,81.88731488678339
pep_0172,gene_035,drug,6h,1,80.27453593605284
pep_0172,gene_035,drug,6h,2,86.56140855880234
pep_0172,gene_035,drug,6h,3,103.56135746391834
pep_0172,gene_035,drug,6h,4,105.78200352631238
pep_0172,gene_035,drug,6h,5,77.72366419240761
pep_0172,gene_035,drug,6h,6,131.31759051718936
pep_0173,gene_035,ctrl,0h,1,49.71893782228717
pep_0173,gene_035,ctrl,0h,2,78.38452604229074
pep_0173,gene_035,ctrl,0h,3,60.18410714345403
pep_0173,gene_035,ctrl,0h,4,162.90336258644183
pep_0173,gene_035,ctrl,0h,5,83.40165955569877
pep_0173,gene_035,ctrl,0h,6,59.73587848416043
pep_0173,gene_035,ctrl,24h,1,89.86336334293988
pep_0173,gene_035,ctrl,24h,2,62.318175341132296
pep_0173,gene_035,ctrl,24h,3,69.51410294282974
pep_0173,gene_035,ctrl,24h,4,149.6056958197454
pep_0173,gene_035,ctrl,24h,5,134.0359968210402
pep_0173,gene_035,ctrl,24h,6,95.95381825079485
pep_0173,gene_035,ctrl,6h,1,127.0540774086427
pep_0173,gene_035,ctrl,6h,2,38.49363159106518
pep_0173,gene_035,ctrl,6h,3,53.273011936402625
pep_0173,gene_035,ctrl,6h,4,123.37354988028392
pep_0173,gene_035,ctrl,6h,5,49.88535409994515
pep_0173,gene_035,ctrl,6h,6,83.95243809508946
pep_0173,gene_035,drug,0h,1,64.08798959660886
pep_0173,gene_035,drug,0h,2,60.98750518625268
pep_0173,gene_035,drug,0h,3,77.58887270658829
pep_0173,gene_035,drug,0h,4,85.9467233371942
pep_0173,gene_035,drug,0h,5,67.35470637591266
pep_0173,gene_035,drug,0h,6,123.91485999486049
pep_0173,gene_035,drug,24h,1,36.99420221976724
pep_0173,gene_035,drug,24h,2,173.30664189562182
pep_0173,gene_035,drug,24h,3,33.408262050006684
pep_0173,gene_035,drug,24h,4,49.1273665757039
pep_0173,gene_035,drug,24h,5,86.93481791946446
pep_0173,gene_035,drug,24h,6,41.366990897194306
pep_0173,gene_035,drug,6h,1,73.2528383021713
pep_0173,gene_035,drug,6h,2,113.57716480077829
pep_0173,gene_035,drug,6h,3,72.2604174818002
pep_0173,gene_035,drug,6h,4,82.08565788747936
pep_0173,gene_035,drug,6h,5,24.579764973918213
pep_0173,gene_035,drug,6h,6,124.48989698749881
pep_0174,gene_035,ctrl,0h,1,69.74026020887547
pep_0174,gene_035,ctrl,0h,2,133.5390828900511
pep_0174,gene_035,ctrl,0h,3,93.40835029404586
pep_0174,gene_035,ctrl,0h,4,87.75183752129111
pep_0174,gene_035,ctrl,0h,5,109.57465064667996
pep_0174,gene_035,ctrl,0h,6,116.34343602013875
pep_0174,gene_035,ctrl,24h,1,92.0938928041574
pep_0174,gene_035,ctrl,24h,2,130.57301691789527
pep_0174,gene_035,ctrl,24h,3,93.04261918997362
pep_0174,gene_035,ctrl,24h,4,56.011292838065444
pep_0174,gene_035,ctrl,24h,5,91.44567362457484
pep_0174,gene_035,ctrl,24h,6,110.38257787949725
pep_0174,gene_035,ctrl,6h,1,55.9550131743384
pep_0174,gene_035,ctrl,6h,2,119.75079464767455
pep_0174,gene_035,ctrl,6h,3,109.79416899682411
pep_0174,gene_035,ctrl,6h,4,173.45939558409594
pep_0174,gene_035,ctrl,6h,5,127.0808948378215
pep_0174,gene_035,ctrl,6h,6,138.05244850298735
pep_0174,gene_035,drug,0h,1,72.8102033587243
pep_0174,gene_035,drug,0h,2,128.20847937989927
pep_0174,gene_035,drug,0h,3,137.37811285825435
pep_0174,gene_035,drug,0h,4,67.25551668664207
pep_0174,gene_035,drug,0h,5,192.84302830442908
pep_0174,gene_035,drug,0h,6,108.04204408402796
pep_0174,gene_035,drug,24h,1,48.79736579203767
pep_0174,gene_035,drug,24h,2,69.77960926823933
pep_0174,gene_035,drug,24h,3,97.8493337614766
pep_0174,gene_035,drug,24h,4,37.71081314516101
pep_0174,gene_035,drug,24h,5,103.5719638097223
pep_0174,gene_035,drug,24h,6,115.50199760625598
pep_0174,gene_035,drug,6h,1,141.40512899032785
pep_0174,gene_035,drug,6h,2,83.71291799329177
pep_0174,gene_035,drug,6h,3,102.4413546627321
pep_0174,gene_035,drug,6h,4,66.61564905718107
pep_0174,gene_035,drug,6h,5,148.26673437293104
pep_0174,gene_035,drug,6h,6,80.12985872687773
pep_0175,gene_035,ctrl,0h,1,61.08421556699394
pep_0175,gene_035,ctrl,0h,2,111.19968627509577
pep_0175,gene_035,ctrl,0h,3,91.75636309650399
pep_0175,gene_035,ctrl,0h,4,75.57976369053853
pep_0175,gene_035,ctrl,0h,5,64.57661661284969
pep_0175,gene_035,ctrl,0h,6,86.67140484385072
pep_0175,gene_035,ctrl,24h,1,78.9204257178552
pep_0175,gene_035,ctrl,24h,2,117.46684997735306
pep_0175,gene_035,ctrl,24h,3,80.72651770537786
pep_0175,gene_035,ctrl,24h,4,87.65817160462757
pep_0175,gene_035,ctrl,24h,5,150.16057987390465
pep_0175,gene_035,ctrl,24h,6,107.50848372492257
pep_0175,gene_035,ctrl,6h,1,126.03030845629092
pep_0175,gene_035,ctrl,6h,2,137.20567705210058
pep_0175,gene_035,ctrl,6h,3,71.22770468945615
pep_0175,gene_035,ctrl,6h,4,122.89866776045059
pep_0175,gene_035,ctrl,6h,5,150.3956828803672
pep_0175,gene_035,ctrl,6h,6,116.07218005019297
pep_0175,gene_035,drug,0h,1,88.17499400860034
pep_0175,gene_035,drug,0h,2,55.907139067289535
pep_0175,gene_035,drug,0h,3,204.77626163873066
pep_0175,gene_035,drug,0h,4,105.68552802016482
pep_0175,gene_035,drug,0h,5,59.19983246664824
pep_0175,gene_035,drug,0h,6,131.37381628322132
pep_0175,gene_035,drug,24h,1,120.51443018975239
pep_0175,gene_035,drug,24h,2,122.53514257069816
pep_0175,gene_035,drug,24h,3,122.73465282732977
pep_0175,gene_035,drug,24h,4,50.22700392720136
pep_0175,gene_035,drug,24h,5,45.943572965059715
pep_0175,gene_035,drug,24h,6,58.818880668310754
pep_0175,gene_035,drug,6h,1,96.42322979630164
pep_0175,gene_035,drug,6h,2,72.43627082501284
pep_0175,gene_035,drug,6h,3,97.01363281179789
pep_0175,gene_035,drug,6h,4,148.32449771672796
pep_0175,gene_035,drug,6h,5,83.58407548767438
pep_0175,gene_035,drug,6h,6,134.00728512692936
pep_0176,gene_036,ctrl,0h,1,76.5461535959058
pep_0176,gene_036,ctrl,0h,2,64.33722509665267
pep_0176,gene_036,ctrl,0h,3,50.17997949376316
pep_0176,gene_036,ctrl,0h,4,70.82684789536555
pep_0176,gene_036,ctrl,0h,5,70.10997757459552
pep_0176,gene_036,ctrl,0h,6,92.93364565902463
pep_0176,gene_036,ctrl,24h,1,123.22521265067518
pep_0176,gene_036,ctrl,24h,2,72.67487746689072
pep_0176,gene_036,ctrl,24h,3,73.49612040920312
pep_0176,gene_036,ctrl,24h,4,109.96652866876171
pep_0176,gene_036,ctrl,24h,5,58.82393603573514
pep_0176,gene_036,ctrl,24h,6,149.13304916736323
pep_0176,gene_036,ctrl,6h,1,38.92425007455178
pep_0176,gene_036,ctrl,6h,2,80.28456937701412
pep_0176,gene_036,ctrl,6h,3,70.15618545526897
pep_0176,gene_036,ctrl,6h,4,42.44626056733853
pep_0176,gene_036,ctrl,6h,5,43.41322193586892
pep_0176,gene_036,ctrl,6h,6,54.2495964049308
pep_0176,gene_036,drug,0h,1,63.52904322210814
pep_0176,gene_036,drug,0h,2,79.27464173637082
pep_0176,gene_036,drug,0h,3,104.22862701181516
pep_0176,gene_036,drug,0h,4,53.9015588168498
pep_0176,gene_036,drug,0h,5,53.46440676415977
pep_0176,gene_036,drug,0h,6,56.33228072684058
pep_0176,gene_036,drug,24h,1,67.76506756029555
pep_0176,gene_036,drug,24h,2,69.78509904686659
pep_0176,gene_036,drug,24h,3,59.13158068766883
pep_0176,gene_036,drug,24h,4,58.16010010815351
pep_0176,gene_036,drug,24h,5,140.28411160440493
pep_0176,gene_036,drug,24h,6,53.733567548469665
pep_0176,gene_036,drug,6h,1,52.64825131487476
pep_0176,gene_036,drug,6h,2,76.17505539108593
pep_0176,gene_036,drug,6h,3,44.29443214666157
pep_0176,gene_036,drug,6h,4,73.56472578131863
pep_0176,gene_036,drug,6h,5,40.9812443415281
pep_0176,gene_036,drug,6h,6,93.44300089247898
pep_0177,gene_036,ctrl,0h,1,75.1054102719672
pep_0177,gene_036,ctrl,0h,2,73.44557516388346
pep_0177,gene_036,ctrl,0h,3,138.28600805542243
pep_0177,gene_036,ctrl,0h,4,85.06766138999976
pep_0177,gene_036,ctrl,0h,5,119.89946575901583
pep_0177,gene_036,ctrl,0h,6,88.03378047125976
pep_0177,gene_036,ctrl,24h,1,75.32531497202902
pep_0177,gene_036,ctrl,24h,2,75.21716418021188
pep_0177,gene_036,ctrl,24h,3,99.85558342224108
pep_0177,gene_036,ctrl,24h,4,76.04730726512736
pep_0177,gene_036,ctrl,24h,5,145.94522976906066
pep_0177,gene_036,ctrl,24h,6,97.64655724742329
pep_0177,gene_036,ctrl,6h,1,68.46970812487618
pep_0177,gene_036,ctrl,6h,2,73.61250619163674
pep_0177,gene_036,ctrl,6h,3,83.00644521418684
pep_0177,gene_036,ctrl,6h,4,114.06568999000213
pep_0177,gene_036,ctrl,6h,5,159.68752043769652
pep_0177,gene_036,ctrl,6h,6,81.61025013363037
pep_0177,gene_036,drug,0h,1,86.41881419447934
pep_0177,gene_036,drug,0h,2,109.23005760609949
pep_0177,gene_036,drug,0h,3,46.98608594198253
pep_0177,gene_036,drug,0h,4,99.48350284435695
pep_0177,gene_036,drug,0h,5,100.9626340934194
pep_0177,gene_036,drug,0h,6,69.82293413986305
pep_0177,gene_036,drug,24h,1,73.73009281581491
pep_0177,gene_036,drug,24h,2,121.04545596933264
pep_0177,gene_036,drug,24h,3,59.90243439893273
pep_0177,gene_036,drug,24h,4,100.56703876906958
pep_0177,gene_036,drug,24h,5,42.9744107606711
pep_0177,gene_036,drug,24h,6,105.55097146878273
pep_0177,gene_036,drug,6h,1,40.3165954994206
pep_0177,gene_036,drug,6h,2,132.01691749178687
pep_0177,gene_036,drug,6h,3,73.1211738410132
pep_0177,gene_036,drug,6h,4,90.23184610002777
pep_0177,gene_036,drug,6h,5,103.24837476781421
pep_0177,gene_036,drug,6h,6,64.99733794635469
pep_0178,gene_036,ctrl,0h,1,82.21483378866846
pep_0178,gene_036,ctrl,0h,2,48.58403048217973
pep_0178,gene_036,ctrl,0h,3,55.74824487334469
pep_0178,gene_036,ctrl,0h,4,72.91351862956392
pep_0178,gene_036,ctrl,0h,5,46.53714986089006
pep_0178,gene_036,ctrl,0h,6,68.16392507094062
pep_0178,gene_036,ctrl,24h,1,104.5475540152656
pep_0178,gene_036,ctrl,24h,2,57.91941444947507
pep_0178,gene_036,ctrl,24h,3,52.048173062779526
pep_0178,gene_036,ctrl,24h,4,93.50514554627293
pep_0178,gene_036,ctrl,24h,5,71.97838332431941
pep_0178,gene_036,ctrl,24h,6,84.96025471159092
pep_0178,gene_036,ctrl,6h,1,135.78094573758747
pep_0178,gene_036,ctrl,6h,2,57.94316172259833
pep_0178,gene_036,ctrl,6h,3,86.61414351172569
pep_0178,gene_036,ctrl,6h,4,47.09157504059807
pep_0178,gene_036,ctrl,6h,5,75.18238408885715
pep_0178,gene_036,ctrl,6h,6,85.18738417928719
pep_0178,gene_036,drug,0h,1,67.35176731262156
pep_0178,gene_036,drug,0h,2,85.21870245331321
pep_0178,gene_036,drug,0h,3,86.81288893917981
pep_0178,gene_036,drug,0h,4,58.833722434272815
pep_0178,gene_036,drug,0h,5,62.135309376313955
pep_0178,gene_036,drug,0h,6,110.95603798773548
pep_0178,gene_036,drug,24h,1,95.98920631781462
pep_0178,gene_036,drug,24h,2,68.9960887331194
pep_0178,gene_036,drug,24h,3,63.50015373430975
pep_0178,gene_036,drug,24h,4,62.15798877495904
pep_0178,gene_036,drug,24h,5,77.7554310712868
pep_0178,gene_036,drug,24h,6,88.27056892484308
pep_0178,gene_036,drug,6h,1,72.42854318659595
pep_0178,gene_036,drug,6h,2,45.8874411421874
pep_0178,gene_036,drug,6h,3,64.04269832930835
pep_0178,gene_036,drug,6h,4,71.87407422752601
pep_0178,gene_036,drug,6h,5,76.02941023413749
pep_0178,gene_036,drug,6h,6,89.151364154386
pep_0179,gene_036,ctrl,0h,1,65.00998474223931
pep_0179,gene_036,ctrl,0h,2,73.98873345455183
pep_0179,gene_036,ctrl,0h,3,61.96591071935687
pep_0179,gene_036,ctrl,0h,4,62.361834101130526
pep_0179,gene_036,ctrl,0h,5,98.56389624991651
pep_0179,gene_036,ctrl,0h,6,63.33371345075683
pep_0179,gene_036,ctrl,24h,1,60.70719235357923
pep_0179,gene_036,ctrl,24h,2,106.61418704194605
pep_0179,gene_036,ctrl,24h,3,107.91688340351658
pep_0179,gene_036,ctrl,24h,4,82.10115461477845
pep_0179,gene_036,ctrl,24h,5,125.73997716673773
pep_0179,gene_036,ctrl,24h,6,81.66098056276003
pep_0179,gene_036,ctrl,6h,1,80.74883113103432
pep_0179,gene_036,ctrl,6h,2,72.3646571940324
pep_0179,gene_036,ctrl,6h,3,117.63456294600583
pep_0179,gene_036,ctrl,6h,4,93.35501651738053
pep_0179,gene_036,ctrl,6h,5,118.25675297859327
pep_0179,gene_036,ctrl,6h,6,54.42853612833137
pep_0179,gene_036,drug,0h,1,119.83823766169837
pep_0179,gene_036,drug,0h,2,105.27048813527017
pep_0179,gene_036,drug,0h,3,191.5274587108522
pep_0179,gene_036,drug,0h,4,76.90580637595535
pep_0179,gene_036,drug,0h,5,83.70848817106992
pep_0179,gene_036,drug,0h,6,81.80171075556694
pep_0179,gene_036,drug,24h,1,67.19158837319391
pep_0179,gene_036,drug,24h,2,146.83451233184346
pep_0179,gene_036,drug,24h,3,90.91795555949747
pep_0179,gene_036,drug,24h,4,158.20182531986262
pep_0179,gene_036,drug,24h,5,106.6038594715356
pep_0179,gene_036,drug,24h,6,112.44172879818622
pep_0179,gene_036,drug,6h,1,114.77851909693867
pep_0179,gene_036,drug,6h,2,71.14398971505017
pep_0179,gene_036,drug,6h,3,83.76985967504095
pep_0179,gene_036,drug,6h,4,44.636467297187664
pep_0179,gene_036,drug,6h,5,100.42560539804751
pep_0179,gene_036,drug,6h,6,80.53991326138916
pep_0180,gene_036,ctrl,0h,1,86.4271315229992
pep_0180,gene_036,ctrl,0h,2,78.01422629413355
pep_0180,gene_036,ctrl,0h,3,46.84737462979361
pep_0180,gene_036,ctrl,0h,4,47.39881902006688
pep_0180,gene_036,ctrl,0h,5,45.73811880827999
pep_0180,gene_036,ctrl,0h,6,46.420842362355835
pep_0180,gene_036,ctrl,24h,1,65.3146767989364
pep_0180,gene_036,ctrl,24h,2,38.984839927907416
pep_0180,gene_036,ctrl,24h,3,45.69650615766136
pep_0180,gene_036,ctrl,24h,4,69.83215097864796
pep_0180,gene_036,ctrl,24h,5,93.57618350133956
pep_0180,gene_036,ctrl,24h,6,75.10334434101605
pep_0180,gene_036,ctrl,6h,1,58.2742601465033
pep_0180,gene_036,ctrl,6h,2,35.40836385759174
pep_0180,gene_036,ctrl,6h,3,79.328585378905
pep_0180,gene_036,ctrl,6h,4,66.22435680034094
pep_0180,gene_036,ctrl,6h,5,58.64773316444798
pep_0180,gene_036,ctrl,6h,6,55.047420589250876
pep_0180,gene_036,drug,0h,1,42.95429130713736
pep_0180,gene_036,drug,0h,2,82.7402356481907
pep_0180,gene_036,drug,0h,3,54.08383682341163
pep_0180,gene_036,drug,0h,4,36.711546510241995
pep_0180,gene_036,drug,0h,5,38.02269116547301
pep_0180,gene_036,drug,0h,6,69.37841651118964
pep_0180,gene_036,drug,24h,1,28.694538151146496
pep_0180,gene_036,drug,24h,2,97.52058197090648
pep_0180,gene_036,drug,24h,3,106.8921798649666
pep_0180,gene_036,drug,24h,4,50.532298903248325
pep_0180,gene_036,drug,24h,5,70.43351252913848
pep_0180,gene_036,drug,24h,6,86.17566392510028
pep_0180,gene_036,drug,6h,1,53.666378484554
pep_0180,gene_036,drug,6h,2,62.8986491356538
pep_0180,gene_036,drug,6h,3,43.91814297652745
pep_0180,gene_036,drug,6h,4,80.17346579995547
pep_0180,gene_036,drug,6h,5,76.52414541921192
pep_0180,gene_036,drug,6h,6,66.18230218394346
pep_0181,gene_037,ctrl,0h,1,41.927789344432504
pep_0181,gene_037,ctrl,0h,2,51.4984142626795
pep_0181,gene_037,ctrl,0h,3,33.88111640681242
pep_0181,gene_037,ctrl,0h,4,47.86215128555358
pep_0181,gene_037,ctrl,0h,5,82.27801927023206
pep_0181,gene_037,ctrl,0h,6,20.034172925284892
pep_0181,gene_037,ctrl,24h,1,89.2875253226437
pep_0181,gene_037,ctrl,24h,2,58.15513252640462
pep_0181,gene_037,ctrl,24h,3,100.02466878531317
pep_0181,gene_037,ctrl,24h,4,23.481007307942246
pep_0181,gene_037,ctrl,24h,5,18.918632309852814
pep_0181,gene_037,ctrl,24h,6,33.02202142494298
pep_0181,gene_037,ctrl,6h,1,46.01177076743823
pep_0181,gene_037,ctrl,6h,2,26.40982995781952
pep_0181,gene_037,ctrl,6h,3,43.59025674606617
pep_0181,gene_037,ctrl,6h,4,37.51209756386287
pep_0181,gene_037,ctrl,6h,5,35.793705546107745
pep_0181,gene_037,ctrl,6h,6,36.537695512095276
pep_0181,gene_037,drug,0h,1,52.165702586617314
pep_0181,gene_037,drug,0h,2,58.00420160670421
pep_0181,gene_037,drug,0h,3,20.560354583972018
pep_0181,gene_037,drug,0h,4,49.91160572512593
pep_0181,gene_037,drug,0h,5,58.792512085116684
pep_0181,gene_037,drug,0h,6,22.585555668463304
pep_0181,gene_037,drug,24h,1,31.928369335398745
pep_0181,gene_037,drug,24h,2,43.14086302894708
pep_0181,gene_037,drug,24h,3,30.345924994231645
pep_0181,gene_037,drug,24h,4,27.05400566644764
pep_0181,gene_037,drug,24h,5,28.358064123345876
pep_0181,gene_037,drug,24h,6,49.9829292782533
pep_0181,gene_037,drug,6h,1,56.54591178029087
pep_0181,gene_037,drug,6h,2,17.359203431066682
pep_0181,gene_037,drug,6h,3,10.149888230390845
pep_0181,gene_037,drug,6h,4,76.67279354419468
pep_0181,gene_037,drug,6h,5,NA
pep_0181,gene_037,drug,6h,6,44.54710752168057
pep_0182,gene_037,ctrl,0h,1,96.29846876491239
pep_0182,gene_037,ctrl,0h,2,145.69263508229938
pep_0182,gene_037,ctrl,0h,3,52.599234834934656
pep_0182,gene_037,ctrl,0h,4,39.74249593606987
pep_0182,gene_037,ctrl,0h,5,94.0741119532315
pep_0182,gene_037,ctrl,0h,6,85.9552211388511
pep_0182,gene_037,ctrl,24h,1,49.558889642297885
pep_0182,gene_037,ctrl,24h,2,137.74397355068763
pep_0182,gene_037,ctrl,24h,3,60.91230351734102
pep_0182,gene_037,ctrl,24h,4,73.01931715043912
pep_0182,gene_037,ctrl,24h,5,146.76232949525954
pep_0182,gene_037,ctrl,24h,6,99.06881566794672
pep_0182,gene_037,ctrl,6h,1,104.22832384247342
pep_0182,gene_037,ctrl,6h,2,118.21571030079451
pep_0182,gene_037,ctrl,6h,3,50.162571386896545
pep_0182,gene_037,ctrl,6h,4,80.91818278747532
pep_0182,gene_037,ctrl,6h,5,143.07831068410567
pep_0182,gene_037,ctrl,6h,6,72.45904857592794
pep_0182,gene_037,drug,0h,1,127.68853714919507
pep_0182,gene_037,drug,0h,2,87.69271906100735
pep_0182,gene_037,drug,0h,3,48.96187577681094
pep_0182,gene_037,drug,0h,4,93.27842656329436
pep_0182,gene_037,drug,0h,5,107.30489800292685
pep_0182,gene_037,drug,0h,6,91.24745401530008
pep_0182,gene_037,drug,24h,1,84.19676981964473
pep_0182,gene_037,drug,24h,2,88.93353559827621
pep_0182,gene_037,drug,24h,3,87.09762127980758
pep_0182,gene_037,drug,24h,4,55.83476356480868
pep_0182,gene_037,drug,24h,5,165.72901478727383
pep_0182,gene_037,drug,24h,6,107.07890801146266
pep_0182,gene_037,drug,6h,1,33.50640621924096
pep_0182,gene_037,drug,6h,2,112.58237953488566
pep_0182,gene_037,drug,6h,3,69.68818842144283
pep_0182,gene_037,drug,6h,4,97.42027561558066
pep_0182,gene_037,drug,6h,5,39.4683301561804
pep_0182,gene_037,drug,6h,6,37.84843206922062
pep_0183,gene_037,ctrl,0h,1,104.9383704575853
pep_0183,gene_037,ctrl,0h,2,73.06029719070116
pep_0183,gene_037,ctrl,0h,3,51.8100827709835
pep_0183,gene_037,ctrl,0h,4,91.29530807667204
pep_0183,gene_037,ctrl,0h,5,77.377285841148293
pep_0183,gene_037,ctrl,0h,6,67.9186557766161
pep_0183,gene_037,ctrl,24h,1,79.31709325402183
pep_0183,gene_037,ctrl,24h,2,144.68487609079514
pep_0183,gene_037,ctrl,24h,3,78.93956337826037
pep_0183,gene_037,ctrl,24h,4,74.99897223756868
pep_0183,gene_037,ctrl,24h,5,130.78662653777252
pep_0183,gene_037,ctrl,24h,6,120.11867535174015
pep_0183,gene_037,ctrl,6h,1,140.12072815185127
pep_0183,gene_037,ctrl,6h,2,63.160759043935954
pep_0183,gene_037,ctrl,6h,3,157.4980235663288
pep_0183,gene_037,ctrl,6h,4,102.42751531100018
pep_0183,gene_037,ctrl,6h,5,139.20175230224837
pep_0183,gene_037,ctrl,6h,6,98.14723982960815
pep_0183,gene_037,drug,0h,1,48.38674342281686
pep_0183,gene_037,drug,0h,2,117.04077538763423
pep_0183,gene_037,drug,0h,3,50.188176776430275
pep_0183,gene_037,drug,0h,4,77.15501968621842
pep_0183,gene_037,drug,0h,5,78.32813954338863
pep_0183,gene_037,drug,0h,6,113.31736690526519
pep_0183,gene_037,drug,24h,1,107.6583586053755
pep_0183,gene_037,drug,24h,2,124.78197911714057
pep_0183,gene_037,drug,24h,3,57.822721611796894
pep_0183,gene_037,drug,24h,4,66.29704438668773
pep_0183,gene_037,drug,24h,5,121.22826685603745
pep_0183,gene_037,drug,24h,6,71.39148388267039
pep_0183,gene_037,drug,6h,1,112.045779030684
pep_0183,gene_037,drug,6h,2,100.99811495640316
pep_0183,gene_037,drug,6h,3,105.35244705448774
pep_0183,gene_037,drug,6h,4,138.40219747950795
pep_0183,gene_037,drug,6h,5,76.02543313299562
pep_0183,gene_037,drug,6h,6,65.58464343629127
pep_0184,gene_037,ctrl,0h,1,103.43916607362065
pep_0184,gene_037,ctrl,0h,2,128.79953087643435
pep_0184,gene_037,ctrl,0h,3,148.03440585579222
pep_0184,gene_037,ctrl,0h,4,92.89714420312035
pep_0184,gene_037,ctrl,0h,5,90.15163389076334
pep_0184,gene_037,ctrl,0h,6,85.99708367937178
pep_0184,gene_037,ctrl,24h,1,111.68428889912121
pep_0184,gene_037,ctrl,24h,2,85.21933988673527
pep_0184,gene_037,ctrl,24h,3,53.00446384758078
pep_0184,gene_037,ctrl,24h,4,167.2850801073081
pep_0184,gene_037,ctrl,24h,5,110.40771682389214
pep_0184,gene_037,ctrl,24h,6,95.80832373147264
pep_0184,gene_037,ctrl,6h,1,54.967220936667935
pep_0184,gene_037,ctrl,6h,2,106.53246389233115
pep_0184,gene_037,ctrl,6h,3,72.24679131144468
pep_0184,gene_037,ctrl,6h,4,86.2050255179493
pep_0184,gene_037,ctrl,6h,5,121.02012961779467
pep_0184,gene_037,ctrl,6h,6,140.78313095769926
pep_0184,gene_037,drug,0h,1,93.23737233531206
pep_0184,gene_037,drug,0h,2,115.77256778310469
pep_0184,gene_037,drug,0h,3,144.63533676381348
pep_0184,gene_037,drug,0h,4,166.56387892346862
pep_0184,gene_037,drug,0h,5,94.68480281156775
pep_0184,gene_037,drug,0h,6,90.12911486649868
pep_0184,gene_037,drug,24h,1,43.130698857106765
pep_0184,gene_037,drug,24h,2,90.46226404816156
pep_0184,gene_037,drug,24h,3,51.19811170091623
pep_0184,gene_037,drug,24h,4,96.83041844710735
pep_0184,gene_037,drug,24h,5,182.78013776043633
pep_0184,gene_037,drug,24h,6,119.41189848971946
pep_0184,gene_037,drug,6h,1,93.26174416459237
pep_0184,gene_037,drug,6h,2,157.60910567812354
pep_0184,gene_037,drug,6h,3,129.72817854429047
pep_0184,gene_037,drug,6h,4,82.63315774058957
pep_0184,gene_037,drug,6h,5,145.82079657116228
pep_0184,gene_037,drug,6h,6,64.52250197208754
pep_0185,gene_037,ctrl,0h,1,61.81304920179881
pep_0185,gene_037,ctrl,0h,2,48.175475814550026
pep_0185,gene_037,ctrl,0h,3,50.75808874254803
pep_0185,gene_037,ctrl,0h,4,88.10864714253569
pep_0185,gene_037,ctrl,0h,5,59.60310157962077
pep_0185,gene_037,ctrl,0h,6,32.81622710398992
pep_0185,gene_037,ctrl,24h,1,125.57683101728912
pep_0185,gene_037,ctrl,24h,2,38.95326676562297
pep_0185,gene_037,ctrl,24h,3,68.4988971676965
pep_0185,gene_037,ctrl,24h,4,71.6049007639263
pep_0185,gene_037,ctrl,24h,5,56.287552418159315
pep_0185,gene_037,ctrl,24h,6,83.91270977064389
pep_0185,gene_037,ctrl,6h,1,52.402004553332276
pep_0185,gene_037,ctrl,6h,2,47.84413298928252
pep_0185,gene_037,ctrl,6h,3,62.48642285689391
pep_0185,gene_037,ctrl,6h,4,49.301310029492406
pep_0185,gene_037,ctrl,6h,5,53.9718918751033
pep_0185,gene_037,ctrl,6h,6,14.85501113293688
pep_0185,gene_037,drug,0h,1,65.41290609892613
pep_0185,gene_037,drug,0h,2,42.523089740301096
pep_0185,gene_037,drug,0h,3,48.11997829375776
pep_0185,gene_037,drug,0h,4,62.89344694962997
pep_0185,gene_037,drug,0h,5,84.38648073816842
pep_0185,gene_037,drug,0h,6,51.55212583437355
pep_0185,gene_037,drug,24h,1,73.75757870691521
pep_0185,gene_037,drug,24h,2,37.73267180131858
pep_0185,gene_037,drug,24h,3,39.1110645131088
pep_0185,gene_037,drug,24h,4,74.92338986024413
pep_0185,gene_037,drug,24h,5,9.340238183800036
pep_0185,gene_037,drug,24h,6,43.42874375463155
pep_0185,gene_037,drug,6h,1,36.658727972819875
pep_0185,gene_037,drug,6h,2,27.472155050339975
pep_0185,gene_037,drug,6h,3,62.47541418491825
pep_0185,gene_037,drug,6h,4,74.59098093131384
pep_0185,gene_037,drug,6h,5,24.327737732432286
pep_0185,gene_037,drug,6h,6,67.11693957522617
pep_0186,gene_038,ctrl,0h,1,41.31248988367854
pep_0186,gene_038,ctrl,0h,2,54.0154701855748
pep_0186,gene_038,ctrl,0h,3,117.23490062350972
pep_0186,gene_038,ctrl,0h,4,50.14338444203257
pep_0186,gene_038,ctrl,0h,5,80.71105367626527
pep_0186,gene_038,ctrl,0h,6,23.89596514511907
pep_0186,gene_038,ctrl,24h,1,36.878524538853945
pep_0186,gene_038,ctrl,24h,2,95.36609356865932
pep_0186,gene_038,ctrl,24h,3,33.86699169869874
pep_0186,gene_038,ctrl,24h,4,145.3003038845098
pep_0186,gene_038,ctrl,24h,5,111.19269698202814
pep_0186,gene_038,ctrl,24h,6,67.50981203727896
pep_0186,gene_038,ctrl,6h,1,67.8382813981016
pep_0186,gene_038,ctrl,6h,2,45.33802772717359
pep_0186,gene_038,ctrl,6h,3,71.37299107607802
pep_0186,gene_038,ctrl,6h,4,31.382534624171303
pep_0186,gene_038,ctrl,6h,5,42.97721747964267
pep_0186,gene_038,ctrl,6h,6,60.30860164953943
pep_0186,gene_038,drug,0h,1,72.10676773817785
pep_0186,gene_038,drug,0h,2,39.674310274011845
pep_0186,gene_038,drug,0h,3,55.82544056576913
pep_0186,gene_038,drug,0h,4,40.7772468569238
pep_0186,gene_038,drug,0h,5,36.17555520864487
pep_0186,gene_038,drug,0h,6,69.96840406714934
pep_0186,gene_038,drug,24h,1,31.642188121493138
pep_0186,gene_038,drug,24h,2,64.58466599678145
pep_0186,gene_038,drug,24h,3,59.5094078439362
pep_0186,gene_038,drug,24h,4,32.481966407433546
pep_0186,gene_038,drug,24h,5,22.730467365597097
pep_0186,gene_038,drug,24h,6,60.657028420630766
pep_0186,gene_038,drug,6h,1,71.40870316545322
pep_0186,gene_038,drug,6h,2,47.79563793941523
pep_0186,gene_038,drug,6h,3,74.95667595707161
pep_0186,gene_038,drug,6h,4,27.7174511750911
pep_0186,gene_038,drug,6h,5,85.3756369610918
pep_0186,gene_038,drug,6h,6,53.09394712891575
pep_0187,gene_038,ctrl,0h,1,80.5229646011734
pep_0187,gene_038,ctrl,0h,2,193.45514874894457
pep_0187,gene_038,ctrl,0h,3,73.43631424426376
pep_0187,gene_038,ctrl,0h,4,133.07087399536627
pep_0187,gene_038,ctrl,0h,5,96.35221734833253
pep_0187,gene_038,ctrl,0h,6,119.88001180873576
pep_0187,gene_038,ctrl,24h,1,125.80571225288698
pep_0187,gene_038,ctrl,24h,2,169.87250256114845
pep_0187,gene_038,ctrl,24h,3,173.7686409479608
pep_0187,gene_038,ctrl,24h,4,122.52579506092803
pep_0187,gene_038,ctrl,24h,5,155.32873371359605
pep_0187,gene_038,ctrl,24h,6,136.83559538093175
pep_0187,gene_038,ctrl,6h,1,145.37452765127486
pep_0187,gene_038,ctrl,6h,2,121.40802092759282
pep_0187,gene_038,ctrl,6h,3,117.56932976481086
pep_0187,gene_038,ctrl,6h,4,102.33114737897424
pep_0187,gene_038,ctrl,6h,5,111.48556302686379
pep_0187,gene_038,ctrl,6h,6,114.2079201624672
pep_0187,gene_038,drug,0h,1,77.67900478890043
pep_0187,gene_038,drug,0h,2,142.45810350631677
pep_0187,gene_038,drug,0h,3,91.50941495827718
pep_0187,gene_038,drug,0h,4,114.12545438679554
pep_0187,gene_038,drug,0h,5,139.0303672746505
pep_0187,gene_038,drug,0h,6,107.63023721677528
pep_0187,gene_038,drug,24h,1,86.74937960027782
pep_0187,gene_038,drug,24h,2,165.5407158970767
pep_0187,gene_038,drug,24h,3,165.5050271380623
pep_0187,gene_038,drug,24h,4,139.06639737017485
pep_0187,gene_038,drug,24h,5,138.73080818574442
pep_0187,gene_038,drug,24h,6,124.9391050909755
pep_0187,gene_038,drug,6h,1,81.58226710212881
pep_0187,gene_038,drug,6h,2,161.82979175323825
pep_0187,gene_038,drug,6h,3,187.06393872826303
pep_0187,gene_038,drug,6h,4,148.98026584900322
pep_0187,gene_038,drug,6h,5,137.51871870939385
pep_0187,gene_038,drug,6h,6,114.4815026407065
pep_0188,gene_038,ctrl,0h,1,115.39111061239502
pep_0188,gene_038,ctrl,0h,2,75.52915406353631
pep_0188,gene_038,ctrl,0h,3,36.65755309658121
pep_0188,gene_038,ctrl,0h,4,56.555108928608384
pep_0188,gene_038,ctrl,0h,5,50.864179907381406
pep_0188,gene_038,ctrl,0h,6,85.7873913520443
pep_0188,gene_038,ctrl,24h,1,143.5622801593207
pep_0188,gene_038,ctrl,24h,2,54.26012496702233
pep_0188,gene_038,ctrl,24h,3,54.96977151377835
pep_0188,gene_038,ctrl,24h,4,39.99616846118261
pep_0188,gene_038,ctrl,24h,5,94.81114047918632
pep_0188,gene_038,ctrl,24h,6,33.29942421311095
pep_0188,gene_038,ctrl,6h,1,56.15238760634094
pep_0188,gene_038,ctrl,6h,2,82.7276769585627
pep_0188,gene_038,ctrl,6h,3,39.24156010813939
pep_0188,gene_038,ctrl,6h,4,63.72422398715419
pep_0188,gene_038,ctrl,6h,5,59.14889898318863
pep_0188,gene_038,ctrl,6h,6,60.160188865503315
pep_0188,gene_038,drug,0h,1,61.19539745487334
pep_0188,gene_038,drug,0h,2,38.93895967185995
pep_0188,gene_038,drug,0h,3,63.20263936755235
pep_0188,gene_038,drug,0h,4,51.06798645812117
pep_0188,gene_038,drug,0h,5,52.802210607819134
pep_0188,gene_038,drug,0h,6,75.3850578953719
pep_0188,gene_038,drug,24h,1,49.285630109292796
pep_0188,gene_038,drug,24h,2,46.158485007242575
pep_0188,gene_038,drug,24h,3,68.34902307304073
pep_0188,gene_038,drug,24h,4,18.35344035507261
pep_0188,gene_038,drug,24h,5,68.12183079134134
pep_0188,gene_038,drug,24h,6,54.31707665610996
pep_0188,gene_038,drug,6h,1,48.146821846204354
pep_0188,gene_038,drug,6h,2,103.66776852640915
pep_0188,gene_038,drug,6h,3,78.01712602549259
pep_0188,gene_038,drug,6h,4,21.514309729615256
pep_0188,gene_038,drug,6h,5,44.620908679795555
pep_0188,gene_038,drug,6h,6,138.7673134070672
pep_0189,gene_038,ctrl,0h,1,68.70551042603853
pep_0189,gene_038,ctrl,0h,2,64.48006781466539
pep_0189,gene_038,ctrl,0h,3,100.82860864306875
pep_0189,gene_038,ctrl,0h,4,85.2755697549896
pep_0189,gene_038,ctrl,0h,5,64.93313947266279
pep_0189,gene_038,ctrl,0h,6,130.936656053217
pep_0189,gene_038,ctrl,24h,1,85.56221205715903
pep_0189,gene_038,ctrl,24h,2,54.44632871164123
pep_0189,gene_038,ctrl,24h,3,92.72890848573803
pep_0189,gene_038,ctrl,24h,4,57.55841372649619
pep_0189,gene_038,ctrl,24h,5,66.77280718823113
pep_0189,gene_038,ctrl,24h,6,71.96286219641286
pep_0189,gene_038,ctrl,6h,1,41.91308884657671
pep_0189,gene_038,ctrl,6h,2,65.58851266929574
pep_0189,gene_038,ctrl,6h,3,51.4310890504304
pep_0189,gene_038,ctrl,6h,4,86.39537109580816
pep_0189,gene_038,ctrl,6h,5,45.03513484517441
pep_0189,gene_038,ctrl,6h,6,35.04925496518864
pep_0189,gene_038,drug,0h,1,99.19384815688072
pep_0189,gene_038,drug,0h,2,26.635947597796648
pep_0189,gene_038,drug,0h,3,40.23087048789069
pep_0189,gene_038,drug,0h,4,64.86818855099222
pep_0189,gene_038,drug,0h,5,29.486341301859312
pep_0189,gene_038,drug,0h,6,50.66835661961525
pep_0189,gene_038,drug,24h,1,57.298502402422
pep_0189,gene_038,drug,24h,2,44.655980262321435
pep_0189,gene_038,drug,24h,3,73.77547979170564
pep_0189,gene_038,drug,24h,4,24.010780525917447
pep_0189,gene_038,drug,24h,5,54.26959130456401
pep_0189,gene_038,drug,24h,6,45.346933203610256
pep_0189,gene_038,drug,6h,1,38.31941614901197
pep_0189,gene_038,drug,6h,2,27.065780246124266
pep_0189,gene_038,drug,6h,3,62.11330087160695
pep_0189,gene_038,drug,6h,4,17.705455720763272
pep_0189,gene_038,drug,6h,5,59.328743067115084
pep_0189,gene_038,drug,6h,6,192.1583715830704
pep_0190,gene_038,ctrl,0h,1,141.09022707454577
pep_0190,gene_038,ctrl,0h,2,102.46233395859814
pep_0190,gene_038,ctrl,0h,3,92.6307530770113
pep_0190,gene_038,ctrl,0h,4,157.13635141526447
pep_0190,gene_038,ctrl,0h,5,85.18881506454338
pep_0190,gene_038,ctrl,0h,6,110.7989155713043
pep_0190,gene_038,ctrl,24h,1,119.0148601980733
pep_0190,gene_038,ctrl,24h,2,89.25048512040148
pep_0190,gene_038,ctrl,24h,3,40.626647687959675
pep_0190,gene_038,ctrl,24h,4,39.84336786347049
pep_0190,gene_038,ctrl,24h,5,63.22175097422791
pep_0190,gene_038,ctrl,24h,6,169.05494327540757
pep_0190,gene_038,ctrl,6h,1,92.21873351883943
pep_0190,gene_038,ctrl,6h,2,80.89216431650827
pep_0190,gene_038,ctrl,6h,3,129.80024694604154
pep_0190,gene_038,ctrl,6h,4,88.23636367654981
pep_0190,gene_038,ctrl,6h,5,115.73910654781587
pep_0190,gene_038,ctrl,6h,6,93.30458777015478
pep_0190,gene_038,drug,0h,1,94.61625310705807
pep_0190,gene_038,drug,0h,2,118.0990122494947
pep_0190,gene_038,drug,0h,3,109.51844407105332
pep_0190,gene_038,drug,0h,4,50.15062391859468
pep_0190,gene_038,drug,0h,5,44.74954499263122
pep_0190,gene_038,drug,0h,6,99.31472333660322
pep_0190,gene_038,drug,24h,1,143.79875642523243
pep_0190,gene_038,drug,24h,2,91.1313134777327
pep_0190,gene_038,drug,24h,3,68.88384033055263
pep_0190,gene_038,drug,24h,4,115.89237090833038
pep_0190,gene_038,drug,24h,5,80.90203038655852
pep_0190,gene_038,drug,24h,6,69.25705140926294
pep_0190,gene_038,drug,6h,1,78.4524248228728
pep_0190,gene_038,drug,6h,2,76.45214239030776
pep_0190,gene_038,drug,6h,3,161.64537552206338
pep_0190,gene_038,drug,6h,4,109.06425672727636
pep_0190,gene_038,drug,6h,5,104.06345966834942
pep_0190,gene_038,drug,6h,6,103.88788880030552
pep_0191,gene_039,ctrl,0h,1,55.916238962516374
pep_0191,gene_039,ctrl,0h,2,101.92188697462358
pep_0191,gene_039,ctrl,0h,3,36.94866957150702
pep_0191,gene_039,ctrl,0h,4,76.9454727555254
pep_0191,gene_039,ctrl,0h,5,66.0285877315088
pep_0191,gene_039,ctrl,0h,6,49.965741879042795
pep_0191,gene_039,ctrl,24h,1,103.34873606089845
pep_0191,gene_039,ctrl,24h,2,39.352198543519364
pep_0191,gene_039,ctrl,24h,3,85.54284253032509
pep_0191,gene_039,ctrl,24h,4,123.42335886078821
pep_0191,gene_039,ctrl,24h,5,82.75640595834285
pep_0191,gene_039,ctrl,24h,6,47.02824518615265
pep_0191,gene_039,ctrl,6h,1,44.91913096577061
pep_0191,gene_039,ctrl,6h,2,83.13524110034224
pep_0191,gene_039,ctrl,6h,3,51.00986877946931
pep_0191,gene_039,ctrl,6h,4,61.837924720866994
pep_0191,gene_039,ctrl,6h,5,50.844072320412295
pep_0191,gene_039,ctrl,6h,6,45.735291866003976
pep_0191,gene_039,drug,0h,1,74.98757694520144
pep_0191,gene_039,drug,0h,2,52.6347507081426
pep_0191,gene_039,drug,0h,3,62.11393224323157
pep_0191,gene_039,drug,0h,4,103.08815929116217
pep_0191,gene_039,drug,0h,5,48.3810519759571
pep_0191,gene_039,drug,0h,6,33.89993043200825
pep_0191,gene_039,drug,24h,1,60.42767180416716
pep_0191,gene_039,drug,24h,2,57.22991284560797
pep_0191,gene_039,drug,24h,3,131.15895259346624
pep_0191,gene_039,drug,24h,4,62.90414996381094
pep_0191,gene_039,drug,24h,5,45.72218498661714
pep_0191,gene_039,drug,24h,6,70.26976094783471
pep_0191,gene_039,drug,6h,1,58.31599019361777
pep_0191,gene_039,drug,6h,2,86.29669805959965
pep_0191,gene_039,drug,6h,3,65.61093031994538
pep_0191,gene_039,drug,6h,4,57.517153549414964
pep_0191,gene_039,drug,6h,5,63.654397794031624
pep_0191,gene_039,drug,6h,6,80.75535097041673
pep_0192,gene_039,ctrl,0h,1,108.97338107425706
pep_0192,gene_039,ctrl,0h,2,55.071564755740305
pep_0192,gene_039,ctrl,0h,3,70.21948393063673
pep_0192,gene_039,ctrl,0h,4,69.68527206508234
pep_0192,gene_039,ctrl,0h,5,44.05048056043737
pep_0192,gene_039,ctrl,0h,6,104.67584240144411
pep_0192,gene_039,ctrl,24h,1,29.842576739119192
pep_0192,gene_039,ctrl,24h,2,61.46318194800013
pep_0192,gene_039,ctrl,24h,3,35.091223972549685
pep_0192,gene_039,ctrl,24h,4,45.717154806443865
pep_0192,gene_039,ctrl,24h,5,23.832111049884272
pep_0192,gene_039,ctrl,24h,6,69.19767855375436
pep_0192,gene_039,ctrl,6h,1,40.92688140635558
pep_0192,gene_039,ctrl,6h,2,92.53609519657279
pep_0192,gene_039,ctrl,6h,3,38.598837590726674
pep_0192,gene_039,ctrl,6h,4,60.903325350050864
pep_0192,gene_039,ctrl,6h,5,45.11247476405933
pep_0192,gene_039,ctrl,6h,6,43.41826294036903
pep_0192,gene_039,drug,0h,1,101.44931459100373
pep_0192,gene_039,drug,0h,2,25.144707027043726
pep_0192,gene_039,drug,0h,3,71.04977639398935
pep_0192,gene_039,drug,0h,4,48.472763145879384
pep_0192,gene_039,drug,0h,5,32.250631025665065
pep_0192,gene_039,drug,0h,6,60.441428964219824
pep_0192,gene_039,drug,24h,1,49.33887031322602
pep_0192,gene_039,drug,24h,2,37.35498547166818
pep_0192,gene_039,drug,24h,3,58.712963170847296
pep_0192,gene_039,drug,24h,4,69.89023552489653
pep_0192,gene_039,drug,24h,5,51.179279176951276
pep_0192,gene_039,drug,24h,6,102.50302183198494
pep_0192,gene_039,drug,6h,1,67.04347917820837
pep_0192,gene_039,drug,6h,2,56.87101509366878
pep_0192,gene_039,drug,6h,3,124.84785904822968
pep_0192,gene_039,drug,6h,4,49.78728724894279
pep_0192,gene_039,drug,6h,5,69.2423167163503
pep_0192,gene_039,drug,6h,6,124.62007587237802
pep_0193,gene_039,ctrl,0h,1,71.10359962198378
pep_0193,gene_039,ctrl,0h,2,63.410875207542105
pep_0193,gene_039,ctrl,0h,3,56.76585208573089
pep_0193,gene_039,ctrl,0h,4,29.51938568026246
pep_0193,gene_039,ctrl,0h,5,48.5099303583492
pep_0193,gene_039,ctrl,0h,6,109.63121871415883
pep_0193,gene_039,ctrl,24h,1,157.9205343908471
pep_0193,gene_039,ctrl,24h,2,82.86988685406666
pep_0193,gene_039,ctrl,24h,3,54.33889037049814
pep_0193,gene_039,ctrl,24h,4,46.90083541619106
pep_0193,gene_039,ctrl,24h,5,47.12113842378677
pep_0193,gene_039,ctrl,24h,6,31.069205033000756
pep_0193,gene_039,ctrl,6h,1,37.56735923833589
pep_0193,gene_039,ctrl,6h,2,91.04135179019657
pep_0193,gene_039,ctrl,6h,3,57.876352009098696
pep_0193,gene_039,ctrl,6h,4,32.198361016210114
pep_0193,gene_039,ctrl,6h,5,26.536545593878053
pep_0193,gene_039,ctrl,6h,6,38.15909174106983
pep_0193,gene_039,drug,0h,1,59.416837479489025
pep_0193,gene_039,drug,0h,2,31.168341828848146
pep_0193,gene_039,drug,0h,3,33.631301689482335
pep_0193,gene_039,drug,0h,4,42.73420211960714
pep_0193,gene_039,drug,0h,5,43.48098849424312
pep_0193,gene_039,drug,0h,6,17.73303575623856
pep_0193,gene_039,drug,24h,1,34.064682845148695
pep_0193,gene_039,drug,24h,2,38.913530539473236
pep_0193,gene_039,drug,24h,3,62.06839742797541
pep_0193,gene_039,drug,24h,4,64.99793210565859
pep_0193,gene_039,drug,24h,5,34.18185948802253
pep_0193,gene_039,drug,24h,6,82.37628543800217
pep_0193,gene_039,drug,6h,1,41.3589906990609
pep_0193,gene_039,drug,6h,2,59.816899354890154
pep_0193,gene_039,drug,6h,3,55.27374054087203
pep_0193,gene_039,drug,6h,4,20.812414754580214
pep_0193,gene_039,drug,6h,5,32.879161758867134
pep_0193,gene_039,drug,6h,6,27.479882211077445
pep_0194,gene_039,ctrl,0h,1,141.93706779077772
pep_0194,gene_039,ctrl,0h,2,102.71715940595514
pep_0194,gene_039,ctrl,0h,3,142.83210894959336
pep_0194,gene_039,ctrl,0h,4,67.9973318675403
pep_0194,gene_039,ctrl,0h,5,149.02022517786187
pep_0194,gene_039,ctrl,0h,6,183.17804916439638
pep_0194,gene_039,ctrl,24h,1,258.8693735175591
pep_0194,gene_039,ctrl,24h,2,169.68994996716464
pep_0194,gene_039,ctrl,24h,3,105.55153059558148
pep_0194,gene_039,ctrl,24h,4,121.49426824569606
pep_0194,gene_039,ctrl,24h,5,180.3217250388524
pep_0194,gene_039,ctrl,24h,6,161.23971642006418
pep_0194,gene_039,ctrl,6h,1,127.62528929595692
pep_0194,gene_039,ctrl,6h,2,175.13469087849404
pep_0194,gene_039,ctrl,6h,3,184.54276130453493
pep_0194,gene_039,ctrl,6h,4,116.98274898292196
pep_0194,gene_039,ctrl,6h,5,74.88796681669618
pep_0194,gene_039,ctrl,6h,6,139.44257712388102
pep_0194,gene_039,drug,0h,1,137.7712578005394
pep_0194,gene_039,drug,0h,2,108.34404711015969
pep_0194,gene_039,drug,0h,3,83.20837761457882
pep_0194,gene_039,drug,0h,4,236.88941562694185
pep_0194,gene_039,drug,0h,5,118.13758754584522
pep_0194,gene_039,drug,0h,6,85.62509615344226
pep_0194,gene_039,drug,24h,1,122.71549869118638
pep_0194,gene_039,drug,24h,2,107.00076255644817
pep_0194,gene_039,drug,24h,3,81.23176920081933
pep_0194,gene_039,drug,24h,4,101.2273736913451
pep_0194,gene_039,drug,24h,5,67.73735836016816
pep_0194,gene_039,drug,24h,6,30.323145980730455
pep_0194,gene_039,drug,6h,1,119.26280074794943
pep_0194,gene_039,drug,6h,2,169.08570783992377
pep_0194,gene_039,drug,6h,3,151.30794149853241
pep_0194,gene_039,drug,6h,4,197.4012161340254
pep_0194,gene_039,drug,6h,5,142.81974701802764
pep_0194,gene_039,drug,6h,6,131.73406344949615
pep_0195,gene_039,ctrl,0h,1,56.40929616467737
pep_0195,gene_039,ctrl,0h,2,26.59679730292615
pep_0195,gene_039,ctrl,0h,3,36.011006190345086
pep_0195,gene_039,ctrl,0h,4,59.557838046617476
pep_0195,gene_039,ctrl,0h,5,67.75317995801282
pep_0195,gene_039,ctrl,0h,6,33.69588129168227
pep_0195,gene_039,ctrl,24h,1,130.0190564487395
pep_0195,gene_039,ctrl,24h,2,56.020133398635316
pep_0195,gene_039,ctrl,24h,3,39.25487863602856
pep_0195,gene_039,ctrl,24h,4,37.51602181010401
pep_0195,gene_039,ctrl,24h,5,48.41362653623106
pep_0195,gene_039,ctrl,24h,6,72.78555391352927
pep_0195,gene_039,ctrl,6h,1,64.60280096752597
pep_0195,gene_039,ctrl,6h,2,25.47591338745262
pep_0195,gene_039,ctrl,6h,3,23.770619794791326
pep_0195,gene_039,ctrl,6h,4,38.48635541874574
pep_0195,gene_039,ctrl,6h,5,66.36107860796284
pep_0195,gene_039,ctrl,6h,6,80.39515350606769
pep_0195,gene_039,drug,0h,1,58.58904187741532
pep_0195,gene_039,drug,0h,2,19.503145965312836
pep_0195,gene_039,drug,0h,3,85.64708507426731
pep_0195,gene_039,drug,0h,4,73.54813913115531
pep_0195,gene_039,drug,0h,5,45.857924792805356
pep_0195,gene_039,drug,0h,6,87.60337026892523
pep_0195,gene_039,drug,24h,1,42.86015626020744
pep_0195,gene_039,drug,24h,2,24.657237258720944
pep_0195,gene_039,drug,24h,3,71.09725912974406
pep_0195,gene_039,drug,24h,4,70.30286346172468
pep_0195,gene_039,drug,24h,5,69.39643428296914
pep_0195,gene_039,drug,24h,6,44.787392291445514
pep_0195,gene_039,drug,6h,1,46.86754565996658
pep_0195,gene_039,drug,6h,2,72.51290858419515
pep_0195,gene_039,drug,6h,3,31.928797838761668
pep_0195,gene_039,drug,6h,4,60.16144804525527
pep_0195,gene_039,drug,6h,5,34.07373675835207
pep_0195,gene_039,drug,6h,6,36.222381233843116
pep_0196,gene_040,ctrl,0h,1,41.796107492783065
pep_0196,gene_040,ctrl,0h,2,51.46450177855714
pep_0196,gene_040,ctrl,0h,3,81.66799978658842
pep_0196,gene_040,ctrl,0h,4,66.84704269598804
pep_0196,gene_040,ctrl,0h,5,78.43135249181275
pep_0196,gene_040,ctrl,0h,6,157.2112840160769
pep_0196,gene_040,ctrl,24h,1,96.281874863133865
pep_0196,gene_040,ctrl,24h,2,74.47528439789637
pep_0196,gene_040,ctrl,24h,3,82.82301448081466
pep_0196,gene_040,ctrl,24h,4,70.43162526961923
pep_0196,gene_040,ctrl,24h,5,96.45890112848826
pep_0196,gene_040,ctrl,24h,6,19.288032322510578
pep_0196,gene_040,ctrl,6h,1,52.975198853404656
pep_0196,gene_040,ctrl,6h,2,61.24092493915464
pep_0196,gene_040,ctrl,6h,3,24.362829850595595
pep_0196,gene_040,ctrl,6h,4,42.20941533365726
pep_0196,gene_040,ctrl,6h,5,18.936163739710576
pep_0196,gene_040,ctrl,6h,6,111.4926030092685
pep_0196,gene_040,drug,0h,1,54.638906435508325
pep_0196,gene_040,drug,0h,2,69.89751390588121
pep_0196,gene_040,drug,0h,3,60.61855516898458
pep_0196,gene_040,drug,0h,4,68.341456360973993
pep_0196,gene_040,drug,0h,5,47.0005441807458
pep_0196,gene_040,drug,0h,6,73.70798700383665
pep_0196,gene_040,drug,24h,1,29.569452142726735
pep_0196,gene_040,drug,24h,2,37.88182335616994
pep_0196,gene_040,drug,24h,3,26.773261925747548
pep_0196,gene_040,drug,24h,4,48.403612440523126
pep_0196,gene_040,drug,24h,5,72.58048973035065
pep_0196,gene_040,drug,24h,6,55.90797983562493
pep_0196,gene_040,drug,6h,1,37.394959107107304
pep_0196,gene_040,drug,6h,2,26.016508534533564
pep_0196,gene_040,drug,6h,3,93.9804147892062
pep_0196,gene_040,drug,6h,4,53.64293506476276
pep_0196,gene_040,drug,6h,5,31.245762688062985
pep_0196,gene_040,drug,6h,6,66.15983488135275
pep_0197,gene_040,ctrl,0h,1,83.57090579822157
pep_0197,gene_040,ctrl,0h,2,19.481395375209477
pep_0197,gene_040,ctrl,0h,3,52.73451589713499
pep_0197,gene_040,ctrl,0h,4,36.436890245900656
pep_0197,gene_040,ctrl,0h,5,38.43192900490669
pep_0197,gene_040,ctrl,0h,6,47.21277225033332
pep_0197,gene_040,ctrl,24h,1,27.25969836057133
pep_0197,gene_040,ctrl,24h,2,65.01948017735586
pep_0197,gene_040,ctrl,24h,3,45.22405545337808
pep_0197,gene_040,ctrl,24h,4,92.86848099754826
pep_0197,gene_040,ctrl,24h,5,20.20244950514165
pep_0197,gene_040,ctrl,24h,6,40.12446461686261
pep_0197,gene_040,ctrl,6h,1,121.93058443919175
pep_0197,gene_040,ctrl,6h,2,149.5995046773673
pep_0197,gene_040,ctrl,6h,3,31.20679213784525
pep_0197,gene_040,ctrl,6h,4,66.97026323425966
pep_0197,gene_040,ctrl,6h,5,24.653199808531944
pep_0197,gene_040,ctrl,6h,6,89.85855310838912
pep_0197,gene_040,drug,0h,1,61.80322683939452
pep_0197,gene_040,drug,0h,2,89.275082939541
pep_0197,gene_040,drug,0h,3,80.29220277255124
pep_0197,gene_040,drug,0h,4,81.384577694906
pep_0197,gene_040,drug,0h,5,45.02671436479178
pep_0197,gene_040,drug,0h,6,39.767184561603976
pep_0197,gene_040,drug,24h,1,78.49015067564478
pep_0197,gene_040,drug,24h,2,37.442145871940824
pep_0197,gene_040,drug,24h,3,56.531389017317046
pep_0197,gene_040,drug,24h,4,74.54362477188343
pep_0197,gene_040,drug,24h,5,88.72602998114854
pep_0197,gene_040,drug,24h,6,92.13267720627779
pep_0197,gene_040,drug,6h,1,66.760005845198
pep_0197,gene_040,drug,6h,2,38.28415957233437
pep_0197,gene_040,drug,6h,3,72.88116608459158
pep_0197,gene_040,drug,6h,4,50.07402247457711
pep_0197,gene_040,drug,6h,5,48.39829831920925
pep_0197,gene_040,drug,6h,6,84.06889072801789
pep_0198,gene_040,ctrl,0h,1,80.85413460047003
pep_0198,gene_040,ctrl,0h,2,128.58464680029144
pep_0198,gene_040,ctrl,0h,3,113.82517935228113
pep_0198,gene_040,ctrl,0h,4,99.75719964348744
pep_0198,gene_040,ctrl,0h,5,167.8535680012163
pep_0198,gene_040,ctrl,0h,6,125.56501807318207
pep_0198,gene_040,ctrl,24h,1,108.12815862806887
pep_0198,gene_040,ctrl,24h,2,44.909647095667204
pep_0198,gene_040,ctrl,24h,3,68.80738935026922
pep_0198,gene_040,ctrl,24h,4,97.00811813624578
pep_0198,gene_040,ctrl,24h,5,156.53144437461955
pep_0198,gene_040,ctrl,24h,6,76.15740202284017
pep_0198,gene_040,ctrl,6h,1,66.56098670114883
pep_0198,gene_040,ctrl,6h,2,152.3340548464636
pep_0198,gene_040,ctrl,6h,3,99.66949323919884
pep_0198,gene_040,ctrl,6h,4,231.71304545811532
pep_0198,gene_040,ctrl,6h,5,54.35361420683052
pep_0198,gene_040,ctrl,6h,6,88.96289087538419
pep_0198,gene_040,drug,0h,1,80.40491052149721
pep_0198,gene_040,drug,0h,2,93.60499229129297
pep_0198,gene_040,drug,0h,3,135.04189040573968
pep_0198,gene_040,drug,0h,4,85.39747836981208
pep_0198,gene_040,drug,0h,5,99.65185739733558
pep_0198,gene_040,drug,0h,6,98.13467424612011
pep_0198,gene_040,drug,24h,1,113.1122746540039
pep_0198,gene_040,drug,24h,2,75.31913975618126
pep_0198,gene_040,drug,24h,3,144.58870958533223
pep_0198,gene_040,drug,24h,4,122.05468959164735
pep_0198,gene_040,drug,24h,5,68.1253618792017
pep_0198,gene_040,drug,24h,6,109.12049043444676
pep_0198,gene_040,drug,6h,1,216.07118063440305
pep_0198,gene_040,drug,6h,2,192.6033634868514
pep_0198,gene_040,drug,6h,3,127.31697636378159
pep_0198,gene_040,drug,6h,4,161.0337914283247
pep_0198,gene_040,drug,6h,5,126.92682437471318
pep_0198,gene_040,drug,6h,6,107.61323577222413
pep_0199,gene_040,ctrl,0h,1,54.7623785025124
pep_0199,gene_040,ctrl,0h,2,53.12054476208038
pep_0199,gene_040,ctrl,0h,3,42.63956415352443
pep_0199,gene_040,ctrl,0h,4,53.48530921369969
pep_0199,gene_040,ctrl,0h,5,69.66879454465229
pep_0199,gene_040,ctrl,0h,6,72.1463316595375
pep_0199,gene_040,ctrl,24h,1,88.79320636319255
pep_0199,gene_040,ctrl,24h,2,18.570258577512263
pep_0199,gene_040,ctrl,24h,3,73.19437869960649
pep_0199,gene_040,ctrl,24h,4,29.21203457223438
pep_0199,gene_040,ctrl,24h,5,38.90126997517203
pep_0199,gene_040,ctrl,24h,6,56.703876966940165
pep_0199,gene_040,ctrl,6h,1,33.84802813497294
pep_0199,gene_040,ctrl,6h,2,51.533973092848576
pep_0199,gene_040,ctrl,6h,3,69.24167086292928
pep_0199,gene_040,ctrl,6h,4,44.54033485562736
pep_0199,gene_040,ctrl,6h,5,53.135452892056065
pep_0199,gene_040,ctrl,6h,6,60.569524457128715
pep_0199,gene_040,drug,0h,1,67.42459804593207
pep_0199,gene_040,drug,0h,2,43.61054812540486
pep_0199,gene_040,drug,0h,3,105.54569991268767
pep_0199,gene_040,drug,0h,4,94.93962195957661
pep_0199,gene_040,drug,0h,5,56.204334358104
pep_0199,gene_040,drug,0h,6,50.35339828511837
pep_0199,gene_040,drug,24h,1,120.7001749598645
pep_0199,gene_040,drug,24h,2,97.3030650755344
pep_0199,gene_040,drug,24h,3,39.08127858275625
pep_0199,gene_040,drug,24h,4,90.8411944402449
pep_0199,gene_040,drug,24h,5,110.91675215977942
pep_0199,gene_040,drug,24h,6,38.04752309469498
pep_0199,gene_040,drug,6h,1,84.79487859776528
pep_0199,gene_040,drug,6h,2,76.35247704696252
pep_0199,gene_040,drug,6h,3,77.03978009701595
pep_0199,gene_040,drug,6h,4,46.323199284695605
pep_0199,gene_040,drug,6h,5,96.38343198488916
pep_0199,gene_040,drug,6h,6,54.9435105547939
pep_0200,gene_040,ctrl,0h,1,64.30215527941047
pep_0200,gene_040,ctrl,0h,2,62.74287759296734
pep_0200,gene_040,ctrl,0h,3,116.86826953356078
pep_0200,gene_040,ctrl,0h,4,50.71101191793966
pep_0200,gene_040,ctrl,0h,5,64.04118411049305
pep_0200,gene_040,ctrl,0h,6,55.44170455127571
pep_0200,gene_040,ctrl,24h,1,43.6540135335319
pep_0200,gene_040,ctrl,24h,2,89.88109318688984
pep_0200,gene_040,ctrl,24h,3,45.65154279756106
pep_0200,gene_040,ctrl,24h,4,64.88669790663977
pep_0200,gene_040,ctrl,24h,5,55.29218202986595
pep_0200,gene_040,ctrl,24h,6,79.03473486589175
pep_0200,gene_040,ctrl,6h,1,72.92695576685843
pep_0200,gene_040,ctrl,6h,2,79.89131355751844
pep_0200,gene_040,ctrl,6h,3,82.08310882674597
pep_0200,gene_040,ctrl,6h,4,52.632720247484016
pep_0200,gene_040,ctrl,6h,5,24.345991696904708
pep_0200,gene_040,ctrl,6h,6,159.1267837218473
pep_0200,gene_040,drug,0h,1,88.0431249912322
pep_0200,gene_040,drug,0h,2,123.796245164125
pep_0200,gene_040,drug,0h,3,113.22236396383411
pep_0200,gene_040,drug,0h,4,62.56676093293385
pep_0200,gene_040,drug,0h,5,21.36113111269326
pep_0200,gene_040,drug,0h,6,32.414736958919974
pep_0200,gene_040,drug,24h,1,112.01022736318585
pep_0200,gene_040,drug,24h,2,44.75304920065506
pep_0200,gene_040,drug,24h,3,61.075568637429285
pep_0200,gene_040,drug,24h,4,66.93847366300602
pep_0200,gene_040,drug,24h,5,53.413540529122145
pep_0200,gene_040,drug,24h,6,77.16885123267436
pep_0200,gene_040,drug,6h,1,34.94085298545385
pep_0200,gene_040,drug,6h,2,70.56828965906912
pep_0200,gene_040,drug,6h,3,38.53830423538863
pep_0200,gene_040,drug,6h,4,21.28386264094748
pep_0200,gene_040,drug,6h,5,84.37137740442883
pep_0200,gene_040,drug,6h,6,69.90594079185067
pep_0201,gene_041,ctrl,0h,1,75.82672791819384
pep_0201,gene_041,ctrl,0h,2,75.78385709005923
pep_0201,gene_041,ctrl,0h,3,70.21539675559768
pep_0201,gene_041,ctrl,0h,4,74.21451805807737
pep_0201,gene_041,ctrl,0h,5,67.4428081654488
pep_0201,gene_041,ctrl,0h,6,141.74657272797901
pep_0201,gene_041,ctrl,24h,1,56.23763398318119
pep_0201,gene_041,ctrl,24h,2,82.08570975314983
pep_0201,gene_041,ctrl,24h,3,98.63376731862604
pep_0201,gene_041,ctrl,24h,4,32.38137731829898
pep_0201,gene_041,ctrl,24h,5,77.19138620751794
pep_0201,gene_041,ctrl,24h,6,118.90393390248248
pep_0201,gene_041,ctrl,6h,1,74.63808945076153
pep_0201,gene_041,ctrl,6h,2,67.78019900169963
pep_0201,gene_041,ctrl,6h,3,102.19457998802096
pep_0201,gene_041,ctrl,6h,4,119.71140895649172
pep_0201,gene_041,ctrl,6h,5,79.15045664195702
pep_0201,gene_041,ctrl,6h,6,120.29242233560815
pep_0201,gene_041,drug,0h,1,86.37339935680357
pep_0201,gene_041,drug,0h,2,59.978430438821455
pep_0201,gene_041,drug,0h,3,45.48152550939591
pep_0201,gene_041,drug,0h,4,77.90629541578502
pep_0201,gene_041,drug,0h,5,71.48922573528999
pep_0201,gene_041,drug,0h,6,64.71052263013851
pep_0201,gene_041,drug,24h,1,112.71121856986937
pep_0201,gene_041,drug,24h,2,91.11687213739434
pep_0201,gene_041,drug,24h,3,66.71412584584138
pep_0201,gene_041,drug,24h,4,116.0077808270807
pep_0201,gene_041,drug,24h,5,73.31113063906962
pep_0201,gene_041,drug,24h,6,109.62439638397875
pep_0201,gene_041,drug,6h,1,102.44367043310302
pep_0201,gene_041,drug,6h,2,65.79627912940026
pep_0201,gene_041,drug,6h,3,100.92921315035913
pep_0201,gene_041,drug,6h,4,55.7038022293562
pep_0201,gene_041,drug,6h,5,95.73126305323359
pep_0201,gene_041,drug,6h,6,115.10715691746401
pep_0202,gene_041,ctrl,0h,1,94.18271342464429
pep_0202,gene_041,ctrl,0h,2,78.06776355645567
pep_0202,gene_041,ctrl,0h,3,80.95348437813756
pep_0202,gene_041,ctrl,0h,4,58.97340812614532
pep_0202,gene_041,ctrl,0h,5,111.61117673061548
pep_0202,gene_041,ctrl,0h,6,80.24575487153625
pep_0202,gene_041,ctrl,24h,1,84.48146981020965
pep_0202,gene_041,ctrl,24h,2,132.30860034307003
pep_0202,gene_041,ctrl,24h,3,91.10150080555735
pep_0202,gene_041,ctrl,24h,4,181.91879939397515
pep_0202,gene_041,ctrl,24h,5,120.44887000447412
pep_0202,gene_041,ctrl,24h,6,86.88655258749048
pep_0202,gene_041,ctrl,6h,1,88.686749308324
pep_0202,gene_041,ctrl,6h,2,66.40427424849935
pep_0202,gene_041,ctrl,6h,3,141.4512839934008
pep_0202,gene_041,ctrl,6h,4,107.71877119492518
pep_0202,gene_041,ctrl,6h,5,60.42267897447649
pep_0202,gene_041,ctrl,6h,6,72.1233662209422
pep_0202,gene_041,drug,0h,1,76.55058177513611
pep_0202,gene_041,drug,0h,2,65.40741283556407
pep_0202,gene_041,drug,0h,3,107.05869919113121
pep_0202,gene_041,drug,0h,4,130.7904784689557
pep_0202,gene_041,drug,0h,5,111.14305109742384
pep_0202,gene_041,drug,0h,6,71.01443589731667
pep_0202,gene_041,drug,24h,1,56.909835648211725
pep_0202,gene_041,drug,24h,2,73.28376117987722
pep_0202,gene_041,drug,24h,3,96.88159885359224
pep_0202,gene_041,drug,24h,4,42.68232261974113
pep_0202,gene_041,drug,24h,5,58.40733489929292
pep_0202,gene_041,drug,24h,6,71.31288437338331
pep_0202,gene_041,drug,6h,1,42.795222799373384
pep_0202,gene_041,drug,6h,2,96.71442077795295
pep_0202,gene_041,drug,6h,3,80.02449943886157
pep_0202,gene_041,drug,6h,4,87.00163395404157
pep_0202,gene_041,drug,6h,5,83.20295565058798
pep_0202,gene_041,drug,6h,6,89.95162835958395
pep_0203,gene_041,ctrl,0h,1,81.03225050446532
pep_0203,gene_041,ctrl,0h,2,85.15671078251901
pep_0203,gene_041,ctrl,0h,3,137.24685342226493
pep_0203,gene_041,ctrl,0h,4,76.10816404198225
pep_0203,gene_041,ctrl,0h,5,38.04665538397046
pep_0203,gene_041,ctrl,0h,6,155.3172707457424
pep_0203,gene_041,ctrl,24h,1,73.6429396708035
pep_0203,gene_041,ctrl,24h,2,104.12380773704403
pep_0203,gene_041,ctrl,24h,3,102.25756256490776
pep_0203,gene_041,ctrl,24h,4,19.29072771009953
pep_0203,gene_041,ctrl,24h,5,191.23869214509065
pep_0203,gene_041,ctrl,24h,6,87.40478702390661
pep_0203,gene_041,ctrl,6h,1,123.21289658844786
pep_0203,gene_041,ctrl,6h,2,78.74638757739703
pep_0203,gene_041,ctrl,6h,3,32.01900980416441
pep_0203,gene_041,ctrl,6h,4,164.40534166323837
pep_0203,gene_041,ctrl,6h,5,20.761084636226386
pep_0203,gene_041,ctrl,6h,6,70.86378777958645
pep_0203,gene_041,drug,0h,1,84.74914832862007
pep_0203,gene_041,drug,0h,2,46.00770641827094
pep_0203,gene_041,drug,0h,3,122.97008481569212
pep_0203,gene_041,drug,0h,4,64.31739545616817
pep_0203,gene_041,drug,0h,5,125.08924025672472
pep_0203,gene_041,drug,0h,6,100.51259982507402
pep_0203,gene_041,drug,24h,1,105.87618861814343
pep_0203,gene_041,drug,24h,2,129.39581966485412
pep_0203,gene_041,drug,24h,3,121.4471129961202
pep_0203,gene_041,drug,24h,4,31.238268055901763
pep_0203,gene_041,drug,24h,5,115.78028685192814
pep_0203,gene_041,drug,24h,6,150.2186764756569
pep_0203,gene_041,drug,6h,1,74.59830678277272
pep_0203,gene_041,drug,6h,2,133.21619217261642
pep_0203,gene_041,drug,6h,3,110.4297902897808
pep_0203,gene_041,drug,6h,4,111.49933976171367
pep_0203,gene_041,drug,6h,5,118.08754187988856
pep_0203,gene_041,drug,6h,6,118.9786243148912
pep_0204,gene_041,ctrl,0h,1,128.10845729827503
pep_0204,gene_041,ctrl,0h,2,160.8551944717092
pep_0204,gene_041,ctrl,0h,3,140.72373622385788
pep_0204,gene_041,ctrl,0h,4,103.60602817566624
pep_0204,gene_041,ctrl,0h,5,152.07653463598146
pep_0204,gene_041,ctrl,0h,6,127.55383549907417
pep_0204,gene_041,ctrl,24h,1,153.54026678604
pep_0204,gene_041,ctrl,24h,2,158.17455226474635
pep_0204,gene_041,ctrl,24h,3,157.20683416977732
pep_0204,gene_041,ctrl,24h,4,173.80137457677608
pep_0204,gene_041,ctrl,24h,5,147.02857692246454
pep_0204,gene_041,ctrl,24h,6,124.64696115623704
pep_0204,gene_041,ctrl,6h,1,154.00795988823066
pep_0204,gene_041,ctrl,6h,2,229.4323359934725
pep_0204,gene_041,ctrl,6h,3,178.86177105979334
pep_0204,gene_041,ctrl,6h,4,184.47019969257903
pep_0204,gene_041,ctrl,6h,5,112.96230160361692
pep_0204,gene_041,ctrl,6h,6,159.94110416165762
pep_0204,gene_041,drug,0h,1,133.58907118756227
pep_0204,gene_041,drug,0h,2,153.20570330145637
pep_0204,gene_041,drug,0h,3,80.90493215265674
pep_0204,gene_041,drug,0h,4,120.00663567524043
pep_0204,gene_041,drug,0h,5,277.7620759461508
pep_0204,gene_041,drug,0h,6,244.07295947120855
pep_0204,gene_041,drug,24h,1,90.47193886866914
pep_0204,gene_041,drug,24h,2,113.0474997372753
pep_0204,gene_041,drug,24h,3,96.80867841723116
pep_0204,gene_041,drug,24h,4,167.93747140179997
pep_0204,gene_041,drug,24h,5,115.32675963839928
pep_0204,gene_041,drug,24h,6,156.04386931183342
pep_0204,gene_041,drug,6h,1,69.7641546907209
pep_0204,gene_041,drug,6h,2,194.46517292322346
pep_0204,gene_041,drug,6h,3,159.93588351961253
pep_0204,gene_041,drug,6h,4,163.53795832429992
pep_0204,gene_041,drug,6h,5,137.58135240677188
pep_0204,gene_041,drug,6h,6,210.97804403462376
pep_0205,gene_041,ctrl,0h,1,57.30768254300006
pep_0205,gene_041,ctrl,0h,2,41.892004195814835
pep_0205,gene_041,ctrl,0h,3,62.42256740342037
pep_0205,gene_041,ctrl,0h,4,108.49431409417551
pep_0205,gene_041,ctrl,0h,5,29.228249221970852
pep_0205,gene_041,ctrl,0h,6,47.25392424088137
pep_0205,gene_041,ctrl,24h,1,81.54480753557966
pep_0205,gene_041,ctrl,24h,2,37.36356697731524
pep_0205,gene_041,ctrl,24h,3,42.79080668809745
pep_0205,gene_041,ctrl,24h,4,40.76623314866139
pep_0205,gene_041,ctrl,24h,5,21.49811541004014
pep_0205,gene_041,ctrl,24h,6,46.32501994168624
pep_0205,gene_041,ctrl,6h,1,42.47339308549344
pep_0205,gene_041,ctrl,6h,2,37.69489463916175
pep_0205,gene_041,ctrl,6h,3,31.349916587641637
pep_0205,gene_041,ctrl,6h,4,27.39867687478854
pep_0205,gene_041,ctrl,6h,5,75.16393842179171
pep_0205,gene_041,ctrl,6h,6,105.10817038010069
pep_0205,gene_041,drug,0h,1,36.961053393682114
pep_0205,gene_041,drug,0h,2,70.97708317182514
pep_0205,gene_041,drug,0h,3,50.937010874856746
pep_0205,gene_041,drug,0h,4,91.54785344195686
pep_0205,gene_041,drug,0h,5,74.13384443672565
pep_0205,gene_041,drug,0h,6,24.017466812205488
pep_0205,gene_041,drug,24h,1,49.14632382082864
pep_0205,gene_041,drug,24h,2,70.22958174175854
pep_0205,gene_041,drug,24h,3,33.226607431063236
pep_0205,gene_041,drug,24h,4,88.69268777988206
pep_0205,gene_041,drug,24h,5,43.01136701324627
pep_0205,gene_041,drug,24h,6,49.06533263112706
pep_0205,gene_041,drug,6h,1,38.29409063972174
pep_0205,gene_041,drug,6h,2,61.6927139814015
pep_0205,gene_041,drug,6h,3,67.6806104733179
pep_0205,gene_041,drug,6h,4,72.85898682726183
pep_0205,gene_041,drug,6h,5,54.40322912726358
pep_0205,gene_041,drug,6h,6,34.10464581685931
pep_0206,gene_042,ctrl,0h,1,73.12936516881203
pep_0206,gene_042,ctrl,0h,2,124.10875269595168
pep_0206,gene_042,ctrl,0h,3,99.4559179913714
pep_0206,gene_042,ctrl,0h,4,126.19974957220857
pep_0206,gene_042,ctrl,0h,5,109.10908746426917
pep_0206,gene_042,ctrl,0h,6,97.05443647068608
pep_0206,gene_042,ctrl,24h,1,69.15818734259106
pep_0206,gene_042,ctrl,24h,2,67.11239813149038
pep_0206,gene_042,ctrl,24h,3,141.7323016472529
pep_0206,gene_042,ctrl,24h,4,58.07762703918546
pep_0206,gene_042,ctrl,24h,5,133.73975110340433
pep_0206,gene_042,ctrl,24h,6,208.92001784026434
pep_0206,gene_042,ctrl,6h,1,90.07917942800009
pep_0206,gene_042,ctrl,6h,2,50.70020590357735
pep_0206,gene_042,ctrl,6h,3,115.4646419352445
pep_0206,gene_042,ctrl,6h,4,133.18124817857765
pep_0206,gene_042,ctrl,6h,5,112.62423912133467
pep_0206,gene_042,ctrl,6h,6,78.91178946117671
pep_0206,gene_042,drug,0h,1,89.23351063020687
pep_0206,gene_042,drug,0h,2,100.0846496426059
pep_0206,gene_042,drug,0h,3,67.34283993376464
pep_0206,gene_042,drug,0h,4,123.72092427544446
pep_0206,gene_042,drug,0h,5,147.9984529746293
pep_0206,gene_042,drug,0h,6,84.52815823051256
pep_0206,gene_042,drug,24h,1,136.12157697095626
pep_0206,gene_042,drug,24h,2,77.38193462030449
pep_0206,gene_042,drug,24h,3,104.49298473574237
pep_0206,gene_042,drug,24h,4,85.39601920578345
pep_0206,gene_042,drug,24h,5,124.62731892054583
pep_0206,gene_042,drug,24h,6,129.95284935211075
pep_0206,gene_042,drug,6h,1,84.40989681851163
pep_0206,gene_042,drug,6h,2,166.44861638003897
pep_0206,gene_042,drug,6h,3,102.09565896638632
pep_0206,gene_042,drug,6h,4,113.82498684954336
pep_0206,gene_042,drug,6h,5,107.15313574647499
pep_0206,gene_042,drug,6h,6,81.67025127324146
pep_0207,gene_042,ctrl,0h,1,54.857374712321935
pep_0207,gene_042,ctrl,0h,2,18.487831902148866
pep_0207,gene_042,ctrl,0h,3,110.0427008486074
pep_0207,gene_042,ctrl,0h,4,126.33615665860644
pep_0207,gene_042,ctrl,0h,5,94.81547119935303
pep_0207,gene_042,ctrl,0h,6,73.08584196553848
pep_0207,gene_042,ctrl,24h,1,101.3788544628198
pep_0207,gene_042,ctrl,24h,2,144.43466572396164
pep_0207,gene_042,ctrl,24h,3,75.19849095497668
pep_0207,gene_042,ctrl,24h,4,105.91258131589302
pep_0207,gene_042,ctrl,24h,5,27.68309139879601
pep_0207,gene_042,ctrl,24h,6,102.21202661506493
pep_0207,gene_042,ctrl,6h,1,54.70048170811051
pep_0207,gene_042,ctrl,6h,2,32.136279860470715
pep_0207,gene_042,ctrl,6h,3,77.578534805651
pep_0207,gene_042,ctrl,6h,4,102.71194211254723
pep_0207,gene_042,ctrl,6h,5,44.117187494835946
pep_0207,gene_042,ctrl,6h,6,29.494214653780045
pep_0207,gene_042,drug,0h,1,69.4179206214865
pep_0207,gene_042,drug,0h,2,79.52258347104981
pep_0207,gene_042,drug,0h,3,135.83454420454072
pep_0207,gene_042,drug,0h,4,57.320123792283525
pep_0207,gene_042,drug,0h,5,86.2662503297687
pep_0207,gene_042,drug,0h,6,114.46132684306401
pep_0207,gene_042,drug,24h,1,29.00617776193299
pep_0207,gene_042,drug,24h,2,96.64943854914816
pep_0207,gene_042,drug,24h,3,86.99578101313072
pep_0207,gene_042,drug,24h,4,47.8539971796287
pep_0207,gene_042,drug,24h,5,28.269728596421253
pep_0207,gene_042,drug,24h,6,82.79474133681396
pep_0207,gene_042,drug,6h,1,85.03736192609054
pep_0207,gene_042,drug,6h,2,60.08478402265113
pep_0207,gene_042,drug,6h,3,95.72961408303085
pep_0207,gene_042,drug,6h,4,64.71838203503381
pep_0207,gene_042,drug,6h,5,109.33639077541336
pep_0207,gene_042,drug,6h,6,59.91045972813657
pep_0208,gene_042,ctrl,0h,1,52.31350982202753
pep_0208,gene_042,ctrl,0h,2,72.13664345950649
pep_0208,gene_042,ctrl,0h,3,67.9427208790603
pep_0208,gene_042,ctrl,0h,4,60.64257489917184
pep_0208,gene_042,ctrl,0h,5,207.0016537124442
pep_0208,gene_042,ctrl,0h,6,118.29907829074433
pep_0208,gene_042,ctrl,24h,1,76.69651795763116
pep_0208,gene_042,ctrl,24h,2,76.92510682502586
pep_0208,gene_042,ctrl,24h,3,133.00966662398366
pep_0208,gene_042,ctrl,24h,4,49.744223427208965
pep_0208,gene_042,ctrl,24h,5,73.75329985373418
pep_0208,gene_042,ctrl,24h,6,203.98717778720027
pep_0208,gene_042,ctrl,6h,1,98.25228412028761
pep_0208,gene_042,ctrl,6h,2,103.92011808014092
pep_0208,gene_042,ctrl,6h,3,179.19289787242946
pep_0208,gene_042,ctrl,6h,4,117.31153038566937
pep_0208,gene_042,ctrl,6h,5,129.22137206022182
pep_0208,gene_042,ctrl,6h,6,104.93554222365832
pep_0208,gene_042,drug,0h,1,103.32936088316968
pep_0208,gene_042,drug,0h,2,105.27177849486017
pep_0208,gene_042,drug,0h,3,60.122781519189104
pep_0208,gene_042,drug,0h,4,92.19124279296751
pep_0208,gene_042,drug,0h,5,89.00023955223656
pep_0208,gene_042,drug,0h,6,100.4183338519872
pep_0208,gene_042,drug,24h,1,97.12465314273958
pep_0208,gene_042,drug,24h,2,86.46128651207464
pep_0208,gene_042,drug,24h,3,77.3647997877598
pep_0208,gene_042,drug,24h,4,82.45834609495901
pep_0208,gene_042,drug,24h,5,124.60579089345309
pep_0208,gene_042,drug,24h,6,114.07495626310443
pep_0208,gene_042,drug,6h,1,72.80613860495694
pep_0208,gene_042,drug,6h,2,121.51658905563431
pep_0208,gene_042,drug,6h,3,73.53832787935394
pep_0208,gene_042,drug,6h,4,114.62731138460104
pep_0208,gene_042,drug,6h,5,72.53471606578789
pep_0208,gene_042,drug,6h,6,106.426368107659
pep_0209,gene_042,ctrl,0h,1,145.14554093820823
pep_0209,gene_042,ctrl,0h,2,150.44063825276385
pep_0209,gene_042,ctrl,0h,3,168.5441784791885
pep_0209,gene_042,ctrl,0h,4,138.49501841942532
pep_0209,gene_042,ctrl,0h,5,96.28582937650538
pep_0209,gene_042,ctrl,0h,6,136.37062832742362
pep_0209,gene_042,ctrl,24h,1,154.03754247664955
pep_0209,gene_042,ctrl,24h,2,159.88506524964725
pep_0209,gene_042,ctrl,24h,3,136.5930206223164
pep_0209,gene_042,ctrl,24h,4,142.7630833001057
pep_0209,gene_042,ctrl,24h,5,163.19764925120882
pep_0209,gene_042,ctrl,24h,6,150.12933747393552
pep_0209,gene_042,ctrl,6h,1,144.16840779059743
pep_0209,gene_042,ctrl,6h,2,183.68493592973698
pep_0209,gene_042,ctrl,6h,3,176.87496059709156
pep_0209,gene_042,ctrl,6h,4,92.87928554441625
pep_0209,gene_042,ctrl,6h,5,165.527075887691
pep_0209,gene_042,ctrl,6h,6,108.55142362360569
pep_0209,gene_042,drug,0h,1,182.6417256902509
pep_0209,gene_042,drug,0h,2,90.19742724644252
pep_0209,gene_042,drug,0h,3,194.79629478774203
pep_0209,gene_042,drug,0h,4,205.28057561759726
pep_0209,gene_042,drug,0h,5,271.0401390709698
pep_0209,gene_042,drug,0h,6,119.34976413181349
pep_0209,gene_042,drug,24h,1,158.6911956757968
pep_0209,gene_042,drug,24h,2,121.61126735385086
pep_0209,gene_042,drug,24h,3,207.082181319668
pep_0209,gene_042,drug,24h,4,140.01002318115175
pep_0209,gene_042,drug,24h,5,111.33552110382476
pep_0209,gene_042,drug,24h,6,311.0043547002484
pep_0209,gene_042,drug,6h,1,174.88405235583642
pep_0209,gene_042,drug,6h,2,123.89192879000734
pep_0209,gene_042,drug,6h,3,154.4419146290738
pep_0209,gene_042,drug,6h,4,197.04632506597562
pep_0209,gene_042,drug,6h,5,205.6686778705753
pep_0209,gene_042,drug,6h,6,140.68312951835827
pep_0210,gene_042,ctrl,0h,1,90.3233964122969
pep_0210,gene_042,ctrl,0h,2,133.58571290661396
pep_0210,gene_042,ctrl,0h,3,83.45763916015365
pep_0210,gene_042,ctrl,0h,4,67.53184615053819
pep_0210,gene_042,ctrl,0h,5,108.10029462385984
pep_0210,gene_042,ctrl,0h,6,46.01862715578003
pep_0210,gene_042,ctrl,24h,1,74.39150541269647
pep_0210,gene_042,ctrl,24h,2,132.86114217238705
pep_0210,gene_042,ctrl,24h,3,62.43478516670397
pep_0210,gene_042,ctrl,24h,4,61.29498304488449
pep_0210,gene_042,ctrl,24h,5,95.2383714409622
pep_0210,gene_042,ctrl,24h,6,154.61178226452296
pep_0210,gene_042,ctrl,6h,1,99.83927054368814
pep_0210,gene_042,ctrl,6h,2,66.6582770437527
pep_0210,gene_042,ctrl,6h,3,140.56665537040837
pep_0210,gene_042,ctrl,6h,4,80.92834328234338
pep_0210,gene_042,ctrl,6h,5,61.69638660505688
pep_0210,gene_042,ctrl,6h,6,55.151237832992074
pep_0210,gene_042,drug,0h,1,72.68052666757039
pep_0210,gene_042,drug,0h,2,89.58653556660168
pep_0210,gene_042,drug,0h,3,93.91941383293191
pep_0210,gene_042,drug,0h,4,67.20798766331369
pep_0210,gene_042,drug,0h,5,88.26565834388327
pep_0210,gene_042,drug,0h,6,53.4769542196931
pep_0210,gene_042,drug,24h,1,78.26526950527064
pep_0210,gene_042,drug,24h,2,52.086586927878436
pep_0210,gene_042,drug,24h,3,134.2881008874016
pep_0210,gene_042,drug,24h,4,79.7330431200952
pep_0210,gene_042,drug,24h,5,92.31529713028593
pep_0210,gene_042,drug,24h,6,114.41548447582065
pep_0210,gene_042,drug,6h,1,143.0821446916778
pep_0210,gene_042,drug,6h,2,109.86617667982436
pep_0210,gene_042,drug,6h,3,59.54406928309288
pep_0210,gene_042,drug,6h,4,62.068642042016855
pep_0210,gene_042,drug,6h,5,74.91467239219538
pep_0210,gene_042,drug,6h,6,140.51015374434684
pep_0211,gene_043,ctrl,0h,1,109.87497946000411
pep_0211,gene_043,ctrl,0h,2,60.69459516581536
pep_0211,gene_043,ctrl,0h,3,97.0237595169206
pep_0211,gene_043,ctrl,0h,4,83.39500819706028
pep_0211,gene_043,ctrl,0h,5,202.92876685228495
pep_0211,gene_043,ctrl,0h,6,84.93290646412571
pep_0211,gene_043,ctrl,24h,1,141.99728473957526
pep_0211,gene_043,ctrl,24h,2,136.7525249066454
pep_0211,gene_043,ctrl,24h,3,80.15306668268546
pep_0211,gene_043,ctrl,24h,4,119.31315589309438
pep_0211,gene_043,ctrl,24h,5,113.0178008041855
pep_0211,gene_043,ctrl,24h,6,122.05176362415772
pep_0211,gene_043,ctrl,6h,1,120.5144196638398
pep_0211,gene_043,ctrl,6h,2,78.46036258985757
pep_0211,gene_043,ctrl,6h,3,67.7710805936272
pep_0211,gene_043,ctrl,6h,4,108.50743188042973
pep_0211,gene_043,ctrl,6h,5,161.2622000281675
pep_0211,gene_043,ctrl,6h,6,84.37232371402503
pep_0211,gene_043,drug,0h,1,60.93889667216887
pep_0211,gene_043,drug,0h,2,101.85387173522652
pep_0211,gene_043,drug,0h,3,65.38920900927485
pep_0211,gene_043,drug,0h,4,100.43004111982555
pep_0211,gene_043,drug,0h,5,85.16987539639138
pep_0211,gene_043,drug,0h,6,135.2206173015487
pep_0211,gene_043,drug,24h,1,123.54482344403611
pep_0211,gene_043,drug,24h,2,100.66500616428509
pep_0211,gene_043,drug,24h,3,144.96645046378657
pep_0211,gene_043,drug,24h,4,147.09658823817892
pep_0211,gene_043,drug,24h,5,77.83395088563758
pep_0211,gene_043,drug,24h,6,132.98694774817395
pep_0211,gene_043,drug,6h,1,117.13396039155597
pep_0211,gene_043,drug,6h,2,74.45292047572103
pep_0211,gene_043,drug,6h,3,113.27204074089813
pep_0211,gene_043,drug,6h,4,196.52163287439882
pep_0211,gene_043,drug,6h,5,59.99943171212421
pep_0211,gene_043,drug,6h,6,217.19670232662185
pep_0212,gene_043,ctrl,0h,1,64.61330187278065
pep_0212,gene_043,ctrl,0h,2,94.40774801553034
pep_0212,gene_043,ctrl,0h,3,29.979664585166084
pep_0212,gene_043,ctrl,0h,4,55.05402861045903
pep_0212,gene_043,ctrl,0h,5,90.23235140163246
pep_0212,gene_043,ctrl,0h,6,126.47791151935772
pep_0212,gene_043,ctrl,24h,1,23.928457766649252
pep_0212,gene_043,ctrl,24h,2,35.63522159828804
pep_0212,gene_043,ctrl,24h,3,46.03966817422057
pep_0212,gene_043,ctrl,24h,4,45.16451801636419
pep_0212,gene_043,ctrl,24h,5,11.296924734871055
pep_0212,gene_043,ctrl,24h,6,85.50991408068539
pep_0212,gene_043,ctrl,6h,1,37.97192545042242
pep_0212,gene_043,ctrl,6h,2,NA
pep_0212,gene_043,ctrl,6h,3,61.05988054880466
pep_0212,gene_043,ctrl,6h,4,67.83784514838273
pep_0212,gene_043,ctrl,6h,5,68.53007737933464
pep_0212,gene_043,ctrl,6h,6,78.48011539780727
pep_0212,gene_043,drug,0h,1,63.605089942260946
pep_0212,gene_043,drug,0h,2,42.26015488750489
pep_0212,gene_043,drug,0h,3,52.574622727845714
pep_0212,gene_043,drug,0h,4,32.84392258948602
pep_0212,gene_043,drug,0h,5,117.68842711834137
pep_0212,gene_043,drug,0h,6,78.51130232851798
pep_0212,gene_043,drug,24h,1,38.12498122569018
pep_0212,gene_043,drug,24h,2,76.65677319223853
pep_0212,gene_043,drug,24h,3,136.71603424546834
pep_0212,gene_043,drug,24h,4,54.98743346545493
pep_0212,gene_043,drug,24h,5,33.69678636104575
pep_0212,gene_043,drug,24h,6,61.47818757635082
pep_0212,gene_043,drug,6h,1,42.57902163208282
pep_0212,gene_043,drug,6h,2,25.92039948207432
pep_0212,gene_043,drug,6h,3,94.93588552643244
pep_0212,gene_043,drug,6h,4,81.36526174636296
pep_0212,gene_043,drug,6h,5,40.260757512016845
pep_0212,gene_043,drug,6h,6,14.45887296683696
pep_0213,gene_043,ctrl,0h,1,56.621306318388626
pep_0213,gene_043,ctrl,0h,2,38.40593342289779
pep_0213,gene_043,ctrl,0h,3,104.90362044769675
pep_0213,gene_043,ctrl,0h,4,44.61442876310512
pep_0213,gene_043,ctrl,0h,5,61.4910609851564
pep_0213,gene_043,ctrl,0h,6,59.98788652641966
pep_0213,gene_043,ctrl,24h,1,36.27825860629586
pep_0213,gene_043,ctrl,24h,2,84.85105939777722
pep_0213,gene_043,ctrl,24h,3,79.12497768996548
pep_0213,gene_043,ctrl,24h,4,23.384611846923708
pep_0213,gene_043,ctrl,24h,5,27.213175647377966
pep_0213,gene_043,ctrl,24h,6,24.65783946925893
pep_0213,gene_043,ctrl,6h,1,62.183637196515654
pep_0213,gene_043,ctrl,6h,2,56.25599326816001
pep_0213,gene_043,ctrl,6h,3,39.71934720308765
pep_0213,gene_043,ctrl,6h,4,44.16692932379952
pep_0213,gene_043,ctrl,6h,5,83.94711665222088
pep_0213,gene_043,ctrl,6h,6,57.67560726495122
pep_0213,gene_043,drug,0h,1,38.61251010415063
pep_0213,gene_043,drug,0h,2,105.84048894594493
pep_0213,gene_043,drug,0h,3,20.276313965946585
pep_0213,gene_043,drug,0h,4,32.804398146687596
pep_0213,gene_043,drug,0h,5,23.185930708145374
pep_0213,gene_043,drug,0h,6,66.11976033458022
pep_0213,gene_043,drug,24h,1,63.70648020711238
pep_0213,gene_043,drug,24h,2,26.562560046835713
pep_0213,gene_043,drug,24h,3,31.123770884105006
pep_0213,gene_043,drug,24h,4,32.13723422891813
pep_0213,gene_043,drug,24h,5,41.212208503743405
pep_0213,gene_043,drug,24h,6,24.53408955958046
pep_0213,gene_043,drug,6h,1,48.69251013829297
pep_0213,gene_043,drug,6h,2,41.13010717157151
pep_0213,gene_043,drug,6h,3,16.147068203205645
pep_0213,gene_043,drug,6h,4,48.75905231347229
pep_0213,gene_043,drug,6h,5,32.04827363350268
pep_0213,gene_043,drug,6h,6,48.64038742145962
pep_0214,gene_043,ctrl,0h,1,53.69073027378641
pep_0214,gene_043,ctrl,0h,2,82.7950649155695
pep_0214,gene_043,ctrl,0h,3,119.79280324731843
pep_0214,gene_043,ctrl,0h,4,69.07597442165383
pep_0214,gene_043,ctrl,0h,5,118.52903708007547
pep_0214,gene_043,ctrl,0h,6,24.044284400517398
pep_0214,gene_043,ctrl,24h,1,121.33688496209571
pep_0214,gene_043,ctrl,24h,2,45.28964469021962
pep_0214,gene_043,ctrl,24h,3,81.49731939003091
pep_0214,gene_043,ctrl,24h,4,121.28893894592872
pep_0214,gene_043,ctrl,24h,5,41.580873450354005
pep_0214,gene_043,ctrl,24h,6,76.54180774333305
pep_0214,gene_043,ctrl,6h,1,49.821774987826885
pep_0214,gene_043,ctrl,6h,2,52.06075214172948
pep_0214,gene_043,ctrl,6h,3,126.29321469329281
pep_0214,gene_043,ctrl,6h,4,111.93078332303934
pep_0214,gene_043,ctrl,6h,5,113.62619883610759
pep_0214,gene_043,ctrl,6h,6,56.62598656698847
pep_0214,gene_043,drug,0h,1,74.04034996423755
pep_0214,gene_043,drug,0h,2,107.96804447239721
pep_0214,gene_043,drug,0h,3,53.16117286482673
pep_0214,gene_043,drug,0h,4,99.59575432436682
pep_0214,gene_043,drug,0h,5,23.26864643317714
pep_0214,gene_043,drug,0h,6,31.883425693471363
pep_0214,gene_043,drug,24h,1,68.667896401449255
pep_0214,gene_043,drug,24h,2,91.45086260106935
pep_0214,gene_043,drug,24h,3,42.642526574445135
pep_0214,gene_043,drug,24h,4,89.05375404508095
pep_0214,gene_043,drug,24h,5,32.39642389469033
pep_0214,gene_043,drug,24h,6,164.85176178432974
pep_0214,gene_043,drug,6h,1,28.278530315796644
pep_0214,gene_043,drug,6h,2,152.3609198759702
pep_0214,gene_043,drug,6h,3,131.23808113576786
pep_0214,gene_043,drug,6h,4,50.094264246996914
pep_0214,gene_043,drug,6h,5,42.823007672818974
pep_0214,gene_043,drug,6h,6,37.068814111348885
pep_0215,gene_043,ctrl,0h,1,136.04442746946987
pep_0215,gene_043,ctrl,0h,2,78.51384812929079
pep_0215,gene_043,ctrl,0h,3,128.2060193988363
pep_0215,gene_043,ctrl,0h,4,103.96919257403789
pep_0215,gene_043,ctrl,0h,5,95.62980972594278
pep_0215,gene_043,ctrl,0h,6,211.3084441592082
pep_0215,gene_043,ctrl,24h,1,103.80118277556187
pep_0215,gene_043,ctrl,24h,2,143.03875359121838
pep_0215,gene_043,ctrl,24h,3,90.51346529052785
pep_0215,gene_043,ctrl,24h,4,91.13819579213889
pep_0215,gene_043,ctrl,24h,5,149.59730868296077
pep_0215,gene_043,ctrl,24h,6,193.40287358345316
pep_0215,gene_043,ctrl,6h,1,81.81432355922256
pep_0215,gene_043,ctrl,6h,2,157.38150806326132
pep_0215,gene_043,ctrl,6h,3,164.15394311299312
pep_0215,gene_043,ctrl,6h,4,180.58236437149483
pep_0215,gene_043,ctrl,6h,5,196.8546812569235
pep_0215,gene_043,ctrl,6h,6,126.9893381108982
pep_0215,gene_043,drug,0h,1,150.41826958144955
pep_0215,gene_043,drug,0h,2,146.28381639403307
pep_0215,gene_043,drug,0h,3,141.73774458639934
pep_0215,gene_043,drug,0h,4,106.27876972692466
pep_0215,gene_043,drug,0h,5,142.13405440781872
pep_0215,gene_043,drug,0h,6,271.8793414594932
pep_0215,gene_043,drug,24h,1,133.77143015523913
pep_0215,gene_043,drug,24h,2,124.49435235279802
pep_0215,gene_043,drug,24h,3,84.28392221725028
pep_0215,gene_043,drug,24h,4,111.24075280423895
pep_0215,gene_043,drug,24h,5,125.18897071942182
pep_0215,gene_043,drug,24h,6,196.076299978835
pep_0215,gene_043,drug,6h,1,155.40716974518847
pep_0215,gene_043,drug,6h,2,123.77014478998545
pep_0215,gene_043,drug,6h,3,125.54217683163903
pep_0215,gene_043,drug,6h,4,129.28459884173827
pep_0215,gene_043,drug,6h,5,129.13276027916615
pep_0215,gene_043,drug,6h,6,93.8126593808722
pep_0216,gene_044,ctrl,0h,1,51.715856497181676
pep_0216,gene_044,ctrl,0h,2,62.889013165498
pep_0216,gene_044,ctrl,0h,3,59.194310799324995
pep_0216,gene_044,ctrl,0h,4,29.394989061863704
pep_0216,gene_044,ctrl,0h,5,54.81126836422308
pep_0216,gene_044,ctrl,0h,6,101.24369565013198
pep_0216,gene_044,ctrl,24h,1,67.04142717366193
pep_0216,gene_044,ctrl,24h,2,51.98652575295688
pep_0216,gene_044,ctrl,24h,3,50.92742771129711
pep_0216,gene_044,ctrl,24h,4,31.46864497937981
pep_0216,gene_044,ctrl,24h,5,125.56768949886926
pep_0216,gene_044,ctrl,24h,6,54.37442173692654
pep_0216,gene_044,ctrl,6h,1,86.41800280746699
pep_0216,gene_044,ctrl,6h,2,81.76966702339509
pep_0216,gene_044,ctrl,6h,3,48.54758024350179
pep_0216,gene_044,ctrl,6h,4,67.56191082281713
pep_0216,gene_044,ctrl,6h,5,112.0512866157628
pep_0216,gene_044,ctrl,6h,6,113.42727302385727
pep_0216,gene_044,drug,0h,1,59.288651258387176
pep_0216,gene_044,drug,0h,2,83.16014817578062
pep_0216,gene_044,drug,0h,3,62.4964567610339
pep_0216,gene_044,drug,0h,4,90.55343136773544
pep_0216,gene_044,drug,0h,5,41.72308345662528
pep_0216,gene_044,drug,0h,6,57.158923051922066
pep_0216,gene_044,drug,24h,1,15.279260976937374
pep_0216,gene_044,drug,24h,2,58.86938658610654
pep_0216,gene_044,drug,24h,3,69.5936813969144
pep_0216,gene_044,drug,24h,4,54.687839126420506
pep_0216,gene_044,drug,24h,5,75.41348082131739
pep_0216,gene_044,drug,24h,6,46.83463179345002
pep_0216,gene_044,drug,6h,1,27.567127558272123
pep_0216,gene_044,drug,6h,2,41.71077525241978
pep_0216,gene_044,drug,6h,3,55.69472198754039
pep_0216,gene_044,drug,6h,4,85.56778978448529
pep_0216,gene_044,drug,6h,5,30.925792809012158
pep_0216,gene_044,drug,6h,6,37.60127086895715
pep_0217,gene_044,ctrl,0h,1,38.59060332976729
pep_0217,gene_044,ctrl,0h,2,86.17260989908127
pep_0217,gene_044,ctrl,0h,3,37.87343238530621
pep_0217,gene_044,ctrl,0h,4,65.48675182176599
pep_0217,gene_044,ctrl,0h,5,62.91290889532358
pep_0217,gene_044,ctrl,0h,6,80.33029160379739
pep_0217,gene_044,ctrl,24h,1,44.055577539396594
pep_0217,gene_044,ctrl,24h,2,103.4056479104436
pep_0217,gene_044,ctrl,24h,3,35.7872580833466
pep_0217,gene_044,ctrl,24h,4,49.93969542203159
pep_0217,gene_044,ctrl,24h,5,50.16590508437242
pep_0217,gene_044,ctrl,24h,6,124.26138050742702
pep_0217,gene_044,ctrl,6h,1,131.9139545725569
pep_0217,gene_044,ctrl,6h,2,34.12647923388172
pep_0217,gene_044,ctrl,6h,3,63.09471704763605
pep_0217,gene_044,ctrl,6h,4,115.58789530717266
pep_0217,gene_044,ctrl,6h,5,134.96862011495065
pep_0217,gene_044,ctrl,6h,6,101.93285184369715
pep_0217,gene_044,drug,0h,1,87.05120165197944
pep_0217,gene_044,drug,0h,2,80.28462522117768
pep_0217,gene_044,drug,0h,3,46.670976897495805
pep_0217,gene_044,drug,0h,4,56.273643235141186
pep_0217,gene_044,drug,0h,5,34.09949721595628
pep_0217,gene_044,drug,0h,6,94.38910597440436
pep_0217,gene_044,drug,24h,1,21.177649106143964
pep_0217,gene_044,drug,24h,2,111.7437274683854
pep_0217,gene_044,drug,24h,3,110.82301227164356
pep_0217,gene_044,drug,24h,4,46.90446436760657
pep_0217,gene_044,drug,24h,5,39.877686235927264
pep_0217,gene_044,drug,24h,6,96.35013490088222
pep_0217,gene_044,drug,6h,1,48.438981916435864
pep_0217,gene_044,drug,6h,2,78.07145951089326
pep_0217,gene_044,drug,6h,3,42.22116761829018
pep_0217,gene_044,drug,6h,4,44.24498674821102
pep_0217,gene_044,drug,6h,5,25.786394288309804
pep_0217,gene_044,drug,6h,6,28.68408680606965
pep_0218,gene_044,ctrl,0h,1,117.45335411815817
pep_0218,gene_044,ctrl,0h,2,90.07600449695737
pep_0218,gene_044,ctrl,0h,3,53.3057308864261
pep_0218,gene_044,ctrl,0h,4,124.15230429392285
pep_0218,gene_044,ctrl,0h,5,88.68457930552773
pep_0218,gene_044,ctrl,0h,6,63.029440499677534
pep_0218,gene_044,ctrl,24h,1,77.18754880147193
pep_0218,gene_044,ctrl,24h,2,53.99496759737165
pep_0218,gene_044,ctrl,24h,3,57.958328838715246
pep_0218,gene_044,ctrl,24h,4,37.05370949908961
pep_0218,gene_044,ctrl,24h,5,58.13319472324505
pep_0218,gene_044,ctrl,24h,6,162.33796969867655
pep_0218,gene_044,ctrl,6h,1,59.48052383200968
pep_0218,gene_044,ctrl,6h,2,63.251861828539816
pep_0218,gene_044,ctrl,6h,3,143.23319123118608
pep_0218,gene_044,ctrl,6h,4,120.72061885839356
pep_0218,gene_044,ctrl,6h,5,119.74731984800034
pep_0218,gene_044,ctrl,6h,6,34.33607820294359
pep_0218,gene_044,drug,0h,1,50.42278243259962
pep_0218,gene_044,drug,0h,2,62.3910879467266
pep_0218,gene_044,drug,0h,3,19.33436620682462
pep_0218,gene_044,drug,0h,4,67.85362883655473
pep_0218,gene_044,drug,0h,5,57.64382078931551
pep_0218,gene_044,drug,0h,6,66.72425742197655
pep_0218,gene_044,drug,24h,1,39.18527940477218
pep_0218,gene_044,drug,24h,2,49.936768721162764
pep_0218,gene_044,drug,24h,3,55.757067551465795
pep_0218,gene_044,drug,24h,4,133.74715142757714
pep_0218,gene_044,drug,24h,5,48.322966610744125
pep_0218,gene_044,drug,24h,6,55.52204787357245
pep_0218,gene_044,drug,6h,1,80.40137849736432
pep_0218,gene_044,drug,6h,2,94.80416002493773
pep_0218,gene_044,drug,6h,3,34.73585216631801
pep_0218,gene_044,drug,6h,4,86.01251437773101
pep_0218,gene_044,drug,6h,5,51.31619865372214
pep_0218,gene_044,drug,6h,6,43.492952684644315
pep_0219,gene_044,ctrl,0h,1,107.68328731361972
pep_0219,gene_044,ctrl,0h,2,70.33803283015598
pep_0219,gene_044,ctrl,0h,3,37.736129775180146
pep_0219,gene_044,ctrl,0h,4,25.42735785798182
pep_0219,gene_044,ctrl,0h,5,123.25592305222604
pep_0219,gene_044,ctrl,0h,6,96.22351657766072
pep_0219,gene_044,ctrl,24h,1,59.61757706543773
pep_0219,gene_044,ctrl,24h,2,30.644546529555797
pep_0219,gene_044,ctrl,24h,3,32.68901449122567
pep_0219,gene_044,ctrl,24h,4,50.63346742065354
pep_0219,gene_044,ctrl,24h,5,52.93759436670239
pep_0219,gene_044,ctrl,24h,6,71.0666712971795
pep_0219,gene_044,ctrl,6h,1,43.27534579224046
pep_0219,gene_044,ctrl,6h,2,101.24837419530971
pep_0219,gene_044,ctrl,6h,3,67.47571035099813
pep_0219,gene_044,ctrl,6h,4,43.05967555087015
pep_0219,gene_044,ctrl,6h,5,107.14569378275802
pep_0219,gene_044,ctrl,6h,6,80.93454886749005
pep_0219,gene_044,drug,0h,1,93.04697565875948
pep_0219,gene_044,drug,0h,2,74.30473364189447
pep_0219,gene_044,drug,0h,3,52.20579772083385
pep_0219,gene_044,drug,0h,4,86.36127315810282
pep_0219,gene_044,drug,0h,5,56.886792568138574
pep_0219,gene_044,drug,0h,6,104.28417376075087
pep_0219,gene_044,drug,24h,1,78.34186307715905
pep_0219,gene_044,drug,24h,2,61.419228531989845
pep_0219,gene_044,drug,24h,3,57.485652027493146
pep_0219,gene_044,drug,24h,4,49.611075458316265
pep_0219,gene_044,drug,24h,5,39.10547117111998
pep_0219,gene_044,drug,24h,6,115.44683352369844
pep_0219,gene_044,drug,6h,1,26.965542872233094
pep_0219,gene_044,drug,6h,2,71.14407021787936
pep_0219,gene_044,drug,6h,3,67.44647201198873
pep_0219,gene_044,drug,6h,4,35.50026195909419
pep_0219,gene_044,drug,6h,5,126.79457535723846
pep_0219,gene_044,drug,6h,6,140.434352210142
pep_0220,gene_044,ctrl,0h,1,53.784387419496554
pep_0220,gene_044,ctrl,0h,2,97.36051912654925
pep_0220,gene_044,ctrl,0h,3,73.78366183435489
pep_0220,gene_044,ctrl,0h,4,56.614816934723244
pep_0220,gene_044,ctrl,0h,5,48.83857838327373
pep_0220,gene_044,ctrl,0h,6,32.391545170750774
pep_0220,gene_044,ctrl,24h,1,37.403953580527066
pep_0220,gene_044,ctrl,24h,2,55.102753885496234
pep_0220,gene_044,ctrl,24h,3,72.44128070938582
pep_0220,gene_044,ctrl,24h,4,58.65054534438896
pep_0220,gene_044,ctrl,24h,5,44.160928335128645
pep_0220,gene_044,ctrl,24h,6,80.58894493664013
pep_0220,gene_044,ctrl,6h,1,39.443913826873626
pep_0220,gene_044,ctrl,6h,2,44.17672435440586
pep_0220,gene_044,ctrl,6h,3,69.26901675428036
pep_0220,gene_044,ctrl,6h,4,28.81884679562527
pep_0220,gene_044,ctrl,6h,5,132.38061031498128
pep_0220,gene_044,ctrl,6h,6,66.85053150934148
pep_0220,gene_044,drug,0h,1,59.61208046191192
pep_0220,gene_044,drug,0h,2,37.09875178775174
pep_0220,gene_044,drug,0h,3,76.37227269578007
pep_0220,gene_044,drug,0h,4,85.35872520983456
pep_0220,gene_044,drug,0h,5,81.87197812230657
pep_0220,gene_044,drug,0h,6,61.025213224104135
pep_0220,gene_044,drug,24h,1,48.61547310309644
pep_0220,gene_044,drug,24h,2,86.11764482721287
pep_0220,gene_044,drug,24h,3,106.11544876481211
pep_0220,gene_044,drug,24h,4,42.81618340493223
pep_0220,gene_044,drug,24h,5,36.91303512387026
pep_0220,gene_044,drug,24h,6,41.76132305672808
pep_0220,gene_044,drug,6h,1,100.7681592851447
pep_0220,gene_044,drug,6h,2,97.37981120673824
pep_0220,gene_044,drug,6h,3,60.691263579868284
pep_0220,gene_044,drug,6h,4,137.4813338587877
pep_0220,gene_044,drug,6h,5,107.06284504038058
pep_0220,gene_044,drug,6h,6,61.4632303567089
pep_0221,gene_045,ctrl,0h,1,122.54179246487276
pep_0221,gene_045,ctrl,0h,2,16.216762655784304
pep_0221,gene_045,ctrl,0h,3,46.264460098086886
pep_0221,gene_045,ctrl,0h,4,31.643017661063237
pep_0221,gene_045,ctrl,0h,5,NA
pep_0221,gene_045,ctrl,0h,6,44.593864049533444
pep_0221,gene_045,ctrl,24h,1,67.73386666064987
pep_0221,gene_045,ctrl,24h,2,25.46060737441305
pep_0221,gene_045,ctrl,24h,3,28.160305611465134
pep_0221,gene_045,ctrl,24h,4,43.21366369001573
pep_0221,gene_045,ctrl,24h,5,42.57132164450144
pep_0221,gene_045,ctrl,24h,6,61.792973025101574
pep_0221,gene_045,ctrl,6h,1,30.990610790951642
pep_0221,gene_045,ctrl,6h,2,38.759076763602856
pep_0221,gene_045,ctrl,6h,3,NA
pep_0221,gene_045,ctrl,6h,4,58.647084345813866
pep_0221,gene_045,ctrl,6h,5,52.39779011322961
pep_0221,gene_045,ctrl,6h,6,27.065528293738634
pep_0221,gene_045,drug,0h,1,12.044574156254425
pep_0221,gene_045,drug,0h,2,58.62665089057684
pep_0221,gene_045,drug,0h,3,117.21614278507086
pep_0221,gene_045,drug,0h,4,80.50424221462782
pep_0221,gene_045,drug,0h,5,42.13551075728082
pep_0221,gene_045,drug,0h,6,45.092058485924326
pep_0221,gene_045,drug,24h,1,45.343966763284456
pep_0221,gene_045,drug,24h,2,19.258385142776202
pep_0221,gene_045,drug,24h,3,38.46107159826652
pep_0221,gene_045,drug,24h,4,52.63437997365616
pep_0221,gene_045,drug,24h,5,45.48754318868647
pep_0221,gene_045,drug,24h,6,27.09593281732822
pep_0221,gene_045,drug,6h,1,46.08992708678464
pep_0221,gene_045,drug,6h,2,31.577051874325925
pep_0221,gene_045,drug,6h,3,29.323346700890582
pep_0221,gene_045,drug,6h,4,39.65989393507559
pep_0221,gene_045,drug,6h,5,55.36446167522317
pep_0221,gene_045,drug,6h,6,32.08076483182701
pep_0222,gene_045,ctrl,0h,1,86.61578294255997
pep_0222,gene_045,ctrl,0h,2,108.23176844192477
pep_0222,gene_045,ctrl,0h,3,85.8398497143665
pep_0222,gene_045,ctrl,0h,4,49.75197605349681
pep_0222,gene_045,ctrl,0h,5,109.46744800522195
pep_0222,gene_045,ctrl,0h,6,133.95044425368394
pep_0222,gene_045,ctrl,24h,1,77.33964170053339
pep_0222,gene_045,ctrl,24h,2,172.56883512755468
pep_0222,gene_045,ctrl,24h,3,45.88070488468653
pep_0222,gene_045,ctrl,24h,4,117.96849341086593
pep_0222,gene_045,ctrl,24h,5,73.21435430877722
pep_0222,gene_045,ctrl,24h,6,109.84257598768171
pep_0222,gene_045,ctrl,6h,1,121.97416834782933
pep_0222,gene_045,ctrl,6h,2,114.16807891149297
pep_0222,gene_045,ctrl,6h,3,125.62985381666701
pep_0222,gene_045,ctrl,6h,4,137.2529616217831
pep_0222,gene_045,ctrl,6h,5,110.483894372728
pep_0222,gene_045,ctrl,6h,6,55.550521468034745
pep_0222,gene_045,drug,0h,1,73.96206547104647
pep_0222,gene_045,drug,0h,2,73.82005513855427
pep_0222,gene_045,drug,0h,3,69.73818263131155
pep_0222,gene_045,drug,0h,4,111.06405569344774
pep_0222,gene_045,drug,0h,5,94.70385130757549
pep_0222,gene_045,drug,0h,6,135.79496057376844
pep_0222,gene_045,drug,24h,1,123.5348106486464
pep_0222,gene_045,drug,24h,2,55.205053185371916
pep_0222,gene_045,drug,24h,3,60.37379430643108
pep_0222,gene_045,drug,24h,4,73.29433385007916
pep_0222,gene_045,drug,24h,5,59.719290685828994
pep_0222,gene_045,drug,24h,6,93.40995837862017
pep_0222,gene_045,drug,6h,1,74.3971656497735
pep_0222,gene_045,drug,6h,2,81.82701105034909
pep_0222,gene_045,drug,6h,3,102.39855843219527
pep_0222,gene_045,drug,6h,4,120.34163342852376
pep_0222,gene_045,drug,6h,5,83.98623033708317
pep_0222,gene_045,drug,6h,6,97.41618045323038
pep_0223,gene_045,ctrl,0h,1,157.8050264151574
pep_0223,gene_045,ctrl,0h,2,63.746145338385844
pep_0223,gene_045,ctrl,0h,3,40.301277696782634
pep_0223,gene_045,ctrl,0h,4,40.22952374316562
pep_0223,gene_045,ctrl,0h,5,47.62719001380707
pep_0223,gene_045,ctrl,0h,6,140.2853244151427
pep_0223,gene_045,ctrl,24h,1,47.531012261692084
pep_0223,gene_045,ctrl,24h,2,103.63680745261489
pep_0223,gene_045,ctrl,24h,3,78.55102868978521
pep_0223,gene_045,ctrl,24h,4,69.5903388665761
pep_0223,gene_045,ctrl,24h,5,105.51014018942263
pep_0223,gene_045,ctrl,24h,6,111.48568451110762
pep_0223,gene_045,ctrl,6h,1,99.87322960214367
pep_0223,gene_045,ctrl,6h,2,92.52305422111523
pep_0223,gene_045,ctrl,6h,3,28.269267779009674
pep_0223,gene_045,ctrl,6h,4,44.912005610503556
pep_0223,gene_045,ctrl,6h,5,60.532807652785756
pep_0223,gene_045,ctrl,6h,6,93.52270026310131
pep_0223,gene_045,drug,0h,1,107.47455937216289
pep_0223,gene_045,drug,0h,2,142.32837688913713
pep_0223,gene_045,drug,0h,3,118.30016879817376
pep_0223,gene_045,drug,0h,4,38.99433070879031
pep_0223,gene_045,drug,0h,5,132.1485303330222
pep_0223,gene_045,drug,0h,6,83.41491678454821
pep_0223,gene_045,drug,24h,1,68.23378658482798
pep_0223,gene_045,drug,24h,2,141.6475575538421
pep_0223,gene_045,drug,24h,3,83.00359946298084
pep_0223,gene_045,drug,24h,4,95.86354994811401
pep_0223,gene_045,drug,24h,5,70.0258466758258
pep_0223,gene_045,drug,24h,6,104.14308134237886
pep_0223,gene_045,drug,6h,1,106.3014311727203
pep_0223,gene_045,drug,6h,2,35.20953877690895
pep_0223,gene_045,drug,6h,3,116.05605898532677
pep_0223,gene_045,drug,6h,4,108.70497106165652
pep_0223,gene_045,drug,6h,5,165.43653364510925
pep_0223,gene_045,drug,6h,6,148.887417984998
pep_0224,gene_045,ctrl,0h,1,185.50847641261504
pep_0224,gene_045,ctrl,0h,2,122.68383538821183
pep_0224,gene_045,ctrl,0h,3,66.3250249882693
pep_0224,gene_045,ctrl,0h,4,126.04111971468305
pep_0224,gene_045,ctrl,0h,5,82.95848623180605
pep_0224,gene_045,ctrl,0h,6,160.85175062379972
pep_0224,gene_045,ctrl,24h,1,59.17568282095804
pep_0224,gene_045,ctrl,24h,2,170.3535921770103
pep_0224,gene_045,ctrl,24h,3,151.39871425617343
pep_0224,gene_045,ctrl,24h,4,80.95841438553461
pep_0224,gene_045,ctrl,24h,5,89.87918801589107
pep_0224,gene_045,ctrl,24h,6,72.14337938631387
pep_0224,gene_045,ctrl,6h,1,89.73476564043735
pep_0224,gene_045,ctrl,6h,2,79.62646704090258
pep_0224,gene_045,ctrl,6h,3,131.59628743795264
pep_0224,gene_045,ctrl,6h,4,92.40275761957125
pep_0224,gene_045,ctrl,6h,5,93.37387243883886
pep_0224,gene_045,ctrl,6h,6,75.49907974672082
pep_0224,gene_045,drug,0h,1,94.82943254484145
pep_0224,gene_045,drug,0h,2,123.17755072721626
pep_0224,gene_045,drug,0h,3,67.52178985254257
pep_0224,gene_045,drug,0h,4,100.10025934154783
pep_0224,gene_045,drug,0h,5,104.31636043323529
pep_0224,gene_045,drug,0h,6,48.95689561780089
pep_0224,gene_045,drug,24h,1,45.73016670916682
pep_0224,gene_045,drug,24h,2,70.3289793885605
pep_0224,gene_045,drug,24h,3,63.46327394660926
pep_0224,gene_045,drug,24h,4,54.96601185878254
pep_0224,gene_045,drug,24h,5,144.32995862334252
pep_0224,gene_045,drug,24h,6,103.76260377600791
pep_0224,gene_045,drug,6h,1,135.60258046968397
pep_0224,gene_045,drug,6h,2,48.068909643628785
pep_0224,gene_045,drug,6h,3,74.43466763531198
pep_0224,gene_045,drug,6h,4,74.88145417687574
pep_0224,gene_045,drug,6h,5,81.71331129704481
pep_0224,gene_045,drug,6h,6,78.48023218369109
pep_0225,gene_045,ctrl,0h,1,263.5220453180302
pep_0225,gene_045,ctrl,0h,2,148.04081551786396
pep_0225,gene_045,ctrl,0h,3,96.4267001349226
pep_0225,gene_045,ctrl,0h,4,93.01846497907161
pep_0225,gene_045,ctrl,0h,5,118.27287969000913
pep_0225,gene_045,ctrl,0h,6,69.29779418801718
pep_0225,gene_045,ctrl,24h,1,113.08361062207966
pep_0225,gene_045,ctrl,24h,2,109.25813105373433
pep_0225,gene_045,ctrl,24h,3,79.56344342326793
pep_0225,gene_045,ctrl,24h,4,113.55266056748214
pep_0225,gene_045,ctrl,24h,5,104.00099594515923
pep_0225,gene_045,ctrl,24h,6,233.18764084664608
pep_0225,gene_045,ctrl,6h,1,106.60492257069836
pep_0225,gene_045,ctrl,6h,2,84.32669942842698
pep_0225,gene_045,ctrl,6h,3,139.9363016840304
pep_0225,gene_045,ctrl,6h,4,57.50473792574791
pep_0225,gene_045,ctrl,6h,5,95.26698695117972
pep_0225,gene_045,ctrl,6h,6,83.49029952372675
pep_0225,gene_045,drug,0h,1,61.08055134468893
pep_0225,gene_045,drug,0h,2,125.9259610577226
pep_0225,gene_045,drug,0h,3,133.27171260583475
pep_0225,gene_045,drug,0h,4,85.53267700123058
pep_0225,gene_045,drug,0h,5,140.04338802450263
pep_0225,gene_045,drug,0h,6,140.10552986618018
pep_0225,gene_045,drug,24h,1,102.31920609424331
pep_0225,gene_045,drug,24h,2,67.43822904290826
pep_0225,gene_045,drug,24h,3,167.58868874969392
pep_0225,gene_045,drug,24h,4,111.61380513417419
pep_0225,gene_045,drug,24h,5,118.67767086134315
pep_0225,gene_045,drug,24h,6,135.8190257218719
pep_0225,gene_045,drug,6h,1,131.26691836311434
pep_0225,gene_045,drug,6h,2,181.36398782116882
pep_0225,gene_045,drug,6h,3,57.29267178471333
pep_0225,gene_045,drug,6h,4,166.1456099108943
pep_0225,gene_045,drug,6h,5,116.31126261734441
pep_0225,gene_045,drug,6h,6,110.79816803787413
pep_0226,gene_046,ctrl,0h,1,105.66509278156076
pep_0226,gene_046,ctrl,0h,2,89.97982522901727
pep_0226,gene_046,ctrl,0h,3,135.12000750335014
pep_0226,gene_046,ctrl,0h,4,172.32476125791712
pep_0226,gene_046,ctrl,0h,5,59.72501957326591
pep_0226,gene_046,ctrl,0h,6,117.75768582611917
pep_0226,gene_046,ctrl,24h,1,39.961911296909804
pep_0226,gene_046,ctrl,24h,2,50.75710647411649
pep_0226,gene_046,ctrl,24h,3,64.1785072205458
pep_0226,gene_046,ctrl,24h,4,68.1462743939632
pep_0226,gene_046,ctrl,24h,5,136.46368927093536
pep_0226,gene_046,ctrl,24h,6,71.48576781343633
pep_0226,gene_046,ctrl,6h,1,54.285322980230305
pep_0226,gene_046,ctrl,6h,2,79.08796416513509
pep_0226,gene_046,ctrl,6h,3,79.84385793267833
pep_0226,gene_046,ctrl,6h,4,67.24613691968395
pep_0226,gene_046,ctrl,6h,5,56.57806309710166
pep_0226,gene_046,ctrl,6h,6,120.5328474769437
pep_0226,gene_046,drug,0h,1,81.45722085987279
pep_0226,gene_046,drug,0h,2,128.76008767988174
pep_0226,gene_046,drug,0h,3,60.125261737202024
pep_0226,gene_046,drug,0h,4,87.1356093682068
pep_0226,gene_046,drug,0h,5,128.06596988997993
pep_0226,gene_046,drug,0h,6,67.15781578090898
pep_0226,gene_046,drug,24h,1,52.32817894647936
pep_0226,gene_046,drug,24h,2,51.822446053989395
pep_0226,gene_046,drug,24h,3,94.9728185088855
pep_0226,gene_046,drug,24h,4,127.56820999763157
pep_0226,gene_046,drug,24h,5,65.38440127964292
pep_0226,gene_046,drug,24h,6,63.849476574830064
pep_0226,gene_046,drug,6h,1,119.62691399712519
pep_0226,gene_046,drug,6h,2,98.50229645963677
pep_0226,gene_046,drug,6h,3,60.224345965786476
pep_0226,gene_046,drug,6h,4,43.39201710638069
pep_0226,gene_046,drug,6h,5,29.768941336777058
pep_0226,gene_046,drug,6h,6,73.34788393941146
pep_0227,gene_046,ctrl,0h,1,140.01731668576247
pep_0227,gene_046,ctrl,0h,2,126.86929211716796
pep_0227,gene_046,ctrl,0h,3,118.10031825245984
pep_0227,gene_046,ctrl,0h,4,212.95418611383914
pep_0227,gene_046,ctrl,0h,5,68.83376996757688
pep_0227,gene_046,ctrl,0h,6,160.83973829807994
pep_0227,gene_046,ctrl,24h,1,167.17086592330136
pep_0227,gene_046,ctrl,24h,2,209.94203831604784
pep_0227,gene_046,ctrl,24h,3,203.1685659398419
pep_0227,gene_046,ctrl,24h,4,131.0739123567938
pep_0227,gene_046,ctrl,24h,5,103.41476153707214
pep_0227,gene_046,ctrl,24h,6,60.07350489218968
pep_0227,gene_046,ctrl,6h,1,120.92354161705822
pep_0227,gene_046,ctrl,6h,2,143.9320632451291
pep_0227,gene_046,ctrl,6h,3,132.47753932211984
pep_0227,gene_046,ctrl,6h,4,126.77437395416197
pep_0227,gene_046,ctrl,6h,5,114.9251879722182
pep_0227,gene_046,ctrl,6h,6,204.66488557252282
pep_0227,gene_046,drug,0h,1,236.701622414404
pep_0227,gene_046,drug,0h,2,136.56290453901983
pep_0227,gene_046,drug,0h,3,181.68477296397322
pep_0227,gene_046,drug,0h,4,55.25515274047831
pep_0227,gene_046,drug,0h,5,146.26903355873662
pep_0227,gene_046,drug,0h,6,181.16362088600496
pep_0227,gene_046,drug,24h,1,143.20043582060526
pep_0227,gene_046,drug,24h,2,41.31721056339697
pep_0227,gene_046,drug,24h,3,127.66007507633348
pep_0227,gene_046,drug,24h,4,204.9048078856879
pep_0227,gene_046,drug,24h,5,98.1989611266261
pep_0227,gene_046,drug,24h,6,111.82257034888347
pep_0227,gene_046,drug,6h,1,182.15916423880125
pep_0227,gene_046,drug,6h,2,83.33894205082126
pep_0227,gene_046,drug,6h,3,213.81866156019487
pep_0227,gene_046,drug,6h,4,193.35200837579524
pep_0227,gene_046,drug,6h,5,199.07539203707188
pep_0227,gene_046,drug,6h,6,52.892679346512104
pep_0228,gene_046,ctrl,0h,1,89.65951029712498
pep_0228,gene_046,ctrl,0h,2,105.78436288191875
pep_0228,gene_046,ctrl,0h,3,79.02395773073971
pep_0228,gene_046,ctrl,0h,4,101.15708225164123
pep_0228,gene_046,ctrl,0h,5,92.21044189353402
pep_0228,gene_046,ctrl,0h,6,72.48030074505532
pep_0228,gene_046,ctrl,24h,1,82.29964625114836
pep_0228,gene_046,ctrl,24h,2,59.20980980832689
pep_0228,gene_046,ctrl,24h,3,73.12511950847231
pep_0228,gene_046,ctrl,24h,4,101.81953947816567
pep_0228,gene_046,ctrl,24h,5,157.65617085166295
pep_0228,gene_046,ctrl,24h,6,83.20134143963621
pep_0228,gene_046,ctrl,6h,1,62.29567937082004
pep_0228,gene_046,ctrl,6h,2,64.04323895612569
pep_0228,gene_046,ctrl,6h,3,55.09871170602568
pep_0228,gene_046,ctrl,6h,4,38.366551347020646
pep_0228,gene_046,ctrl,6h,5,50.3835644922242
pep_0228,gene_046,ctrl,6h,6,88.19273173058534
pep_0228,gene_046,drug,0h,1,47.52808524461491
pep_0228,gene_046,drug,0h,2,21.455336677184796
pep_0228,gene_046,drug,0h,3,79.4901942654131
pep_0228,gene_046,drug,0h,4,88.09580482665285
pep_0228,gene_046,drug,0h,5,136.37519309565207
pep_0228,gene_046,drug,0h,6,76.77568867617923
pep_0228,gene_046,drug,24h,1,93.13915139027263
pep_0228,gene_046,drug,24h,2,53.77057621074747
pep_0228,gene_046,drug,24h,3,54.66422156762322
pep_0228,gene_046,drug,24h,4,62.72303124577048
pep_0228,gene_046,drug,24h,5,47.628070102234084
pep_0228,gene_046,drug,24h,6,46.25331460814839
pep_0228,gene_046,drug,6h,1,107.13673840512733
pep_0228,gene_046,drug,6h,2,126.38449246055599
pep_0228,gene_046,drug,6h,3,107.52398795851862
pep_0228,gene_046,drug,6h,4,57.81440122292995
pep_0228,gene_046,drug,6h,5,74.14491717274082
pep_0228,gene_046,drug,6h,6,81.72686201860328
pep_0229,gene_046,ctrl,0h,1,88.06919630997997
pep_0229,gene_046,ctrl,0h,2,34.746886088146844
pep_0229,gene_046,ctrl,0h,3,62.66703997878064
pep_0229,gene_046,ctrl,0h,4,27.298573775614614
pep_0229,gene_046,ctrl,0h,5,44.33627966624241
pep_0229,gene_046,ctrl,0h,6,10.538351825015464
pep_0229,gene_046,ctrl,24h,1,68.35057242294033
pep_0229,gene_046,ctrl,24h,2,41.149804352363425
pep_0229,gene_046,ctrl,24h,3,59.69283827338014
pep_0229,gene_046,ctrl,24h,4,34.33687094031376
pep_0229,gene_046,ctrl,24h,5,27.184489375521256
pep_0229,gene_046,ctrl,24h,6,46.69181337969148
pep_0229,gene_046,ctrl,6h,1,62.80193792875139
pep_0229,gene_046,ctrl,6h,2,42.45298867118959
pep_0229,gene_046,ctrl,6h,3,61.396102808618075
pep_0229,gene_046,ctrl,6h,4,55.481403307053455
pep_0229,gene_046,ctrl,6h,5,69.5485783610146
pep_0229,gene_046,ctrl,6h,6,78.26520000911574
pep_0229,gene_046,drug,0h,1,71.6312565969873
pep_0229,gene_046,drug,0h,2,38.16743121566974
pep_0229,gene_046,drug,0h,3,23.99322870382874
pep_0229,gene_046,drug,0h,4,54.64816526840593
pep_0229,gene_046,drug,0h,5,19.194693998166922
pep_0229,gene_046,drug,0h,6,38.13302752838524
pep_0229,gene_046,drug,24h,1,46.46188996154746
pep_0229,gene_046,drug,24h,2,62.903604316943415
pep_0229,gene_046,drug,24h,3,44.20802895156011
pep_0229,gene_046,drug,24h,4,48.80441004586787
pep_0229,gene_046,drug,24h,5,30.645690331116217
pep_0229,gene_046,drug,24h,6,102.41252576737644
pep_0229,gene_046,drug,6h,1,45.13044586574949
pep_0229,gene_046,drug,6h,2,78.03015091122812
pep_0229,gene_046,drug,6h,3,59.80131440382063
pep_0229,gene_046,drug,6h,4,68.23974368753805
pep_0229,gene_046,drug,6h,5,37.11014478039311
pep_0229,gene_046,drug,6h,6,19.793461759194148
pep_0230,gene_046,ctrl,0h,1,45.878619816842516
pep_0230,gene_046,ctrl,0h,2,88.28795898355244
pep_0230,gene_046,ctrl,0h,3,39.820939085487105
pep_0230,gene_046,ctrl,0h,4,85.17774598369296
pep_0230,gene_046,ctrl,0h,5,90.13905226047272
pep_0230,gene_046,ctrl,0h,6,35.61893116023355
pep_0230,gene_046,ctrl,24h,1,72.45299735269542
pep_0230,gene_046,ctrl,24h,2,35.080916450960345
pep_0230,gene_046,ctrl,24h,3,53.565571537811024
pep_0230,gene_046,ctrl,24h,4,110.00411675350743
pep_0230,gene_046,ctrl,24h,5,21.04785386517586
pep_0230,gene_046,ctrl,24h,6,61.37881101613947
pep_0230,gene_046,ctrl,6h,1,27.769224597360132
pep_0230,gene_046,ctrl,6h,2,63.05941918551413
pep_0230,gene_046,ctrl,6h,3,38.251274291701705
pep_0230,gene_046,ctrl,6h,4,109.42553550935364
pep_0230,gene_046,ctrl,6h,5,106.62204913931575
pep_0230,gene_046,ctrl,6h,6,97.07609264828749
pep_0230,gene_046,drug,0h,1,59.32932113627256
pep_0230,gene_046,drug,0h,2,89.92190298270401
pep_0230,gene_046,drug,0h,3,68.9125353822763
pep_0230,gene_046,drug,0h,4,108.01261707820824
pep_0230,gene_046,drug,0h,5,74.28555636866356
pep_0230,gene_046,drug,0h,6,32.022607120389694
pep_0230,gene_046,drug,24h,1,53.79750211164908
pep_0230,gene_046,drug,24h,2,137.71191776457167
pep_0230,gene_046,drug,24h,3,77.67823955150804
pep_0230,gene_046,drug,24h,4,28.590054050048163
pep_0230,gene_046,drug,24h,5,113.74421596471475
pep_0230,gene_046,drug,24h,6,81.47788711936775
pep_0230,gene_046,drug,6h,1,41.217387511167296
pep_0230,gene_046,drug,6h,2,62.590813363548655
pep_0230,gene_046,drug,6h,3,59.807439895246276
pep_0230,gene_046,drug,6h,4,122.30331785805998
pep_0230,gene_046,drug,6h,5,44.44314170286087
pep_0230,gene_046,drug,6h,6,105.97513905959197
pep_0231,gene_047,ctrl,0h,1,42.02428408770133
pep_0231,gene_047,ctrl,0h,2,69.15804451055624
pep_0231,gene_047,ctrl,0h,3,85.21077943183344
pep_0231,gene_047,ctrl,0h,4,55.69328867733036
pep_0231,gene_047,ctrl,0h,5,73.52424545490854
pep_0231,gene_047,ctrl,0h,6,74.62313731988343
pep_0231,gene_047,ctrl,24h,1,26.85972199640372
pep_0231,gene_047,ctrl,24h,2,43.908410729188084
pep_0231,gene_047,ctrl,24h,3,39.00523485074965
pep_0231,gene_047,ctrl,24h,4,89.5315135367417
pep_0231,gene_047,ctrl,24h,5,36.57115424388133
pep_0231,gene_047,ctrl,24h,6,67.81456687144797
pep_0231,gene_047,ctrl,6h,1,83.82599635199215
pep_0231,gene_047,ctrl,6h,2,67.75481422665274
pep_0231,gene_047,ctrl,6h,3,81.632033430786
pep_0231,gene_047,ctrl,6h,4,66.55560941959159
pep_0231,gene_047,ctrl,6h,5,96.88997514912975
pep_0231,gene_047,ctrl,6h,6,40.05053132511238
pep_0231,gene_047,drug,0h,1,27.475540620311666
pep_0231,gene_047,drug,0h,2,55.18876302994918
pep_0231,gene_047,drug,0h,3,56.09126568161778
pep_0231,gene_047,drug,0h,4,38.302631172063904
pep_0231,gene_047,drug,0h,5,84.85366739279726
pep_0231,gene_047,drug,0h,6,50.12544507431931
pep_0231,gene_047,drug,24h,1,91.27036638144223
pep_0231,gene_047,drug,24h,2,72.28694417171994
pep_0231,gene_047,drug,24h,3,72.83278741525454
pep_0231,gene_047,drug,24h,4,48.29815520665412
pep_0231,gene_047,drug,24h,5,55.51270947142547
pep_0231,gene_047,drug,24h,6,57.347834780054406
pep_0231,gene_047,drug,6h,1,54.69338832089584
pep_0231,gene_047,drug,6h,2,35.288907272012345
pep_0231,gene_047,drug,6h,3,39.93956206848364
pep_0231,gene_047,drug,6h,4,53.270210983673024
pep_0231,gene_047,drug,6h,5,43.06085798698036
pep_0231,gene_047,drug,6h,6,54.964721303454205
pep_0232,gene_047,ctrl,0h,1,56.36608188228679
pep_0232,gene_047,ctrl,0h,2,98.38718497714332
pep_0232,gene_047,ctrl,0h,3,30.9856844174021
pep_0232,gene_047,ctrl,0h,4,66.78256423573825
pep_0232,gene_047,ctrl,0h,5,141.86376313834197
pep_0232,gene_047,ctrl,0h,6,100.30099024855402
pep_0232,gene_047,ctrl,24h,1,56.50607619599251
pep_0232,gene_047,ctrl,24h,2,42.04422343018264
pep_0232,gene_047,ctrl,24h,3,107.41503796990733
pep_0232,gene_047,ctrl,24h,4,47.6293364046829
pep_0232,gene_047,ctrl,24h,5,92.7439974201577
pep_0232,gene_047,ctrl,24h,6,68.14720154930544
pep_0232,gene_047,ctrl,6h,1,49.62867854076089
pep_0232,gene_047,ctrl,6h,2,58.313008262678956
pep_0232,gene_047,ctrl,6h,3,47.06693888813582
pep_0232,gene_047,ctrl,6h,4,70.63032626872307
pep_0232,gene_047,ctrl,6h,5,30.920350549920443
pep_0232,gene_047,ctrl,6h,6,19.60606582321916
pep_0232,gene_047,drug,0h,1,67.81715883480051
pep_0232,gene_047,drug,0h,2,49.765076633358085
pep_0232,gene_047,drug,0h,3,67.23058279942073
pep_0232,gene_047,drug,0h,4,178.9765284180451
pep_0232,gene_047,drug,0h,5,105.32760602742961
pep_0232,gene_047,drug,0h,6,116.25481320566897
pep_0232,gene_047,drug,24h,1,99.10289136646112
pep_0232,gene_047,drug,24h,2,139.23415524503514
pep_0232,gene_047,drug,24h,3,31.35223982046182
pep_0232,gene_047,drug,24h,4,62.20642817046847
pep_0232,gene_047,drug,24h,5,95.74202092890671
pep_0232,gene_047,drug,24h,6,83.77923347669937
pep_0232,gene_047,drug,6h,1,42.448024283493844
pep_0232,gene_047,drug,6h,2,73.05758632812234
pep_0232,gene_047,drug,6h,3,44.642141060630024
pep_0232,gene_047,drug,6h,4,51.064933700082584
pep_0232,gene_047,drug,6h,5,39.903800711681086
pep_0232,gene_047,drug,6h,6,52.66732005686751
pep_0233,gene_047,ctrl,0h,1,68.28876907319744
pep_0233,gene_047,ctrl,0h,2,121.9686801641977
pep_0233,gene_047,ctrl,0h,3,155.1255787479725
pep_0233,gene_047,ctrl,0h,4,131.08172391432262
pep_0233,gene_047,ctrl,0h,5,132.6683291880396
pep_0233,gene_047,ctrl,0h,6,60.163621027977506
pep_0233,gene_047,ctrl,24h,1,104.4410087057381
pep_0233,gene_047,ctrl,24h,2,66.77533797630439
pep_0233,gene_047,ctrl,24h,3,87.68094056397828
pep_0233,gene_047,ctrl,24h,4,95.97142223417637
pep_0233,gene_047,ctrl,24h,5,50.55245077504259
pep_0233,gene_047,ctrl,24h,6,64.98702898787089
pep_0233,gene_047,ctrl,6h,1,63.25723800694703
pep_0233,gene_047,ctrl,6h,2,41.87070081986506
pep_0233,gene_047,ctrl,6h,3,117.428642487185
pep_0233,gene_047,ctrl,6h,4,96.865501971446335
pep_0233,gene_047,ctrl,6h,5,80.26523039599854
pep_0233,gene_047,ctrl,6h,6,184.99122921345247
pep_0233,gene_047,drug,0h,1,163.0914639201985
pep_0233,gene_047,drug,0h,2,152.2295187732067
pep_0233,gene_047,drug,0h,3,47.61370004440985
pep_0233,gene_047,drug,0h,4,89.10952444450622
pep_0233,gene_047,drug,0h,5,152.3194890614204
pep_0233,gene_047,drug,0h,6,25.783228408739312
pep_0233,gene_047,drug,24h,1,57.32556611027804
pep_0233,gene_047,drug,24h,2,148.27669589493806
pep_0233,gene_047,drug,24h,3,65.80876714544345
pep_0233,gene_047,drug,24h,4,114.61574166472512
pep_0233,gene_047,drug,24h,5,62.40543543979161
pep_0233,gene_047,drug,24h,6,62.34274840637736
pep_0233,gene_047,drug,6h,1,204.32018858041218
pep_0233,gene_047,drug,6h,2,95.14839971365294
pep_0233,gene_047,drug,6h,3,96.5008761193286
pep_0233,gene_047,drug,6h,4,112.006694280764
pep_0233,gene_047,drug,6h,5,69.68889333081742
pep_0233,gene_047,drug,6h,6,78.37634932117764
pep_0234,gene_047,ctrl,0h,1,67.69255407320836
pep_0234,gene_047,ctrl,0h,2,126.5880243225446
pep_0234,gene_047,ctrl,0h,3,259.2238799471036
pep_0234,gene_047,ctrl,0h,4,155.5039999918814
pep_0234,gene_047,ctrl,0h,5,108.36990577284206
pep_0234,gene_047,ctrl,0h,6,156.07666865273254
pep_0234,gene_047,ctrl,24h,1,184.05777878268864
pep_0234,gene_047,ctrl,24h,2,129.97539077362225
pep_0234,gene_047,ctrl,24h,3,186.96419617631696
pep_0234,gene_047,ctrl,24h,4,167.06293511294615
pep_0234,gene_047,ctrl,24h,5,81.52335412348596
pep_0234,gene_047,ctrl,24h,6,118.45853288692317
pep_0234,gene_047,ctrl,6h,1,98.26361641253916
pep_0234,gene_047,ctrl,6h,2,109.79958431127885
pep_0234,gene_047,ctrl,6h,3,129.01055878431916
pep_0234,gene_047,ctrl,6h,4,123.66697389805496
pep_0234,gene_047,ctrl,6h,5,84.6882698820188
pep_0234,gene_047,ctrl,6h,6,178.82147537817556
pep_0234,gene_047,drug,0h,1,99.78973922405119
pep_0234,gene_047,drug,0h,2,120.5134860360911
pep_0234,gene_047,drug,0h,3,134.9512500471929
pep_0234,gene_047,drug,0h,4,63.91941828645334
pep_0234,gene_047,drug,0h,5,111.08598794995208
pep_0234,gene_047,drug,0h,6,91.59211154863081
pep_0234,gene_047,drug,24h,1,185.6544802220796
pep_0234,gene_047,drug,24h,2,138.23982424305262
pep_0234,gene_047,drug,24h,3,80.8052221650215
pep_0234,gene_047,drug,24h,4,57.91993154547483
pep_0234,gene_047,drug,24h,5,120.34248901750047
pep_0234,gene_047,drug,24h,6,83.97223483083874
pep_0234,gene_047,drug,6h,1,125.48574401888067
pep_0234,gene_047,drug,6h,2,178.44816340379617
pep_0234,gene_047,drug,6h,3,93.18370925104546
pep_0234,gene_047,drug,6h,4,113.05559742334408
pep_0234,gene_047,drug,6h,5,127.48229758513494
pep_0234,gene_047,drug,6h,6,72.30701521675921
pep_0235,gene_047,ctrl,0h,1,87.99690706071105
pep_0235,gene_047,ctrl,0h,2,63.61235928644452
pep_0235,gene_047,ctrl,0h,3,39.168581815684874
pep_0235,gene_047,ctrl,0h,4,127.95380680261798
pep_0235,gene_047,ctrl,0h,5,65.27387314402195
pep_0235,gene_047,ctrl,0h,6,83.33057843270164
pep_0235,gene_047,ctrl,24h,1,150.7197768177639
pep_0235,gene_047,ctrl,24h,2,143.3237390664808
pep_0235,gene_047,ctrl,24h,3,75.83098679526216
pep_0235,gene_047,ctrl,24h,4,109.8418142315699
pep_0235,gene_047,ctrl,24h,5,124.30708537231179
pep_0235,gene_047,ctrl,24h,6,122.45026434215337
pep_0235,gene_047,ctrl,6h,1,140.7341881985783
pep_0235,gene_047,ctrl,6h,2,180.15539604582648
pep_0235,gene_047,ctrl,6h,3,71.45849605032137
pep_0235,gene_047,ctrl,6h,4,131.2762509488927
pep_0235,gene_047,ctrl,6h,5,146.31491390793298
pep_0235,gene_047,ctrl,6h,6,119.02945966728564
pep_0235,gene_047,drug,0h,1,104.71955176272816
pep_0235,gene_047,drug,0h,2,99.28809961121827
pep_0235,gene_047,drug,0h,3,89.13441344307648
pep_0235,gene_047,drug,0h,4,119.92664778567537
pep_0235,gene_047,drug,0h,5,77.18346714068834
pep_0235,gene_047,drug,0h,6,88.0675655800683
pep_0235,gene_047,drug,24h,1,71.04879387599752
pep_0235,gene_047,drug,24h,2,90.75869819259881
pep_0235,gene_047,drug,24h,3,120.58698112313867
pep_0235,gene_047,drug,24h,4,92.66919674418953
pep_0235,gene_047,drug,24h,5,75.19037782207081
pep_0235,gene_047,drug,24h,6,131.9098687456543
pep_0235,gene_047,drug,6h,1,93.2148321110013
pep_0235,gene_047,drug,6h,2,76.73006614089378
pep_0235,gene_047,drug,6h,3,94.05574353498115
pep_0235,gene_047,drug,6h,4,90.37476592488518
pep_0235,gene_047,drug,6h,5,109.26291595231199
pep_0235,gene_047,drug,6h,6,95.52402483299277
pep_0236,gene_048,ctrl,0h,1,75.6911885452201
pep_0236,gene_048,ctrl,0h,2,69.71695190099668
pep_0236,gene_048,ctrl,0h,3,56.61092856125524
pep_0236,gene_048,ctrl,0h,4,125.15243801739697
pep_0236,gene_048,ctrl,0h,5,94.30145433089051
pep_0236,gene_048,ctrl,0h,6,100.98316314902114
pep_0236,gene_048,ctrl,24h,1,43.45877327315848
pep_0236,gene_048,ctrl,24h,2,72.3732521343402
pep_0236,gene_048,ctrl,24h,3,74.40964182212251
pep_0236,gene_048,ctrl,24h,4,113.3527576146729
pep_0236,gene_048,ctrl,24h,5,82.16686854732859
pep_0236,gene_048,ctrl,24h,6,70.22093246981844
pep_0236,gene_048,ctrl,6h,1,82.05942361402217
pep_0236,gene_048,ctrl,6h,2,112.3605011088362
pep_0236,gene_048,ctrl,6h,3,51.64140411430813
pep_0236,gene_048,ctrl,6h,4,60.16173752436976
pep_0236,gene_048,ctrl,6h,5,42.58204159388562
pep_0236,gene_048,ctrl,6h,6,127.18542613045115
pep_0236,gene_048,drug,0h,1,64.07501226923009
pep_0236,gene_048,drug,0h,2,28.893569683819816
pep_0236,gene_048,drug,0h,3,67.30758947922195
pep_0236,gene_048,drug,0h,4,64.59521501401636
pep_0236,gene_048,drug,0h,5,84.91459742889859
pep_0236,gene_048,drug,0h,6,136.10112416107575
pep_0236,gene_048,drug,24h,1,103.44242184644595
pep_0236,gene_048,drug,24h,2,80.95985769919194
pep_0236,gene_048,drug,24h,3,58.74449683331225
pep_0236,gene_048,drug,24h,4,34.401644740455964
pep_0236,gene_048,drug,24h,5,33.5253731403073
pep_0236,gene_048,drug,24h,6,96.74636935292511
pep_0236,gene_048,drug,6h,1,61.1327792208125
pep_0236,gene_048,drug,6h,2,97.64327170600212
pep_0236,gene_048,drug,6h,3,64.4520917946831
pep_0236,gene_048,drug,6h,4,85.3494875291249
pep_0236,gene_048,drug,6h,5,83.53304539435908
pep_0236,gene_048,drug,6h,6,98.830797665619
pep_0237,gene_048,ctrl,0h,1,124.92604864017082
pep_0237,gene_048,ctrl,0h,2,108.0866033631416
pep_0237,gene_048,ctrl,0h,3,136.11842943573765
pep_0237,gene_048,ctrl,0h,4,87.94049008754476
pep_0237,gene_048,ctrl,0h,5,72.92542565843195
pep_0237,gene_048,ctrl,0h,6,112.69093254098968
pep_0237,gene_048,ctrl,24h,1,122.98621759263472
pep_0237,gene_048,ctrl,24h,2,68.14220904518048
pep_0237,gene_048,ctrl,24h,3,80.52612319726956
pep_0237,gene_048,ctrl,24h,4,83.42341436499098
pep_0237,gene_048,ctrl,24h,5,108.11757103926261
pep_0237,gene_048,ctrl,24h,6,95.07611526515828
pep_0237,gene_048,ctrl,6h,1,137.82319649793166
pep_0237,gene_048,ctrl,6h,2,132.6704686731249
pep_0237,gene_048,ctrl,6h,3,123.91862010933205
pep_0237,gene_048,ctrl,6h,4,116.48688853456814
pep_0237,gene_048,ctrl,6h,5,97.05014078355748
pep_0237,gene_048,ctrl,6h,6,77.47365977242785
pep_0237,gene_048,drug,0h,1,101.65611812222053
pep_0237,gene_048,drug,0h,2,78.56306725076213
pep_0237,gene_048,drug,0h,3,63.94891750278001
pep_0237,gene_048,drug,0h,4,61.52005155300814
pep_0237,gene_048,drug,0h,5,102.12679291542817
pep_0237,gene_048,drug,0h,6,43.23025572265587
pep_0237,gene_048,drug,24h,1,57.13578850597396
pep_0237,gene_048,drug,24h,2,151.3389182355687
pep_0237,gene_048,drug,24h,3,135.4608337430711
pep_0237,gene_048,drug,24h,4,59.90692653943092
pep_0237,gene_048,drug,24h,5,87.73568738373211
pep_0237,gene_048,drug,24h,6,125.34925253488409
pep_0237,gene_048,drug,6h,1,126.51279715465576
pep_0237,gene_048,drug,6h,2,82.75932227266094
pep_0237,gene_048,drug,6h,3,105.7278418778012
pep_0237,gene_048,drug,6h,4,144.03374592499023
pep_0237,gene_048,drug,6h,5,78.11644506039843
pep_0237,gene_048,drug,6h,6,129.6048248279973
pep_0238,gene_048,ctrl,0h,1,56.38013101197126
pep_0238,gene_048,ctrl,0h,2,53.4858308182564
pep_0238,gene_048,ctrl,0h,3,157.42492241826355
pep_0238,gene_048,ctrl,0h,4,40.174221696649
pep_0238,gene_048,ctrl,0h,5,70.5175656161012
pep_0238,gene_048,ctrl,0h,6,23.452970961841284
pep_0238,gene_048,ctrl,24h,1,51.00776145134601
pep_0238,gene_048,ctrl,24h,2,63.419232581028275
pep_0238,gene_048,ctrl,24h,3,95.53693740265045
pep_0238,gene_048,ctrl,24h,4,48.527874055005576
pep_0238,gene_048,ctrl,24h,5,68.38460701811353
pep_0238,gene_048,ctrl,24h,6,57.99329836172512
pep_0238,gene_048,ctrl,6h,1,119.87199779975748
pep_0238,gene_048,ctrl,6h,2,33.38720955889126
pep_0238,gene_048,ctrl,6h,3,115.69435699441078
pep_0238,gene_048,ctrl,6h,4,49.97284776823385
pep_0238,gene_048,ctrl,6h,5,63.076703084626516
pep_0238,gene_048,ctrl,6h,6,62.448993448508624
pep_0238,gene_048,drug,0h,1,105.99869594935922
pep_0238,gene_048,drug,0h,2,90.92962064118305
pep_0238,gene_048,drug,0h,3,73.12456324643577
pep_0238,gene_048,drug,0h,4,70.32839600789681
pep_0238,gene_048,drug,0h,5,125.822643267949
pep_0238,gene_048,drug,0h,6,61.00325524090582
pep_0238,gene_048,drug,24h,1,153.60900824315823
pep_0238,gene_048,drug,24h,2,159.19743771045236
pep_0238,gene_048,drug,24h,3,68.90407614502546
pep_0238,gene_048,drug,24h,4,30.94508881567897
pep_0238,gene_048,drug,24h,5,109.31309570535069
pep_0238,gene_048,drug,24h,6,50.16953934332139
pep_0238,gene_048,drug,6h,1,94.5853210490473
pep_0238,gene_048,drug,6h,2,57.689644010876215
pep_0238,gene_048,drug,6h,3,112.7444712397178
pep_0238,gene_048,drug,6h,4,70.95229728672847
pep_0238,gene_048,drug,6h,5,116.20939584382725
pep_0238,gene_048,drug,6h,6,142.34931557778899
pep_0239,gene_048,ctrl,0h,1,47.950741969358916
pep_0239,gene_048,ctrl,0h,2,68.71573274296554
pep_0239,gene_048,ctrl,0h,3,66.80190789244246
pep_0239,gene_048,ctrl,0h,4,67.57470400192206
pep_0239,gene_048,ctrl,0h,5,46.03413566247817
pep_0239,gene_048,ctrl,0h,6,95.51185581369322
pep_0239,gene_048,ctrl,24h,1,66.666062019522
pep_0239,gene_048,ctrl,24h,2,64.27232859940584
pep_0239,gene_048,ctrl,24h,3,50.6987340499653
pep_0239,gene_048,ctrl,24h,4,118.97212426996423
pep_0239,gene_048,ctrl,24h,5,25.104463218195598
pep_0239,gene_048,ctrl,24h,6,27.999834836923206
pep_0239,gene_048,ctrl,6h,1,65.62465215471596
pep_0239,gene_048,ctrl,6h,2,18.52034709230754
pep_0239,gene_048,ctrl,6h,3,74.16072033129674
pep_0239,gene_048,ctrl,6h,4,55.094168283144946
pep_0239,gene_048,ctrl,6h,5,93.28509753999505
pep_0239,gene_048,ctrl,6h,6,69.19120847727459
pep_0239,gene_048,drug,0h,1,41.91017639435669
pep_0239,gene_048,drug,0h,2,27.55118443329658
pep_0239,gene_048,drug,0h,3,38.284999179365734
pep_0239,gene_048,drug,0h,4,40.67172417218742
pep_0239,gene_048,drug,0h,5,34.44934810236539
pep_0239,gene_048,drug,0h,6,36.74214984042802
pep_0239,gene_048,drug,24h,1,57.74564637040463
pep_0239,gene_048,drug,24h,2,100.42282442598234
pep_0239,gene_048,drug,24h,3,48.57680319129841
pep_0239,gene_048,drug,24h,4,90.79765762824258
pep_0239,gene_048,drug,24h,5,27.60869901176166
pep_0239,gene_048,drug,24h,6,20.992689722042837
pep_0239,gene_048,drug,6h,1,26.91606486170466
pep_0239,gene_048,drug,6h,2,47.19927326220197
pep_0239,gene_048,drug,6h,3,57.9628305829317
pep_0239,gene_048,drug,6h,4,38.485398349183285
pep_0239,gene_048,drug,6h,5,68.16075704823564
pep_0239,gene_048,drug,6h,6,38.477189177757815
pep_0240,gene_048,ctrl,0h,1,151.37115497617202
pep_0240,gene_048,ctrl,0h,2,134.67252022801773
pep_0240,gene_048,ctrl,0h,3,152.55802190866413
pep_0240,gene_048,ctrl,0h,4,202.02719793104595
pep_0240,gene_048,ctrl,0h,5,63.13722255015851
pep_0240,gene_048,ctrl,0h,6,140.85948285917866
pep_0240,gene_048,ctrl,24h,1,101.99572968263763
pep_0240,gene_048,ctrl,24h,2,93.14856409411237
pep_0240,gene_048,ctrl,24h,3,179.61935806750273
pep_0240,gene_048,ctrl,24h,4,130.9004419535916
pep_0240,gene_048,ctrl,24h,5,114.11468528907105
pep_0240,gene_048,ctrl,24h,6,106.72571242099129
pep_0240,gene_048,ctrl,6h,1,113.63635462727252
pep_0240,gene_048,ctrl,6h,2,63.566528117802896
pep_0240,gene_048,ctrl,6h,3,98.70898062854906
pep_0240,gene_048,ctrl,6h,4,67.97912123579455
pep_0240,gene_048,ctrl,6h,5,108.62257827923379
pep_0240,gene_048,ctrl,6h,6,121.81415573839915
pep_0240,gene_048,drug,0h,1,130.4107430755378
pep_0240,gene_048,drug,0h,2,39.60790167115479
pep_0240,gene_048,drug,0h,3,117.08359486616064
pep_0240,gene_048,drug,0h,4,75.85912490885728
pep_0240,gene_048,drug,0h,5,32.681206306201275
pep_0240,gene_048,drug,0h,6,103.14112539396551
pep_0240,gene_048,drug,24h,1,77.37406241262158
pep_0240,gene_048,drug,24h,2,55.94337515965682
pep_0240,gene_048,drug,24h,3,99.181292373335
pep_0240,gene_048,drug,24h,4,65.12491994663472
pep_0240,gene_048,drug,24h,5,45.32337170073381
pep_0240,gene_048,drug,24h,6,93.56233280895427
pep_0240,gene_048,drug,6h,1,126.85730657752595
pep_0240,gene_048,drug,6h,2,89.0759317936382
pep_0240,gene_048,drug,6h,3,110.40847721682364
pep_0240,gene_048,drug,6h,4,70.33757807062389
pep_0240,gene_048,drug,6h,5,129.01874854783696
pep_0240,gene_048,drug,6h,6,144.35067231977285
pep_0241,gene_049,ctrl,0h,1,58.67555757507959
pep_0241,gene_049,ctrl,0h,2,78.51864688032684
pep_0241,gene_049,ctrl,0h,3,108.88892206341943
pep_0241,gene_049,ctrl,0h,4,110.98220405411348
pep_0241,gene_049,ctrl,0h,5,106.80310237492625
pep_0241,gene_049,ctrl,0h,6,107.63713615305927
pep_0241,gene_049,ctrl,24h,1,69.88630572671066
pep_0241,gene_049,ctrl,24h,2,66.14183727598392
pep_0241,gene_049,ctrl,24h,3,76.44068766384875
pep_0241,gene_049,ctrl,24h,4,100.56061010696268
pep_0241,gene_049,ctrl,24h,5,75.6816814551499
pep_0241,gene_049,ctrl,24h,6,128.54310718034287
pep_0241,gene_049,ctrl,6h,1,66.04850938478789
pep_0241,gene_049,ctrl,6h,2,104.63622185976772
pep_0241,gene_049,ctrl,6h,3,100.92847846614121
pep_0241,gene_049,ctrl,6h,4,74.94912648774847
pep_0241,gene_049,ctrl,6h,5,138.18804975667848
pep_0241,gene_049,ctrl,6h,6,94.04713008371151
pep_0241,gene_049,drug,0h,1,126.7468132711153
pep_0241,gene_049,drug,0h,2,82.41609477757085
pep_0241,gene_049,drug,0h,3,141.60831735363823
pep_0241,gene_049,drug,0h,4,96.14224152009884
pep_0241,gene_049,drug,0h,5,116.02311400804086
pep_0241,gene_049,drug,0h,6,81.24859139687354
pep_0241,gene_049,drug,24h,1,95.0866440633648
pep_0241,gene_049,drug,24h,2,133.3328412390334
pep_0241,gene_049,drug,24h,3,80.8942275807791
pep_0241,gene_049,drug,24h,4,99.62729558564212
pep_0241,gene_049,drug,24h,5,95.41452563498672
pep_0241,gene_049,drug,24h,6,105.39427039369924
pep_0241,gene_049,drug,6h,1,132.43067568630576
pep_0241,gene_049,drug,6h,2,119.86438721064224
pep_0241,gene_049,drug,6h,3,130.2646257993483
pep_0241,gene_049,drug,6h,4,133.4622812086759
pep_0241,gene_049,drug,6h,5,144.58585649830735
pep_0241,gene_049,drug,6h,6,120.10964685913193
pep_0242,gene_049,ctrl,0h,1,150.1627820367401
pep_0242,gene_049,ctrl,0h,2,82.99758387298081
pep_0242,gene_049,ctrl,0h,3,167.42271145295538
pep_0242,gene_049,ctrl,0h,4,77.67226990465447
pep_0242,gene_049,ctrl,0h,5,52.51647098943575
pep_0242,gene_049,ctrl,0h,6,136.09642445758053
pep_0242,gene_049,ctrl,24h,1,73.25476762352204
pep_0242,gene_049,ctrl,24h,2,103.61379678207582
pep_0242,gene_049,ctrl,24h,3,99.32972934391042
pep_0242,gene_049,ctrl,24h,4,134.30276496099913
pep_0242,gene_049,ctrl,24h,5,105.3813787174258
pep_0242,gene_049,ctrl,24h,6,111.60280950803131
pep_0242,gene_049,ctrl,6h,1,109.5356492088833
pep_0242,gene_049,ctrl,6h,2,84.7962726259404
pep_0242,gene_049,ctrl,6h,3,154.87672467585645
pep_0242,gene_049,ctrl,6h,4,131.24861067137383
pep_0242,gene_049,ctrl,6h,5,141.45307090592996
pep_0242,gene_049,ctrl,6h,6,77.3103520429113
pep_0242,gene_049,drug,0h,1,63.58261727595426
pep_0242,gene_049,drug,0h,2,40.67482342587008
pep_0242,gene_049,drug,0h,3,117.2751838585568
pep_0242,gene_049,drug,0h,4,177.14729701566247
pep_0242,gene_049,drug,0h,5,142.94874716955226
pep_0242,gene_049,drug,0h,6,174.0953191386433
pep_0242,gene_049,drug,24h,1,171.05231294150025
pep_0242,gene_049,drug,24h,2,38.69098224297281
pep_0242,gene_049,drug,24h,3,70.16691187968921
pep_0242,gene_049,drug,24h,4,89.12286175757394
pep_0242,gene_049,drug,24h,5,223.68182826674183
pep_0242,gene_049,drug,24h,6,95.37671645632605
pep_0242,gene_049,drug,6h,1,111.79354452082
pep_0242,gene_049,drug,6h,2,163.87428381477395
pep_0242,gene_049,drug,6h,3,115.56173857233523
pep_0242,gene_049,drug,6h,4,155.86307820959888
pep_0242,gene_049,drug,6h,5,125.49219772323463
pep_0242,gene_049,drug,6h,6,66.92266244242019
pep_0243,gene_049,ctrl,0h,1,99.94113615093156
pep_0243,gene_049,ctrl,0h,2,127.24795447249396
pep_0243,gene_049,ctrl,0h,3,190.89735499604708
pep_0243,gene_049,ctrl,0h,4,96.75318670352837
pep_0243,gene_049,ctrl,0h,5,56.50567591310574
pep_0243,gene_049,ctrl,0h,6,115.39737307767659
pep_0243,gene_049,ctrl,24h,1,57.98476603220774
pep_0243,gene_049,ctrl,24h,2,154.1784666638799
pep_0243,gene_049,ctrl,24h,3,128.8902458657409
pep_0243,gene_049,ctrl,24h,4,129.4651487366311
pep_0243,gene_049,ctrl,24h,5,120.83150300190363
pep_0243,gene_049,ctrl,24h,6,70.30847522770621
pep_0243,gene_049,ctrl,6h,1,137.181217358428
pep_0243,gene_049,ctrl,6h,2,95.6949525245335
pep_0243,gene_049,ctrl,6h,3,201.573713471845
pep_0243,gene_049,ctrl,6h,4,44.33721212453378
pep_0243,gene_049,ctrl,6h,5,82.56543876013164
pep_0243,gene_049,ctrl,6h,6,110.73930652352315
pep_0243,gene_049,drug,0h,1,76.28537210024103
pep_0243,gene_049,drug,0h,2,122.40324507234428
pep_0243,gene_049,drug,0h,3,71.40160021410152
pep_0243,gene_049,drug,0h,4,121.95464741994086
pep_0243,gene_049,drug,0h,5,117.11764184189174
pep_0243,gene_049,drug,0h,6,128.36426273686897
pep_0243,gene_049,drug,24h,1,82.18519358663131
pep_0243,gene_049,drug,24h,2,124.68852222204963
pep_0243,gene_049,drug,24h,3,73.09266715463956
pep_0243,gene_049,drug,24h,4,51.30323367979079
pep_0243,gene_049,drug,24h,5,120.24602259462844
pep_0243,gene_049,drug,24h,6,118.55912509366384
pep_0243,gene_049,drug,6h,1,121.08659912709221
pep_0243,gene_049,drug,6h,2,119.89852484762608
pep_0243,gene_049,drug,6h,3,133.48610776352047
pep_0243,gene_049,drug,6h,4,77.56055056601124
pep_0243,gene_049,drug,6h,5,107.44935182079243
pep_0243,gene_049,drug,6h,6,91.06479970358977
pep_0244,gene_049,ctrl,0h,1,97.83065535482726
pep_0244,gene_049,ctrl,0h,2,203.42890608234214
pep_0244,gene_049,ctrl,0h,3,193.2187259870877
pep_0244,gene_049,ctrl,0h,4,175.33119401314212
pep_0244,gene_049,ctrl,0h,5,128.38883767654596
pep_0244,gene_049,ctrl,0h,6,131.26335640264358
pep_0244,gene_049,ctrl,24h,1,204.31032036918737
pep_0244,gene_049,ctrl,24h,2,175.1136205584778
pep_0244,gene_049,ctrl,24h,3,159.39055744410143
pep_0244,gene_049,ctrl,24h,4,150.80386570003014
pep_0244,gene_049,ctrl,24h,5,95.4076151454968
pep_0244,gene_049,ctrl,24h,6,136.4103109846603
pep_0244,gene_049,ctrl,6h,1,143.76318521176808
pep_0244,gene_049,ctrl,6h,2,123.44548496915037
pep_0244,gene_049,ctrl,6h,3,210.47991594881228
pep_0244,gene_049,ctrl,6h,4,206.79457890655436
pep_0244,gene_049,ctrl,6h,5,67.00338931714258
pep_0244,gene_049,ctrl,6h,6,133.14598539437984
pep_0244,gene_049,drug,0h,1,57.473279424410116
pep_0244,gene_049,drug,0h,2,115.0268739653405
pep_0244,gene_049,drug,0h,3,236.20801923687975
pep_0244,gene_049,drug,0h,4,136.86892452398212
pep_0244,gene_049,drug,0h,5,163.50346330774
pep_0244,gene_049,drug,0h,6,185.72766284098262
pep_0244,gene_049,drug,24h,1,230.14371927010436
pep_0244,gene_049,drug,24h,2,122.58702532230127
pep_0244,gene_049,drug,24h,3,188.55015136748426
pep_0244,gene_049,drug,24h,4,174.23447886252015
pep_0244,gene_049,drug,24h,5,109.34739046600731
pep_0244,gene_049,drug,24h,6,186.78888369775288
pep_0244,gene_049,drug,6h,1,128.74350909058276
pep_0244,gene_049,drug,6h,2,152.84792071968008
pep_0244,gene_049,drug,6h,3,118.03030263023298
pep_0244,gene_049,drug,6h,4,101.7808639195601
pep_0244,gene_049,drug,6h,5,125.0024893347616
pep_0244,gene_049,drug,6h,6,75.70842244397433
pep_0245,gene_049,ctrl,0h,1,80.0177866076025
pep_0245,gene_049,ctrl,0h,2,98.71292643426595
pep_0245,gene_049,ctrl,0h,3,48.25525567177764
pep_0245,gene_049,ctrl,0h,4,56.80315626877321
pep_0245,gene_049,ctrl,0h,5,84.68073416920735
pep_0245,gene_049,ctrl,0h,6,105.56132108086149
pep_0245,gene_049,ctrl,24h,1,133.5270941134027
pep_0245,gene_049,ctrl,24h,2,58.8023133526476
pep_0245,gene_049,ctrl,24h,3,90.8781964937118
pep_0245,gene_049,ctrl,24h,4,147.67030707090146
pep_0245,gene_049,ctrl,24h,5,138.88489962871614
pep_0245,gene_049,ctrl,24h,6,73.72111088242319
pep_0245,gene_049,ctrl,6h,1,103.67206534463845
pep_0245,gene_049,ctrl,6h,2,59.812894311959546
pep_0245,gene_049,ctrl,6h,3,72.51540930989414
pep_0245,gene_049,ctrl,6h,4,58.688577327416965
pep_0245,gene_049,ctrl,6h,5,85.99072465160184
pep_0245,gene_049,ctrl,6h,6,160.70895538558244
pep_0245,gene_049,drug,0h,1,77.1374509883554
pep_0245,gene_049,drug,0h,2,66.05841888184385
pep_0245,gene_049,drug,0h,3,201.98383838232468
pep_0245,gene_049,drug,0h,4,75.95137451251898
pep_0245,gene_049,drug,0h,5,92.33774705809857
pep_0245,gene_049,drug,0h,6,63.229327186541305
pep_0245,gene_049,drug,24h,1,79.20422679853465
pep_0245,gene_049,drug,24h,2,65.10877753219748
pep_0245,gene_049,drug,24h,3,44.85881443911757
pep_0245,gene_049,drug,24h,4,43.45903690406878
pep_0245,gene_049,drug,24h,5,112.51545840596759
pep_0245,gene_049,drug,24h,6,73.54848654669813
pep_0245,gene_049,drug,6h,1,60.95264087744248
pep_0245,gene_049,drug,6h,2,78.4705604938436
pep_0245,gene_049,drug,6h,3,81.29509889085969
pep_0245,gene_049,drug,6h,4,67.83927644369206
pep_0245,gene_049,drug,6h,5,91.90951562255667
pep_0245,gene_049,drug,6h,6,116.43767130875072
pep_0246,gene_050,ctrl,0h,1,103.8908649931737
pep_0246,gene_050,ctrl,0h,2,60.90559661553604
pep_0246,gene_050,ctrl,0h,3,78.21469540643923
pep_0246,gene_050,ctrl,0h,4,102.08374726221241
pep_0246,gene_050,ctrl,0h,5,78.63205058184462
pep_0246,gene_050,ctrl,0h,6,64.37026254397279
pep_0246,gene_050,ctrl,24h,1,98.30946830392185
pep_0246,gene_050,ctrl,24h,2,107.00482451321085
pep_0246,gene_050,ctrl,24h,3,79.05365720548431
pep_0246,gene_050,ctrl,24h,4,68.03480837580936
pep_0246,gene_050,ctrl,24h,5,85.14798290968226
pep_0246,gene_050,ctrl,24h,6,127.37244209222602
pep_0246,gene_050,ctrl,6h,1,94.34553087216797
pep_0246,gene_050,ctrl,6h,2,54.07579055969436
pep_0246,gene_050,ctrl,6h,3,115.20368177698231
pep_0246,gene_050,ctrl,6h,4,139.09295743465893
pep_0246,gene_050,ctrl,6h,5,85.18902117821276
pep_0246,gene_050,ctrl,6h,6,106.39930827207237
pep_0246,gene_050,drug,0h,1,42.756690165444454
pep_0246,gene_050,drug,0h,2,96.64981792229752
pep_0246,gene_050,drug,0h,3,118.66555991739044
pep_0246,gene_050,drug,0h,4,125.66883480415966
pep_0246,gene_050,drug,0h,5,55.757589217715896
pep_0246,gene_050,drug,0h,6,100.66756155120876
pep_0246,gene_050,drug,24h,1,99.80443248399885
pep_0246,gene_050,drug,24h,2,55.848842567971175
pep_0246,gene_050,drug,24h,3,106.72080757402257
pep_0246,gene_050,drug,24h,4,100.12535833203036
pep_0246,gene_050,drug,24h,5,116.00950068754997
pep_0246,gene_050,drug,24h,6,45.93240430578428
pep_0246,gene_050,drug,6h,1,51.57629981598961
pep_0246,gene_050,drug,6h,2,81.69696872920008
pep_0246,gene_050,drug,6h,3,125.3131872504568
pep_0246,gene_050,drug,6h,4,103.08559540984255
pep_0246,gene_050,drug,6h,5,55.47141672396794
pep_0246,gene_050,drug,6h,6,77.27075532685573
pep_0247,gene_050,ctrl,0h,1,194.681838727599
pep_0247,gene_050,ctrl,0h,2,59.79231607621671
pep_0247,gene_050,ctrl,0h,3,43.482678255715065
pep_0247,gene_050,ctrl,0h,4,173.70793076997182
pep_0247,gene_050,ctrl,0h,5,139.55927934367887
pep_0247,gene_050,ctrl,0h,6,103.72732344536644
pep_0247,gene_050,ctrl,24h,1,127.8574428997313
pep_0247,gene_050,ctrl,24h,2,272.84584821696086
pep_0247,gene_050,ctrl,24h,3,111.70855055466623
pep_0247,gene_050,ctrl,24h,4,158.59808684813603
pep_0247,gene_050,ctrl,24h,5,302.0146537696746
pep_0247,gene_050,ctrl,24h,6,197.59898428424606
pep_0247,gene_050,ctrl,6h,1,175.98956123861748
pep_0247,gene_050,ctrl,6h,2,105.91520363681963
pep_0247,gene_050,ctrl,6h,3,167.23838343784092
pep_0247,gene_050,ctrl,6h,4,176.9548953428889
pep_0247,gene_050,ctrl,6h,5,254.33013391210136
pep_0247,gene_050,ctrl,6h,6,174.8704164256326
pep_0247,gene_050,drug,0h,1,139.45099948390876
pep_0247,gene_050,drug,0h,2,163.93767042941354
pep_0247,gene_050,drug,0h,3,149.20839746824373
pep_0247,gene_050,drug,0h,4,131.37716770034461
pep_0247,gene_050,drug,0h,5,148.91228867235012
pep_0247,gene_050,drug,0h,6,158.70292355790482
pep_0247,gene_050,drug,24h,1,178.30242487279537
pep_0247,gene_050,drug,24h,2,152.19695607167097
pep_0247,gene_050,drug,24h,3,249.1118155616655
pep_0247,gene_050,drug,24h,4,115.15026295165302
pep_0247,gene_050,drug,24h,5,139.4531071006684
pep_0247,gene_050,drug,24h,6,146.67796906123527
pep_0247,gene_050,drug,6h,1,150.7476637384986
pep_0247,gene_050,drug,6h,2,117.20848772612705
pep_0247,gene_050,drug,6h,3,110.63104541724802
pep_0247,gene_050,drug,6h,4,79.28947812454426
pep_0247,gene_050,drug,6h,5,161.5554616442866
pep_0247,gene_050,drug,6h,6,197.28910634348972
pep_0248,gene_050,ctrl,0h,1,73.88929306159821
pep_0248,gene_050,ctrl,0h,2,52.48872372366858
pep_0248,gene_050,ctrl,0h,3,55.42530407863371
pep_0248,gene_050,ctrl,0h,4,41.00258085119134
pep_0248,gene_050,ctrl,0h,5,90.80981236424303
pep_0248,gene_050,ctrl,0h,6,49.21439837402237
pep_0248,gene_050,ctrl,24h,1,56.17422041702265
pep_0248,gene_050,ctrl,24h,2,50.67035731048199
pep_0248,gene_050,ctrl,24h,3,50.5070118796405
pep_0248,gene_050,ctrl,24h,4,52.158863699672665
pep_0248,gene_050,ctrl,24h,5,69.01830641386367
pep_0248,gene_050,ctrl,24h,6,85.82686634401374
pep_0248,gene_050,ctrl,6h,1,97.47679757129795
pep_0248,gene_050,ctrl,6h,2,75.6595688139676
pep_0248,gene_050,ctrl,6h,3,49.8247904876263
pep_0248,gene_050,ctrl,6h,4,40.444586644247224
pep_0248,gene_050,ctrl,6h,5,66.98211642797217
pep_0248,gene_050,ctrl,6h,6,70.34868418391609
pep_0248,gene_050,drug,0h,1,63.86413981770824
pep_0248,gene_050,drug,0h,2,107.65786097684233
pep_0248,gene_050,drug,0h,3,55.81570041742139
pep_0248,gene_050,drug,0h,4,49.459814793761126
pep_0248,gene_050,drug,0h,5,54.57857242953036
pep_0248,gene_050,drug,0h,6,30.933341503459246
pep_0248,gene_050,drug,24h,1,55.079778897193485
pep_0248,gene_050,drug,24h,2,47.8930001428311
pep_0248,gene_050,drug,24h,3,17.432126022222032
pep_0248,gene_050,drug,24h,4,43.39234487863901
pep_0248,gene_050,drug,24h,5,63.68989322088777
pep_0248,gene_050,drug,24h,6,54.449930791109814
pep_0248,gene_050,drug,6h,1,33.02425173181592
pep_0248,gene_050,drug,6h,2,38.10334198583764
pep_0248,gene_050,drug,6h,3,59.638623465035906
pep_0248,gene_050,drug,6h,4,32.80075424419086
pep_0248,gene_050,drug,6h,5,75.92335394741889
pep_0248,gene_050,drug,6h,6,69.4345067068416
pep_0249,gene_050,ctrl,0h,1,41.75127149359254
pep_0249,gene_050,ctrl,0h,2,47.279717431397515
pep_0249,gene_050,ctrl,0h,3,NA
pep_0249,gene_050,ctrl,0h,4,21.88886710283778
pep_0249,gene_050,ctrl,0h,5,68.01592852934506
pep_0249,gene_050,ctrl,0h,6,NA
pep_0249,gene_050,ctrl,24h,1,22.121369548885795
pep_0249,gene_050,ctrl,24h,2,30.80595370859316
pep_0249,gene_050,ctrl,24h,3,40.828898821190755
pep_0249,gene_050,ctrl,24h,4,28.46138938626961
pep_0249,gene_050,ctrl,24h,5,13.268424293528835
pep_0249,gene_050,ctrl,24h,6,5.426618655547991
pep_0249,gene_050,ctrl,6h,1,24.859327150681445
pep_0249,gene_050,ctrl,6h,2,43.21567221188438
pep_0249,gene_050,ctrl,6h,3,32.99224265644739
pep_0249,gene_050,ctrl,6h,4,46.95729738009259
pep_0249,gene_050,ctrl,6h,5,33.83923740949229
pep_0249,gene_050,ctrl,6h,6,40.5828027819236
pep_0249,gene_050,drug,0h,1,49.40221042964745
pep_0249,gene_050,drug,0h,2,25.759884539938444
pep_0249,gene_050,drug,0h,3,31.85637912426175
pep_0249,gene_050,drug,0h,4,37.85153448801849
pep_0249,gene_050,drug,0h,5,NA
pep_0249,gene_050,drug,0h,6,30.13997737914651
pep_0249,gene_050,drug,24h,1,91.92064077502363
pep_0249,gene_050,drug,24h,2,18.29998759848666
pep_0249,gene_050,drug,24h,3,18.455556415478195
pep_0249,gene_050,drug,24h,4,34.78638599458826
pep_0249,gene_050,drug,24h,5,14.137986428362419
pep_0249,gene_050,drug,24h,6,18.284050501145607
pep_0249,gene_050,drug,6h,1,48.20642070713292
pep_0249,gene_050,drug,6h,2,NA
pep_0249,gene_050,drug,6h,3,27.590874681747593
pep_0249,gene_050,drug,6h,4,NA
pep_0249,gene_050,drug,6h,5,50.64292818381506
pep_0249,gene_050,drug,6h,6,22.038757619804585
pep_0250,gene_050,ctrl,0h,1,46.444183583047256
pep_0250,gene_050,ctrl,0h,2,51.34080964008709
pep_0250,gene_050,ctrl,0h,3,24.80419275132388
pep_0250,gene_050,ctrl,0h,4,32.219921883916
pep_0250,gene_050,ctrl,0h,5,21.68424700158968
pep_0250,gene_050,ctrl,0h,6,89.85892077861098
pep_0250,gene_050,ctrl,24h,1,30.158933425074043
pep_0250,gene_050,ctrl,24h,2,25.004952223010605
pep_0250,gene_050,ctrl,24h,3,32.7224496159264
pep_0250,gene_050,ctrl,24h,4,39.43124556487401
pep_0250,gene_050,ctrl,24h,5,21.59596539258807
pep_0250,gene_050,ctrl,24h,6,8.2184534745516
pep_0250,gene_050,ctrl,6h,1,33.24836442617065
pep_0250,gene_050,ctrl,6h,2,19.360904533799815
pep_0250,gene_050,ctrl,6h,3,51.1160086589679
pep_0250,gene_050,ctrl,6h,4,72.69603527481465
pep_0250,gene_050,ctrl,6h,5,76.22949539412636
pep_0250,gene_050,ctrl,6h,6,44.117244994568225
pep_0250,gene_050,drug,0h,1,42.074475977340725
pep_0250,gene_050,drug,0h,2,23.26927106206583
pep_0250,gene_050,drug,0h,3,13.911634588516238
pep_0250,gene_050,drug,0h,4,20.413412774294255
pep_0250,gene_050,drug,0h,5,21.378750071160386
pep_0250,gene_050,drug,0h,6,55.617432632989036
pep_0250,gene_050,drug,24h,1,29.300369881889964
pep_0250,gene_050,drug,24h,2,34.20244471378124
pep_0250,gene_050,drug,24h,3,33.95022951867835
pep_0250,gene_050,drug,24h,4,23.271223301686312
pep_0250,gene_050,drug,24h,5,14.895844634900273
pep_0250,gene_050,drug,24h,6,60.418366495307865
pep_0250,gene_050,drug,6h,1,33.79835845266798
pep_0250,gene_050,drug,6h,2,NA
pep_0250,gene_050,drug,6h,3,24.97051221956779
pep_0250,gene_050,drug,6h,4,83.68057643101396
pep_0250,gene_050,drug,6h,5,20.30772612592222
pep_0250,gene_050,drug,6h,6,NA
pep_0251,gene_051,ctrl,0h,1,79.39568134493479
pep_0251,gene_051,ctrl,0h,2,36.18320296040648
pep_0251,gene_051,ctrl,0h,3,107.77238083638221
pep_0251,gene_051,ctrl,0h,4,109.58828209501517
pep_0251,gene_051,ctrl,0h,5,76.28564729149522
pep_0251,gene_051,ctrl,0h,6,80.99983064149461
pep_0251,gene_051,ctrl,24h,1,55.98343769348148
pep_0251,gene_051,ctrl,24h,2,157.6323784786935
pep_0251,gene_051,ctrl,24h,3,120.70589774802653
pep_0251,gene_051,ctrl,24h,4,77.67262765176979
pep_0251,gene_051,ctrl,24h,5,59.6460924268895
pep_0251,gene_051,ctrl,24h,6,112.89523466772195
pep_0251,gene_051,ctrl,6h,1,137.52468539493807
pep_0251,gene_051,ctrl,6h,2,113.08585778960546
pep_0251,gene_051,ctrl,6h,3,83.03347318737512
pep_0251,gene_051,ctrl,6h,4,106.03491252450065
pep_0251,gene_051,ctrl,6h,5,88.93124132216991
pep_0251,gene_051,ctrl,6h,6,62.235119636439556
pep_0251,gene_051,drug,0h,1,48.30525162634641
pep_0251,gene_051,drug,0h,2,112.25792225423915
pep_0251,gene_051,drug,0h,3,96.84774906993317
pep_0251,gene_051,drug,0h,4,68.44320345410149
pep_0251,gene_051,drug,0h,5,100.52483708155248
pep_0251,gene_051,drug,0h,6,76.92498398309569
pep_0251,gene_051,drug,24h,1,40.80196086213189
pep_0251,gene_051,drug,24h,2,66.93472783026782
pep_0251,gene_051,drug,24h,3,88.50791298100971
pep_0251,gene_051,drug,24h,4,141.92820049599396
pep_0251,gene_051,drug,24h,5,106.05047222740592
pep_0251,gene_051,drug,24h,6,52.808451678108966
pep_0251,gene_051,drug,6h,1,159.7374567029116
pep_0251,gene_051,drug,6h,2,119.10817500832763
pep_0251,gene_051,drug,6h,3,182.2594484307849
pep_0251,gene_051,drug,6h,4,43.40570813691979
pep_0251,gene_051,drug,6h,5,104.39389225178485
pep_0251,gene_051,drug,6h,6,53.4665697941684
pep_0252,gene_051,ctrl,0h,1,73.13623100513927
pep_0252,gene_051,ctrl,0h,2,86.55623065134765
pep_0252,gene_051,ctrl,0h,3,157.39801900509
pep_0252,gene_051,ctrl,0h,4,79.44598476369069
pep_0252,gene_051,ctrl,0h,5,275.93027013934966
pep_0252,gene_051,ctrl,0h,6,74.56245986545403
pep_0252,gene_051,ctrl,24h,1,99.21146323255721
pep_0252,gene_051,ctrl,24h,2,121.76579190138119
pep_0252,gene_051,ctrl,24h,3,120.92211714411542
pep_0252,gene_051,ctrl,24h,4,113.34989599978856
pep_0252,gene_051,ctrl,24h,5,129.87958666832978
pep_0252,gene_051,ctrl,24h,6,123.66728732356337
pep_0252,gene_051,ctrl,6h,1,128.68449702016335
pep_0252,gene_051,ctrl,6h,2,54.181472844882585
pep_0252,gene_051,ctrl,6h,3,135.66490694217492
pep_0252,gene_051,ctrl,6h,4,76.49679707846293
pep_0252,gene_051,ctrl,6h,5,70.46839077193015
pep_0252,gene_051,ctrl,6h,6,96.54608937561186
pep_0252,gene_051,drug,0h,1,113.82184086471229
pep_0252,gene_051,drug,0h,2,138.55853392152557
pep_0252,gene_051,drug,0h,3,79.88754227076393
pep_0252,gene_051,drug,0h,4,93.79211633370635
pep_0252,gene_051,drug,0h,5,48.44973105265743
pep_0252,gene_051,drug,0h,6,141.19990602329213
pep_0252,gene_051,drug,24h,1,86.0445033511236
pep_0252,gene_051,drug,24h,2,75.586366685207
pep_0252,gene_051,drug,24h,3,99.83304267467615
pep_0252,gene_051,drug,24h,4,71.66638150350374
pep_0252,gene_051,drug,24h,5,99.95468460111076
pep_0252,gene_051,drug,24h,6,114.4719570096759
pep_0252,gene_051,drug,6h,1,115.14013683204553
pep_0252,gene_051,drug,6h,2,65.22978375497543
pep_0252,gene_051,drug,6h,3,92.88434935633649
pep_0252,gene_051,drug,6h,4,51.29937990056931
pep_0252,gene_051,drug,6h,5,152.82518067744945
pep_0252,gene_051,drug,6h,6,126.28060402118075
pep_0253,gene_051,ctrl,0h,1,57.264405850799974
pep_0253,gene_051,ctrl,0h,2,67.66056997520826
pep_0253,gene_051,ctrl,0h,3,27.536363953573517
pep_0253,gene_051,ctrl,0h,4,45.10015989119209
pep_0253,gene_051,ctrl,0h,5,38.78687766126072
pep_0253,gene_051,ctrl,0h,6,63.65467809872656
pep_0253,gene_051,ctrl,24h,1,76.84510885535731
pep_0253,gene_051,ctrl,24h,2,126.54091352183958
pep_0253,gene_051,ctrl,24h,3,37.201663896060744
pep_0253,gene_051,ctrl,24h,4,56.702195938853656
pep_0253,gene_051,ctrl,24h,5,90.02652847541287
pep_0253,gene_051,ctrl,24h,6,62.86726119141867
pep_0253,gene_051,ctrl,6h,1,58.3117933512823
pep_0253,gene_051,ctrl,6h,2,93.02871661116683
pep_0253,gene_051,ctrl,6h,3,32.90524264634741
pep_0253,gene_051,ctrl,6h,4,98.30218297333407
pep_0253,gene_051,ctrl,6h,5,109.53619057229228
pep_0253,gene_051,ctrl,6h,6,38.329848715663395
pep_0253,gene_051,drug,0h,1,15.113140599424082
pep_0253,gene_051,drug,0h,2,39.26674601416443
pep_0253,gene_051,drug,0h,3,43.8306345364595
pep_0253,gene_051,drug,0h,4,62.23960643715375
pep_0253,gene_051,drug,0h,5,50.31769965908952
pep_0253,gene_051,drug,0h,6,37.50626846409838
pep_0253,gene_051,drug,24h,1,25.82084041514024
pep_0253,gene_051,drug,24h,2,84.68549739939422
pep_0253,gene_051,drug,24h,3,27.622537970270262
pep_0253,gene_051,drug,24h,4,68.52050921251988
pep_0253,gene_051,drug,24h,5,57.61379014427802
pep_0253,gene_051,drug,24h,6,56.7933070666422
pep_0253,gene_051,drug,6h,1,47.29619107898317
pep_0253,gene_051,drug,6h,2,42.42264047061537
pep_0253,gene_051,drug,6h,3,40.83370445353686
pep_0253,gene_051,drug,6h,4,30.4136276779197
pep_0253,gene_051,drug,6h,5,59.722482850741635
pep_0253,gene_051,drug,6h,6,41.411859808222694
pep_0254,gene_051,ctrl,0h,1,88.00557705765716
pep_0254,gene_051,ctrl,0h,2,169.1787920088644
pep_0254,gene_051,ctrl,0h,3,100.86543324284185
pep_0254,gene_051,ctrl,0h,4,145.2429546698405
pep_0254,gene_051,ctrl,0h,5,59.48690482475892
pep_0254,gene_051,ctrl,0h,6,63.429266529172075
pep_0254,gene_051,ctrl,24h,1,116.65511146700685
pep_0254,gene_051,ctrl,24h,2,134.31191387132105
pep_0254,gene_051,ctrl,24h,3,79.10826463066103
pep_0254,gene_051,ctrl,24h,4,123.30183685186738
pep_0254,gene_051,ctrl,24h,5,77.85461771321158
pep_0254,gene_051,ctrl,24h,6,43.55145546851045
pep_0254,gene_051,ctrl,6h,1,104.23079899638797
pep_0254,gene_051,ctrl,6h,2,89.09375396181952
pep_0254,gene_051,ctrl,6h,3,54.99852402708163
pep_0254,gene_051,ctrl,6h,4,95.46981624013246
pep_0254,gene_051,ctrl,6h,5,94.4452031219069
pep_0254,gene_051,ctrl,6h,6,75.77559378459199
pep_0254,gene_051,drug,0h,1,48.64927765851681
pep_0254,gene_051,drug,0h,2,76.53511883431734
pep_0254,gene_051,drug,0h,3,137.69779133906815
pep_0254,gene_051,drug,0h,4,78.39405583495889
pep_0254,gene_051,drug,0h,5,125.78866024002309
pep_0254,gene_051,drug,0h,6,104.03225254020981
pep_0254,gene_051,drug,24h,1,85.49818746374504
pep_0254,gene_051,drug,24h,2,75.72520039190549
pep_0254,gene_051,drug,24h,3,120.43567371200373
pep_0254,gene_051,drug,24h,4,53.66061841338854
pep_0254,gene_051,drug,24h,5,131.5440520081896
pep_0254,gene_051,drug,24h,6,90.67729323058836
pep_0254,gene_051,drug,6h,1,190.67488520458494
pep_0254,gene_051,drug,6h,2,73.72097911581801
pep_0254,gene_051,drug,6h,3,112.5026929355869
pep_0254,gene_051,drug,6h,4,117.69977292977646
pep_0254,gene_051,drug,6h,5,48.719159148356624
pep_0254,gene_051,drug,6h,6,94.91081739221563
pep_0255,gene_051,ctrl,0h,1,137.42005961075392
pep_0255,gene_051,ctrl,0h,2,83.6774524384632
pep_0255,gene_051,ctrl,0h,3,169.26477820825906
pep_0255,gene_051,ctrl,0h,4,151.26430766893105
pep_0255,gene_051,ctrl,0h,5,116.79607309437478
pep_0255,gene_051,ctrl,0h,6,141.5619921517358
pep_0255,gene_051,ctrl,24h,1,50.24694860042074
pep_0255,gene_051,ctrl,24h,2,89.23285602328467
pep_0255,gene_051,ctrl,24h,3,108.51755253445992
pep_0255,gene_051,ctrl,24h,4,97.4012336993856
pep_0255,gene_051,ctrl,24h,5,132.03947516727348
pep_0255,gene_051,ctrl,24h,6,37.481360957750134
pep_0255,gene_051,ctrl,6h,1,171.69617696304016
pep_0255,gene_051,ctrl,6h,2,67.91241974567659
pep_0255,gene_051,ctrl,6h,3,67.01887850817864
pep_0255,gene_051,ctrl,6h,4,112.4692958315182
pep_0255,gene_051,ctrl,6h,5,99.48385590610673
pep_0255,gene_051,ctrl,6h,6,112.94612549094497
pep_0255,gene_051,drug,0h,1,154.38946879943722
pep_0255,gene_051,drug,0h,2,154.4824830259401
pep_0255,gene_051,drug,0h,3,137.77738142888305
pep_0255,gene_051,drug,0h,4,88.12048175526486
pep_0255,gene_051,drug,0h,5,155.71854872546706
pep_0255,gene_051,drug,0h,6,102.81111041995783
pep_0255,gene_051,drug,24h,1,138.42699133137197
pep_0255,gene_051,drug,24h,2,170.40460741228196
pep_0255,gene_051,drug,24h,3,210.93789963849528
pep_0255,gene_051,drug,24h,4,154.0999142307558
pep_0255,gene_051,drug,24h,5,198.60297296397047
pep_0255,gene_051,drug,24h,6,91.24145417746372
pep_0255,gene_051,drug,6h,1,109.5370704942883
pep_0255,gene_051,drug,6h,2,166.9344394454955
pep_0255,gene_051,drug,6h,3,70.11815679842948
pep_0255,gene_051,drug,6h,4,181.5641396496641
pep_0255,gene_051,drug,6h,5,87.56904457471725
pep_0255,gene_051,drug,6h,6,128.25980403483192
pep_0256,gene_052,ctrl,0h,1,58.72719670203996
pep_0256,gene_052,ctrl,0h,2,49.65771706454516
pep_0256,gene_052,ctrl,0h,3,69.98234772169565
pep_0256,gene_052,ctrl,0h,4,30.12765578682803
pep_0256,gene_052,ctrl,0h,5,101.58768409597107
pep_0256,gene_052,ctrl,0h,6,26.40723259527613
pep_0256,gene_052,ctrl,24h,1,27.624959567147762
pep_0256,gene_052,ctrl,24h,2,34.18323775712783
pep_0256,gene_052,ctrl,24h,3,39.814032554409415
pep_0256,gene_052,ctrl,24h,4,65.21717786501968
pep_0256,gene_052,ctrl,24h,5,43.10654506407688
pep_0256,gene_052,ctrl,24h,6,51.769251943221
pep_0256,gene_052,ctrl,6h,1,60.99582822594061
pep_0256,gene_052,ctrl,6h,2,85.76272755257152
pep_0256,gene_052,ctrl,6h,3,103.67856451892673
pep_0256,gene_052,ctrl,6h,4,31.964608789044263
pep_0256,gene_052,ctrl,6h,5,29.537824115661213
pep_0256,gene_052,ctrl,6h,6,61.276746591574415
pep_0256,gene_052,drug,0h,1,66.20772237812633
pep_0256,gene_052,drug,0h,2,50.494826699242736
pep_0256,gene_052,drug,0h,3,20.2780242421605
pep_0256,gene_052,drug,0h,4,84.57808617188705
pep_0256,gene_052,drug,0h,5,68.92049724814972
pep_0256,gene_052,drug,0h,6,59.587603879437154
pep_0256,gene_052,drug,24h,1,35.152232101409766
pep_0256,gene_052,drug,24h,2,86.03496879783795
pep_0256,gene_052,drug,24h,3,62.038307632326024
pep_0256,gene_052,drug,24h,4,97.78423419691566
pep_0256,gene_052,drug,24h,5,63.03866585484087
pep_0256,gene_052,drug,24h,6,81.20144363252166
pep_0256,gene_052,drug,6h,1,88.44867107674771
pep_0256,gene_052,drug,6h,2,57.208673522407224
pep_0256,gene_052,drug,6h,3,40.884152151806475
pep_0256,gene_052,drug,6h,4,68.29851742366083
pep_0256,gene_052,drug,6h,5,63.34536383791942
pep_0256,gene_052,drug,6h,6,37.977279342962596
pep_0257,gene_052,ctrl,0h,1,69.1710519914
pep_0257,gene_052,ctrl,0h,2,87.95813416183576
pep_0257,gene_052,ctrl,0h,3,119.24126732032543
pep_0257,gene_052,ctrl,0h,4,91.68709464406706
pep_0257,gene_052,ctrl,0h,5,73.14240444460609
pep_0257,gene_052,ctrl,0h,6,95.61598622570025
pep_0257,gene_052,ctrl,24h,1,125.05100369072727
pep_0257,gene_052,ctrl,24h,2,84.50569507644693
pep_0257,gene_052,ctrl,24h,3,127.41138328630977
pep_0257,gene_052,ctrl,24h,4,115.90664289489968
pep_0257,gene_052,ctrl,24h,5,196.7185136079772
pep_0257,gene_052,ctrl,24h,6,160.60388175898962
pep_0257,gene_052,ctrl,6h,1,121.31632850414277
pep_0257,gene_052,ctrl,6h,2,130.87733094468882
pep_0257,gene_052,ctrl,6h,3,61.61580067352434
pep_0257,gene_052,ctrl,6h,4,119.47882994925997
pep_0257,gene_052,ctrl,6h,5,146.4792126213995
pep_0257,gene_052,ctrl,6h,6,142.21055109274948
pep_0257,gene_052,drug,0h,1,121.43840988233505
pep_0257,gene_052,drug,0h,2,108.3450282156619
pep_0257,gene_052,drug,0h,3,100.57107994464056
pep_0257,gene_052,drug,0h,4,130.58221710475686
pep_0257,gene_052,drug,0h,5,133.64617510770958
pep_0257,gene_052,drug,0h,6,80.91279374939168
pep_0257,gene_052,drug,24h,1,108.18480289294719
pep_0257,gene_052,drug,24h,2,53.12611611335161
pep_0257,gene_052,drug,24h,3,71.7390116335509
pep_0257,gene_052,drug,24h,4,106.30982277598982
pep_0257,gene_052,drug,24h,5,155.6126555100026
pep_0257,gene_052,drug,24h,6,194.732429407802
pep_0257,gene_052,drug,6h,1,108.77689673586127
pep_0257,gene_052,drug,6h,2,126.9038834561137
pep_0257,gene_052,drug,6h,3,145.59061730166545
pep_0257,gene_052,drug,6h,4,74.46944697902175
pep_0257,gene_052,drug,6h,5,183.43419710216168
pep_0257,gene_052,drug,6h,6,71.6730089228983
pep_0258,gene_052,ctrl,0h,1,211.97137689349842
pep_0258,gene_052,ctrl,0h,2,127.56550104402633
pep_0258,gene_052,ctrl,0h,3,137.4000963267817
pep_0258,gene_052,ctrl,0h,4,223.50004411196585
pep_0258,gene_052,ctrl,0h,5,182.2457553239564
pep_0258,gene_052,ctrl,0h,6,145.34705460980587
pep_0258,gene_052,ctrl,24h,1,299.76205309441417
pep_0258,gene_052,ctrl,24h,2,199.50499842788216
pep_0258,gene_052,ctrl,24h,3,160.04815990659728
pep_0258,gene_052,ctrl,24h,4,121.33505895145495
pep_0258,gene_052,ctrl,24h,5,290.3970408977392
pep_0258,gene_052,ctrl,24h,6,106.87857266162365
pep_0258,gene_052,ctrl,6h,1,129.89929729051352
pep_0258,gene_052,ctrl,6h,2,150.52060131952695
pep_0258,gene_052,ctrl,6h,3,159.58126367144644
pep_0258,gene_052,ctrl,6h,4,234.75084449084238
pep_0258,gene_052,ctrl,6h,5,196.55062694248642
pep_0258,gene_052,ctrl,6h,6,206.03491934646797
pep_0258,gene_052,drug,0h,1,149.38736022087684
pep_0258,gene_052,drug,0h,2,178.2069783508305
pep_0258,gene_052,drug,0h,3,144.30254340573603
pep_0258,gene_052,drug,0h,4,167.4086677782508
pep_0258,gene_052,drug,0h,5,188.85479050832342
pep_0258,gene_052,drug,0h,6,180.85680122166778
pep_0258,gene_052,drug,24h,1,150.0450572401474
pep_0258,gene_052,drug,24h,2,128.90149138958682
pep_0258,gene_052,drug,24h,3,224.39505558190191
pep_0258,gene_052,drug,24h,4,129.3212210315018
pep_0258,gene_052,drug,24h,5,128.39063887747733
pep_0258,gene_052,drug,24h,6,124.97497592021428
pep_0258,gene_052,drug,6h,1,223.89440727708856
pep_0258,gene_052,drug,6h,2,211.66148067056432
pep_0258,gene_052,drug,6h,3,136.12729047630845
pep_0258,gene_052,drug,6h,4,125.99058897229838
pep_0258,gene_052,drug,6h,5,272.30640209809206
pep_0258,gene_052,drug,6h,6,211.34556896421873
pep_0259,gene_052,ctrl,0h,1,64.47310791233333
pep_0259,gene_052,ctrl,0h,2,109.39098442513969
pep_0259,gene_052,ctrl,0h,3,73.28722422167107
pep_0259,gene_052,ctrl,0h,4,92.41184483707357
pep_0259,gene_052,ctrl,0h,5,89.44328137486765
pep_0259,gene_052,ctrl,0h,6,87.3782556381575
pep_0259,gene_052,ctrl,24h,1,102.23625021468767
pep_0259,gene_052,ctrl,24h,2,78.69165375176382
pep_0259,gene_052,ctrl,24h,3,57.47368131623342
pep_0259,gene_052,ctrl,24h,4,41.22228783374812
pep_0259,gene_052,ctrl,24h,5,117.34718323058414
pep_0259,gene_052,ctrl,24h,6,122.50432644827468
pep_0259,gene_052,ctrl,6h,1,90.9475656170366
pep_0259,gene_052,ctrl,6h,2,101.92879810332767
pep_0259,gene_052,ctrl,6h,3,49.562569818990944
pep_0259,gene_052,ctrl,6h,4,59.349763568976364
pep_0259,gene_052,ctrl,6h,5,112.77886926585906
pep_0259,gene_052,ctrl,6h,6,66.97280741032918
pep_0259,gene_052,drug,0h,1,83.47864912742135
pep_0259,gene_052,drug,0h,2,90.44898359434207
pep_0259,gene_052,drug,0h,3,65.61029896557632
pep_0259,gene_052,drug,0h,4,93.16047742666396
pep_0259,gene_052,drug,0h,5,67.4935063618337
pep_0259,gene_052,drug,0h,6,76.3201557796455
pep_0259,gene_052,drug,24h,1,116.22359088109395
pep_0259,gene_052,drug,24h,2,144.43557251411747
pep_0259,gene_052,drug,24h,3,111.56756589803435
pep_0259,gene_052,drug,24h,4,148.2464977153504
pep_0259,gene_052,drug,24h,5,92.58383856086084
pep_0259,gene_052,drug,24h,6,82.94374178959961
pep_0259,gene_052,drug,6h,1,66.94792793421985
pep_0259,gene_052,drug,6h,2,96.34197583234686
pep_0259,gene_052,drug,6h,3,98.78072292323372
pep_0259,gene_052,drug,6h,4,102.71011428762668
pep_0259,gene_052,drug,6h,5,70.73045493668076
pep_0259,gene_052,drug,6h,6,90.30147779794542
pep_0260,gene_052,ctrl,0h,1,110.63061227727196
pep_0260,gene_052,ctrl,0h,2,202.80383755742633
pep_0260,gene_052,ctrl,0h,3,94.55920477220482
pep_0260,gene_052,ctrl,0h,4,183.41432471537948
pep_0260,gene_052,ctrl,0h,5,99.77198098293084
pep_0260,gene_052,ctrl,0h,6,109.7949200560771
pep_0260,gene_052,ctrl,24h,1,144.1170744708295
pep_0260,gene_052,ctrl,24h,2,90.30318383068403
pep_0260,gene_052,ctrl,24h,3,101.12878726004112
pep_0260,gene_052,ctrl,24h,4,179.4697776257338
pep_0260,gene_052,ctrl,24h,5,172.4334883005673
pep_0260,gene_052,ctrl,24h,6,114.95046777534886
pep_0260,gene_052,ctrl,6h,1,104.21990382612861
pep_0260,gene_052,ctrl,6h,2,112.47334665037806
pep_0260,gene_052,ctrl,6h,3,149.5282503073214
pep_0260,gene_052,ctrl,6h,4,166.97664591505918
pep_0260,gene_052,ctrl,6h,5,198.05024661561959
pep_0260,gene_052,ctrl,6h,6,81.41731784051544
pep_0260,gene_052,drug,0h,1,99.57737942566659
pep_0260,gene_052,drug,0h,2,59.13440416297386
pep_0260,gene_052,drug,0h,3,163.40267349676407
pep_0260,gene_052,drug,0h,4,81.02401911519186
pep_0260,gene_052,drug,0h,5,111.300516816697
pep_0260,gene_052,drug,0h,6,127.08327878337742
pep_0260,gene_052,drug,24h,1,124.53290482094921
pep_0260,gene_052,drug,24h,2,92.18445785360306
pep_0260,gene_052,drug,24h,3,63.48402709608029
pep_0260,gene_052,drug,24h,4,74.11686947559835
pep_0260,gene_052,drug,24h,5,38.69792591448611
pep_0260,gene_052,drug,24h,6,108.0866289351906
pep_0260,gene_052,drug,6h,1,110.96586774363115
pep_0260,gene_052,drug,6h,2,125.38835637298686
pep_0260,gene_052,drug,6h,3,100.49958441334282
pep_0260,gene_052,drug,6h,4,186.57774827442972
pep_0260,gene_052,drug,6h,5,107.62388938129722
pep_0260,gene_052,drug,6h,6,148.91098962482616
pep_0261,gene_053,ctrl,0h,1,88.04350131610852
pep_0261,gene_053,ctrl,0h,2,54.91609019777743
pep_0261,gene_053,ctrl,0h,3,118.57021441276
pep_0261,gene_053,ctrl,0h,4,36.3227959984865
pep_0261,gene_053,ctrl,0h,5,37.72128015146551
pep_0261,gene_053,ctrl,0h,6,99.91474333302186
pep_0261,gene_053,ctrl,24h,1,102.5779773952157
pep_0261,gene_053,ctrl,24h,2,91.0945408378152
pep_0261,gene_053,ctrl,24h,3,29.99536903524727
pep_0261,gene_053,ctrl,24h,4,49.95496994365046
pep_0261,gene_053,ctrl,24h,5,68.22666715480273
pep_0261,gene_053,ctrl,24h,6,50.43971999393485
pep_0261,gene_053,ctrl,6h,1,73.0071760468121
pep_0261,gene_053,ctrl,6h,2,146.6622249661478
pep_0261,gene_053,ctrl,6h,3,66.57640964258148
pep_0261,gene_053,ctrl,6h,4,115.70785757489436
pep_0261,gene_053,ctrl,6h,5,88.96486180863437
pep_0261,gene_053,ctrl,6h,6,70.61484839468721
pep_0261,gene_053,drug,0h,1,149.83337776685428
pep_0261,gene_053,drug,0h,2,76.39805059147855
pep_0261,gene_053,drug,0h,3,158.59676288804127
pep_0261,gene_053,drug,0h,4,81.29181563686954
pep_0261,gene_053,drug,0h,5,70.60320282309537
pep_0261,gene_053,drug,0h,6,78.18735909649727
pep_0261,gene_053,drug,24h,1,73.2956395313868
pep_0261,gene_053,drug,24h,2,100.37214433818961
pep_0261,gene_053,drug,24h,3,90.99080577350057
pep_0261,gene_053,drug,24h,4,105.67446665810651
pep_0261,gene_053,drug,24h,5,83.74320730590514
pep_0261,gene_053,drug,24h,6,62.65281171633207
pep_0261,gene_053,drug,6h,1,110.9585229326135
pep_0261,gene_053,drug,6h,2,76.14473723478878
pep_0261,gene_053,drug,6h,3,90.32592028933172
pep_0261,gene_053,drug,6h,4,103.69877569743134
pep_0261,gene_053,drug,6h,5,76.65572483553993
pep_0261,gene_053,drug,6h,6,66.46832899837742
pep_0262,gene_053,ctrl,0h,1,113.44518167966991
pep_0262,gene_053,ctrl,0h,2,87.64373408062794
pep_0262,gene_053,ctrl,0h,3,47.10951211730799
pep_0262,gene_053,ctrl,0h,4,160.56599946725314
pep_0262,gene_053,ctrl,0h,5,112.98989149830568
pep_0262,gene_053,ctrl,0h,6,161.49615534947142
pep_0262,gene_053,ctrl,24h,1,81.80846525046896
pep_0262,gene_053,ctrl,24h,2,70.97778123279264
pep_0262,gene_053,ctrl,24h,3,84.6452807959068
pep_0262,gene_053,ctrl,24h,4,92.21746512088288
pep_0262,gene_053,ctrl,24h,5,53.028517520289206
pep_0262,gene_053,ctrl,24h,6,56.50510069840877
pep_0262,gene_053,ctrl,6h,1,92.11105557567492
pep_0262,gene_053,ctrl,6h,2,122.89802062087023
pep_0262,gene_053,ctrl,6h,3,133.3422848650633
pep_0262,gene_053,ctrl,6h,4,96.6614549524615
pep_0262,gene_053,ctrl,6h,5,67.54647373327211
pep_0262,gene_053,ctrl,6h,6,126.91341180616845
pep_0262,gene_053,drug,0h,1,72.958671721817
pep_0262,gene_053,drug,0h,2,65.33980127005766
pep_0262,gene_053,drug,0h,3,55.88094979611986
pep_0262,gene_053,drug,0h,4,63.47266427187404
pep_0262,gene_053,drug,0h,5,96.1678269810396
pep_0262,gene_053,drug,0h,6,111.52376038377108
pep_0262,gene_053,drug,24h,1,98.13198929315877
pep_0262,gene_053,drug,24h,2,81.33769738346552
pep_0262,gene_053,drug,24h,3,87.65310858049213
pep_0262,gene_053,drug,24h,4,128.8666139157198
pep_0262,gene_053,drug,24h,5,62.78218869206406
pep_0262,gene_053,drug,24h,6,146.03890943401163
pep_0262,gene_053,drug,6h,1,149.32641900748843
pep_0262,gene_053,drug,6h,2,65.1660859837986
pep_0262,gene_053,drug,6h,3,119.74440188990124
pep_0262,gene_053,drug,6h,4,305.3142665451317
pep_0262,gene_053,drug,6h,5,118.8588604991551
pep_0262,gene_053,drug,6h,6,68.2092158077862
pep_0263,gene_053,ctrl,0h,1,89.21897356197115
pep_0263,gene_053,ctrl,0h,2,44.60109456871413
pep_0263,gene_053,ctrl,0h,3,117.78923803634514
pep_0263,gene_053,ctrl,0h,4,108.20174705064339
pep_0263,gene_053,ctrl,0h,5,104.32722498519387
pep_0263,gene_053,ctrl,0h,6,96.94147265793605
pep_0263,gene_053,ctrl,24h,1,136.8952759162669
pep_0263,gene_053,ctrl,24h,2,92.1523055259579
pep_0263,gene_053,ctrl,24h,3,122.59865269139229
pep_0263,gene_053,ctrl,24h,4,148.2585790834841
pep_0263,gene_053,ctrl,24h,5,127.83160765739181
pep_0263,gene_053,ctrl,24h,6,68.53458696376599
pep_0263,gene_053,ctrl,6h,1,163.43323386096333
pep_0263,gene_053,ctrl,6h,2,118.5548751132773
pep_0263,gene_053,ctrl,6h,3,107.57266679818778
pep_0263,gene_053,ctrl,6h,4,116.9422059731536
pep_0263,gene_053,ctrl,6h,5,138.01880899445976
pep_0263,gene_053,ctrl,6h,6,103.17060767036538
pep_0263,gene_053,drug,0h,1,106.58564901345181
pep_0263,gene_053,drug,0h,2,150.0764448356111
pep_0263,gene_053,drug,0h,3,205.41964854776504
pep_0263,gene_053,drug,0h,4,102.5264811541811
pep_0263,gene_053,drug,0h,5,110.11159696953169
pep_0263,gene_053,drug,0h,6,100.57657543836923
pep_0263,gene_053,drug,24h,1,104.43223959072985
pep_0263,gene_053,drug,24h,2,126.18791862366609
pep_0263,gene_053,drug,24h,3,99.18324628854526
pep_0263,gene_053,drug,24h,4,92.17477185810684
pep_0263,gene_053,drug,24h,5,78.6018444545069
pep_0263,gene_053,drug,24h,6,103.55600732404615
pep_0263,gene_053,drug,6h,1,112.68781892661417
pep_0263,gene_053,drug,6h,2,113.32543818657258
pep_0263,gene_053,drug,6h,3,109.27831568992084
pep_0263,gene_053,drug,6h,4,93.76995023873195
pep_0263,gene_053,drug,6h,5,97.02545399002975
pep_0263,gene_053,drug,6h,6,149.79901371562266
pep_0264,gene_053,ctrl,0h,1,51.3952794270657
pep_0264,gene_053,ctrl,0h,2,34.143626341265566
pep_0264,gene_053,ctrl,0h,3,52.03286325958167
pep_0264,gene_053,ctrl,0h,4,81.01156912964076
pep_0264,gene_053,ctrl,0h,5,66.20276780043523
pep_0264,gene_053,ctrl,0h,6,60.81771338892628
pep_0264,gene_053,ctrl,24h,1,34.745183448709135
pep_0264,gene_053,ctrl,24h,2,72.90737600109813
pep_0264,gene_053,ctrl,24h,3,60.879935517942485
pep_0264,gene_053,ctrl,24h,4,38.097069645412056
pep_0264,gene_053,ctrl,24h,5,49.425015506032494
pep_0264,gene_053,ctrl,24h,6,19.932980977728963
pep_0264,gene_053,ctrl,6h,1,76.6253129030728
pep_0264,gene_053,ctrl,6h,2,24.38380264778245
pep_0264,gene_053,ctrl,6h,3,26.641295706422873
pep_0264,gene_053,ctrl,6h,4,43.91394186694486
pep_0264,gene_053,ctrl,6h,5,57.628138634122955
pep_0264,gene_053,ctrl,6h,6,46.147518176154286
pep_0264,gene_053,drug,0h,1,38.49899372005555
pep_0264,gene_053,drug,0h,2,118.5737485220709
pep_0264,gene_053,drug,0h,3,NA
pep_0264,gene_053,drug,0h,4,57.097097729308594
pep_0264,gene_053,drug,0h,5,29.35280132751835
pep_0264,gene_053,drug,0h,6,23.79096402749802
pep_0264,gene_053,drug,24h,1,32.07976838210661
pep_0264,gene_053,drug,24h,2,64.60721741631862
pep_0264,gene_053,drug,24h,3,48.66316025717779
pep_0264,gene_053,drug,24h,4,75.50527728373282
pep_0264,gene_053,drug,24h,5,57.52724312329449
pep_0264,gene_053,drug,24h,6,44.688864278373025
pep_0264,gene_053,drug,6h,1,55.03276937497486
pep_0264,gene_053,drug,6h,2,52.862410071354894
pep_0264,gene_053,drug,6h,3,71.18138178628514
pep_0264,gene_053,drug,6h,4,57.14357985502891
pep_0264,gene_053,drug,6h,5,38.556203865718146
pep_0264,gene_053,drug,6h,6,54.85736284613122
pep_0265,gene_053,ctrl,0h,1,163.63541405582072
pep_0265,gene_053,ctrl,0h,2,154.38791349683834
pep_0265,gene_053,ctrl,0h,3,82.12749773860571
pep_0265,gene_053,ctrl,0h,4,94.48497431271151
pep_0265,gene_053,ctrl,0h,5,168.78433543528996
pep_0265,gene_053,ctrl,0h,6,87.63455636396752
pep_0265,gene_053,ctrl,24h,1,136.3195941741393
pep_0265,gene_053,ctrl,24h,2,98.45687811681296
pep_0265,gene_053,ctrl,24h,3,172.8699569490004
pep_0265,gene_053,ctrl,24h,4,112.94210640789375
pep_0265,gene_053,ctrl,24h,5,128.75588763737667
pep_0265,gene_053,ctrl,24h,6,191.57526474490228
pep_0265,gene_053,ctrl,6h,1,166.6261066327021
pep_0265,gene_053,ctrl,6h,2,119.08385086513651
pep_0265,gene_053,ctrl,6h,3,109.82325255452152
pep_0265,gene_053,ctrl,6h,4,182.69559914022707
pep_0265,gene_053,ctrl,6h,5,219.75104586844455
pep_0265,gene_053,ctrl,6h,6,184.3912292432735
pep_0265,gene_053,drug,0h,1,81.10972847873016
pep_0265,gene_053,drug,0h,2,164.48899029178403
pep_0265,gene_053,drug,0h,3,246.32757996257757
pep_0265,gene_053,drug,0h,4,217.07311710293166
pep_0265,gene_053,drug,0h,5,196.7651110143458
pep_0265,gene_053,drug,0h,6,102.78294842743173
pep_0265,gene_053,drug,24h,1,213.27439722931237
pep_0265,gene_053,drug,24h,2,213.23734422690174
pep_0265,gene_053,drug,24h,3,235.19401965878268
pep_0265,gene_053,drug,24h,4,72.52370956213775
pep_0265,gene_053,drug,24h,5,100.32759775608001
pep_0265,gene_053,drug,24h,6,117.25159582544667
pep_0265,gene_053,drug,6h,1,69.72927444297329
pep_0265,gene_053,drug,6h,2,188.67409558518693
pep_0265,gene_053,drug,6h,3,121.2168660943312
pep_0265,gene_053,drug,6h,4,125.41301344958099
pep_0265,gene_053,drug,6h,5,161.09187238378888
pep_0265,gene_053,drug,6h,6,173.28729193748657
pep_0266,gene_054,ctrl,0h,1,91.95038272537651
pep_0266,gene_054,ctrl,0h,2,64.52128146811052
pep_0266,gene_054,ctrl,0h,3,39.50275281674747
pep_0266,gene_054,ctrl,0h,4,58.72731473952709
pep_0266,gene_054,ctrl,0h,5,113.06415573318414
pep_0266,gene_054,ctrl,0h,6,96.64433773152432
pep_0266,gene_054,ctrl,24h,1,62.4717973720979
pep_0266,gene_054,ctrl,24h,2,84.36654639256342
pep_0266,gene_054,ctrl,24h,3,152.46781547588964
pep_0266,gene_054,ctrl,24h,4,83.51048557648723
pep_0266,gene_054,ctrl,24h,5,37.349135745193415
pep_0266,gene_054,ctrl,24h,6,60.383149909086825
pep_0266,gene_054,ctrl,6h,1,80.56065133018586
pep_0266,gene_054,ctrl,6h,2,58.13541796333423
pep_0266,gene_054,ctrl,6h,3,51.518547585456474
pep_0266,gene_054,ctrl,6h,4,21.6778377773178
pep_0266,gene_054,ctrl,6h,5,31.744531839266983
pep_0266,gene_054,ctrl,6h,6,24.583890577121608
pep_0266,gene_054,drug,0h,1,102.38754255773003
pep_0266,gene_054,drug,0h,2,61.33856102963116
pep_0266,gene_054,drug,0h,3,98.37508704677147
pep_0266,gene_054,drug,0h,4,41.17694393401211
pep_0266,gene_054,drug,0h,5,78.18845417237027
pep_0266,gene_054,drug,0h,6,39.71776082114229
pep_0266,gene_054,drug,24h,1,99.62406644086202
pep_0266,gene_054,drug,24h,2,37.79256933408934
pep_0266,gene_054,drug,24h,3,68.40013097061846
pep_0266,gene_054,drug,24h,4,56.128184311825336
pep_0266,gene_054,drug,24h,5,83.87289637923578
pep_0266,gene_054,drug,24h,6,32.94480882519016
pep_0266,gene_054,drug,6h,1,79.61548053543996
pep_0266,gene_054,drug,6h,2,64.94909536500674
pep_0266,gene_054,drug,6h,3,66.49697301024605
pep_0266,gene_054,drug,6h,4,71.5672590753263
pep_0266,gene_054,drug,6h,5,76.72034379480101
pep_0266,gene_054,drug,6h,6,139.49879040098827
pep_0267,gene_054,ctrl,0h,1,25.220551679109867
pep_0267,gene_054,ctrl,0h,2,82.49509685761687
pep_0267,gene_054,ctrl,0h,3,36.35690191687266
pep_0267,gene_054,ctrl,0h,4,25.817927949626547
pep_0267,gene_054,ctrl,0h,5,68.1316067131906
pep_0267,gene_054,ctrl,0h,6,83.24164718577235
pep_0267,gene_054,ctrl,24h,1,21.76088987354705
pep_0267,gene_054,ctrl,24h,2,63.26697914406496
pep_0267,gene_054,ctrl,24h,3,39.27911081619321
pep_0267,gene_054,ctrl,24h,4,90.31022660692828
pep_0267,gene_054,ctrl,24h,5,59.66203576932178
pep_0267,gene_054,ctrl,24h,6,76.62995665805371
pep_0267,gene_054,ctrl,6h,1,66.8693971645772
pep_0267,gene_054,ctrl,6h,2,34.845006955148285
pep_0267,gene_054,ctrl,6h,3,83.61491703927959
pep_0267,gene_054,ctrl,6h,4,57.93251828201523
pep_0267,gene_054,ctrl,6h,5,90.05016087988598
pep_0267,gene_054,ctrl,6h,6,140.10216283657934
pep_0267,gene_054,drug,0h,1,57.092293333049795
pep_0267,gene_054,drug,0h,2,62.15141120512026
pep_0267,gene_054,drug,0h,3,78.99872971660247
pep_0267,gene_054,drug,0h,4,53.21300617420447
pep_0267,gene_054,drug,0h,5,55.831599901335764
pep_0267,gene_054,drug,0h,6,99.6705614432883
pep_0267,gene_054,drug,24h,1,59.29461362199941
pep_0267,gene_054,drug,24h,2,73.96985574796285
pep_0267,gene_054,drug,24h,3,61.2422192163891
pep_0267,gene_054,drug,24h,4,43.64179917096767
pep_0267,gene_054,drug,24h,5,70.26110469575154
pep_0267,gene_054,drug,24h,6,49.63491642601326
pep_0267,gene_054,drug,6h,1,106.61178401247402
pep_0267,gene_054,drug,6h,2,35.99502695442978
pep_0267,gene_054,drug,6h,3,43.22687895954288
pep_0267,gene_054,drug,6h,4,59.55761269477939
pep_0267,gene_054,drug,6h,5,118.01347133758607
pep_0267,gene_054,drug,6h,6,52.443158016290056
pep_0268,gene_054,ctrl,0h,1,106.08127244112396
pep_0268,gene_054,ctrl,0h,2,50.14824590422814
pep_0268,gene_054,ctrl,0h,3,88.10752246141314
pep_0268,gene_054,ctrl,0h,4,81.1462740714642
pep_0268,gene_054,ctrl,0h,5,79.0295632521178
pep_0268,gene_054,ctrl,0h,6,54.45932816322069
pep_0268,gene_054,ctrl,24h,1,92.38631392494398
pep_0268,gene_054,ctrl,24h,2,58.132006088336354
pep_0268,gene_054,ctrl,24h,3,75.58593510808116
pep_0268,gene_054,ctrl,24h,4,66.55904284733784
pep_0268,gene_054,ctrl,24h,5,127.45528875588569
pep_0268,gene_054,ctrl,24h,6,57.22856868137002
pep_0268,gene_054,ctrl,6h,1,57.19799545138514
pep_0268,gene_054,ctrl,6h,2,92.72670537407589
pep_0268,gene_054,ctrl,6h,3,97.89155276866474
pep_0268,gene_054,ctrl,6h,4,37.70927554830689
pep_0268,gene_054,ctrl,6h,5,73.59351622356485
pep_0268,gene_054,ctrl,6h,6,81.74732796497123
pep_0268,gene_054,drug,0h,1,48.61626209453026
pep_0268,gene_054,drug,0h,2,54.305520028914486
pep_0268,gene_054,drug,0h,3,66.56139237214593
pep_0268,gene_054,drug,0h,4,92.14628835946803
pep_0268,gene_054,drug,0h,5,73.99648344682147
pep_0268,gene_054,drug,0h,6,65.3911292540304
pep_0268,gene_054,drug,24h,1,133.58917038619992
pep_0268,gene_054,drug,24h,2,67.07658946255383
pep_0268,gene_054,drug,24h,3,64.02081492185623
pep_0268,gene_054,drug,24h,4,100.95322587332123
pep_0268,gene_054,drug,24h,5,66.93948616396628
pep_0268,gene_054,drug,24h,6,108.24417952894153
pep_0268,gene_054,drug,6h,1,107.32489775094432
pep_0268,gene_054,drug,6h,2,61.55548111190896
pep_0268,gene_054,drug,6h,3,64.40736826779207
pep_0268,gene_054,drug,6h,4,44.87522586136381
pep_0268,gene_054,drug,6h,5,45.8631662752401
pep_0268,gene_054,drug,6h,6,87.58661845206356
pep_0269,gene_054,ctrl,0h,1,120.88998568900688
pep_0269,gene_054,ctrl,0h,2,111.378102004104
pep_0269,gene_054,ctrl,0h,3,140.57367018644405
pep_0269,gene_054,ctrl,0h,4,112.41922388729903
pep_0269,gene_054,ctrl,0h,5,62.52512261795784
pep_0269,gene_054,ctrl,0h,6,181.25624295372765
pep_0269,gene_054,ctrl,24h,1,152.93023767295955
pep_0269,gene_054,ctrl,24h,2,137.77079377834607
pep_0269,gene_054,ctrl,24h,3,180.2282336459728
pep_0269,gene_054,ctrl,24h,4,94.95972550053386
pep_0269,gene_054,ctrl,24h,5,79.18815091395656
pep_0269,gene_054,ctrl,24h,6,108.76636288654788
pep_0269,gene_054,ctrl,6h,1,119.93665550137332
pep_0269,gene_054,ctrl,6h,2,73.85997779798018
pep_0269,gene_054,ctrl,6h,3,133.06928480855524
pep_0269,gene_054,ctrl,6h,4,184.29578490489328
pep_0269,gene_054,ctrl,6h,5,39.98815334089041
pep_0269,gene_054,ctrl,6h,6,144.82126383587214
pep_0269,gene_054,drug,0h,1,62.38295146646867
pep_0269,gene_054,drug,0h,2,199.58666611483451
pep_0269,gene_054,drug,0h,3,79.48377152092712
pep_0269,gene_054,drug,0h,4,136.62378000144835
pep_0269,gene_054,drug,0h,5,176.0881890492063
pep_0269,gene_054,drug,0h,6,128.3826946043686
pep_0269,gene_054,drug,24h,1,134.5833295886873
pep_0269,gene_054,drug,24h,2,74.12858020363399
pep_0269,gene_054,drug,24h,3,197.059815820694
pep_0269,gene_054,drug,24h,4,94.165364800871
pep_0269,gene_054,drug,24h,5,98.65926268355462
pep_0269,gene_054,drug,24h,6,102.50405565517197
pep_0269,gene_054,drug,6h,1,69.58562853485677
pep_0269,gene_054,drug,6h,2,136.25993331372834
pep_0269,gene_054,drug,6h,3,142.39771283412134
pep_0269,gene_054,drug,6h,4,185.2594608223946
pep_0269,gene_054,drug,6h,5,129.5933142544716
pep_0269,gene_054,drug,6h,6,93.25887120597656
pep_0270,gene_054,ctrl,0h,1,80.16015284150264
pep_0270,gene_054,ctrl,0h,2,135.5993031546047
pep_0270,gene_054,ctrl,0h,3,134.72367338673993
pep_0270,gene_054,ctrl,0h,4,194.04924334588625
pep_0270,gene_054,ctrl,0h,5,152.97410191033194
pep_0270,gene_054,ctrl,0h,6,113.13451237752666
pep_0270,gene_054,ctrl,24h,1,89.2482781074299
pep_0270,gene_054,ctrl,24h,2,203.47432394193652
pep_0270,gene_054,ctrl,24h,3,239.98012599537992
pep_0270,gene_054,ctrl,24h,4,190.64657724578626
pep_0270,gene_054,ctrl,24h,5,158.66319872030985
pep_0270,gene_054,ctrl,24h,6,200.09119712893488
pep_0270,gene_054,ctrl,6h,1,129.51255423684853
pep_0270,gene_054,ctrl,6h,2,121.50230312815798
pep_0270,gene_054,ctrl,6h,3,98.20258147698041
pep_0270,gene_054,ctrl,6h,4,72.99815862803042
pep_0270,gene_054,ctrl,6h,5,229.6473428530574
pep_0270,gene_054,ctrl,6h,6,110.22955194715567
pep_0270,gene_054,drug,0h,1,175.9577601662405
pep_0270,gene_054,drug,0h,2,165.94846673253892
pep_0270,gene_054,drug,0h,3,111.72744684436354
pep_0270,gene_054,drug,0h,4,141.9266859816484
pep_0270,gene_054,drug,0h,5,49.37933240686705
pep_0270,gene_054,drug,0h,6,131.82887055942714
pep_0270,gene_054,drug,24h,1,110.68641383717652
pep_0270,gene_054,drug,24h,2,157.64140283807208
pep_0270,gene_054,drug,24h,3,183.76777806403572
pep_0270,gene_054,drug,24h,4,122.42513383894926
pep_0270,gene_054,drug,24h,5,201.75381893582872
pep_0270,gene_054,drug,24h,6,90.51553642519116
pep_0270,gene_054,drug,6h,1,105.81687563358699
pep_0270,gene_054,drug,6h,2,155.15430578698934
pep_0270,gene_054,drug,6h,3,181.88807219254292
pep_0270,gene_054,drug,6h,4,157.32565224523276
pep_0270,gene_054,drug,6h,5,197.99201980561998
pep_0270,gene_054,drug,6h,6,108.7648867523576
pep_0271,gene_055,ctrl,0h,1,148.58163009767594
pep_0271,gene_055,ctrl,0h,2,85.21272827433742
pep_0271,gene_055,ctrl,0h,3,266.80356831521635
pep_0271,gene_055,ctrl,0h,4,80.93823707647906
pep_0271,gene_055,ctrl,0h,5,117.82617833987962
pep_0271,gene_055,ctrl,0h,6,131.24851449986448
pep_0271,gene_055,ctrl,24h,1,98.90941628520441
pep_0271,gene_055,ctrl,24h,2,80.19585034343561
pep_0271,gene_055,ctrl,24h,3,157.4936853349842
pep_0271,gene_055,ctrl,24h,4,68.2160916127524
pep_0271,gene_055,ctrl,24h,5,67.47143534667653
pep_0271,gene_055,ctrl,24h,6,97.95927233210605
pep_0271,gene_055,ctrl,6h,1,137.44198191862031
pep_0271,gene_055,ctrl,6h,2,103.39441562266482
pep_0271,gene_055,ctrl,6h,3,166.91705279608317
pep_0271,gene_055,ctrl,6h,4,96.84070589181844
pep_0271,gene_055,ctrl,6h,5,125.4471561748607
pep_0271,gene_055,ctrl,6h,6,90.62687921263102
pep_0271,gene_055,drug,0h,1,53.38892610622694
pep_0271,gene_055,drug,0h,2,181.38593213724042
pep_0271,gene_055,drug,0h,3,145.1781260512894
pep_0271,gene_055,drug,0h,4,219.8624397286022
pep_0271,gene_055,drug,0h,5,104.43236718932573
pep_0271,gene_055,drug,0h,6,75.22564021840995
pep_0271,gene_055,drug,24h,1,78.50851124845886
pep_0271,gene_055,drug,24h,2,65.06477029595314
pep_0271,gene_055,drug,24h,3,109.7290735311884
pep_0271,gene_055,drug,24h,4,63.762341007620385
pep_0271,gene_055,drug,24h,5,172.664570111414
pep_0271,gene_055,drug,24h,6,139.40669980835662
pep_0271,gene_055,drug,6h,1,111.73086987846125
pep_0271,gene_055,drug,6h,2,120.345045143282
pep_0271,gene_055,drug,6h,3,147.5893109547826
pep_0271,gene_055,drug,6h,4,176.1082794022203
pep_0271,gene_055,drug,6h,5,100.4774481920327
pep_0271,gene_055,drug,6h,6,100.48463890890474
pep_0272,gene_055,ctrl,0h,1,32.16325072277491
pep_0272,gene_055,ctrl,0h,2,56.540745000355066
pep_0272,gene_055,ctrl,0h,3,54.15917019906103
pep_0272,gene_055,ctrl,0h,4,84.07070803656131
pep_0272,gene_055,ctrl,0h,5,98.8265255706313
pep_0272,gene_055,ctrl,0h,6,34.10875683711925
pep_0272,gene_055,ctrl,24h,1,33.007747882143526
pep_0272,gene_055,ctrl,24h,2,87.36112472058551
pep_0272,gene_055,ctrl,24h,3,52.9546119831037
pep_0272,gene_055,ctrl,24h,4,45.12904528655139
pep_0272,gene_055,ctrl,24h,5,49.0704963615997
pep_0272,gene_055,ctrl,24h,6,41.475170838502216
pep_0272,gene_055,ctrl,6h,1,50.21741586391347
pep_0272,gene_055,ctrl,6h,2,52.8267565720733
pep_0272,gene_055,ctrl,6h,3,60.959130265688614
pep_0272,gene_055,ctrl,6h,4,33.48713462909208
pep_0272,gene_055,ctrl,6h,5,100.714829813672
pep_0272,gene_055,ctrl,6h,6,43.51268560811871
pep_0272,gene_055,drug,0h,1,54.68338576303371
pep_0272,gene_055,drug,0h,2,47.49059057426077
pep_0272,gene_055,drug,0h,3,58.52508885088586
pep_0272,gene_055,drug,0h,4,84.22659958839377
pep_0272,gene_055,drug,0h,5,56.00259541604549
pep_0272,gene_055,drug,0h,6,65.19771567146961
pep_0272,gene_055,drug,24h,1,44.844947871228364
pep_0272,gene_055,drug,24h,2,56.288670671461404
pep_0272,gene_055,drug,24h,3,89.48486328943831
pep_0272,gene_055,drug,24h,4,51.5731969367078
pep_0272,gene_055,drug,24h,5,21.808017056155347
pep_0272,gene_055,drug,24h,6,78.31985717923911
pep_0272,gene_055,drug,6h,1,37.26006006355676
pep_0272,gene_055,drug,6h,2,31.212313645507123
pep_0272,gene_055,drug,6h,3,62.23211907137087
pep_0272,gene_055,drug,6h,4,61.79399743597142
pep_0272,gene_055,drug,6h,5,12.739771864561947
pep_0272,gene_055,drug,6h,6,112.03989092656964
pep_0273,gene_055,ctrl,0h,1,19.605119988881274
pep_0273,gene_055,ctrl,0h,2,73.6097655282757
pep_0273,gene_055,ctrl,0h,3,57.14422067499909
pep_0273,gene_055,ctrl,0h,4,28.285153123143605
pep_0273,gene_055,ctrl,0h,5,41.92888535926334
pep_0273,gene_055,ctrl,0h,6,36.61631160451653
pep_0273,gene_055,ctrl,24h,1,72.05365649666729
pep_0273,gene_055,ctrl,24h,2,50.25120305301273
pep_0273,gene_055,ctrl,24h,3,88.60673935972257
pep_0273,gene_055,ctrl,24h,4,51.58105255056796
pep_0273,gene_055,ctrl,24h,5,35.43549748511687
pep_0273,gene_055,ctrl,24h,6,81.65616440883822
pep_0273,gene_055,ctrl,6h,1,25.989419995577567
pep_0273,gene_055,ctrl,6h,2,54.785173649297256
pep_0273,gene_055,ctrl,6h,3,84.72618779845762
pep_0273,gene_055,ctrl,6h,4,30.951051646519915
pep_0273,gene_055,ctrl,6h,5,13.894406781642077
pep_0273,gene_055,ctrl,6h,6,28.63718861917201
pep_0273,gene_055,drug,0h,1,62.51750536918308
pep_0273,gene_055,drug,0h,2,61.38734842899774
pep_0273,gene_055,drug,0h,3,44.29408643952206
pep_0273,gene_055,drug,0h,4,44.06054404001645
pep_0273,gene_055,drug,0h,5,75.83958937178352
pep_0273,gene_055,drug,0h,6,33.29648767739862
pep_0273,gene_055,drug,24h,1,19.66117075493064
pep_0273,gene_055,drug,24h,2,56.6300408994742
pep_0273,gene_055,drug,24h,3,61.31486184047561
pep_0273,gene_055,drug,24h,4,57.516009809988944
pep_0273,gene_055,drug,24h,5,72.14957807583106
pep_0273,gene_055,drug,24h,6,47.532511269223114
pep_0273,gene_055,drug,6h,1,69.67545369513668
pep_0273,gene_055,drug,6h,2,70.61818709831702
pep_0273,gene_055,drug,6h,3,41.419287177979946
pep_0273,gene_055,drug,6h,4,50.07501130903078
pep_0273,gene_055,drug,6h,5,64.18644975476201
pep_0273,gene_055,drug,6h,6,45.27814397673262
pep_0274,gene_055,ctrl,0h,1,60.59416254356235
pep_0274,gene_055,ctrl,0h,2,190.43738396074073
pep_0274,gene_055,ctrl,0h,3,38.360663524908
pep_0274,gene_055,ctrl,0h,4,73.21190968276292
pep_0274,gene_055,ctrl,0h,5,109.5603557843967
pep_0274,gene_055,ctrl,0h,6,82.86411610464053
pep_0274,gene_055,ctrl,24h,1,55.493045181245826
pep_0274,gene_055,ctrl,24h,2,156.8953835842559
pep_0274,gene_055,ctrl,24h,3,30.792841972041682
pep_0274,gene_055,ctrl,24h,4,62.01408966285776
pep_0274,gene_055,ctrl,24h,5,53.529066598070465
pep_0274,gene_055,ctrl,24h,6,62.361936385654516
pep_0274,gene_055,ctrl,6h,1,45.27828883624004
pep_0274,gene_055,ctrl,6h,2,52.04499413065347
pep_0274,gene_055,ctrl,6h,3,93.75822074071642
pep_0274,gene_055,ctrl,6h,4,130.25013414117205
pep_0274,gene_055,ctrl,6h,5,77.75766973875126
pep_0274,gene_055,ctrl,6h,6,121.75585494042207
pep_0274,gene_055,drug,0h,1,49.30319188781907
pep_0274,gene_055,drug,0h,2,52.16031553107235
pep_0274,gene_055,drug,0h,3,147.22335539377664
pep_0274,gene_055,drug,0h,4,78.73589178606963
pep_0274,gene_055,drug,0h,5,41.913104909605124
pep_0274,gene_055,drug,0h,6,85.49499232417699
pep_0274,gene_055,drug,24h,1,76.34850297981372
pep_0274,gene_055,drug,24h,2,71.26064394622885
pep_0274,gene_055,drug,24h,3,52.21676847349781
pep_0274,gene_055,drug,24h,4,97.65808508961584
pep_0274,gene_055,drug,24h,5,102.04242044103549
pep_0274,gene_055,drug,24h,6,38.20255540623222
pep_0274,gene_055,drug,6h,1,56.929034470202524
pep_0274,gene_055,drug,6h,2,75.47715251700434
pep_0274,gene_055,drug,6h,3,50.560857070750146
pep_0274,gene_055,drug,6h,4,55.015331304421544
pep_0274,gene_055,drug,6h,5,78.1520957628588
pep_0274,gene_055,drug,6h,6,95.86388885461332
pep_0275,gene_055,ctrl,0h,1,92.60928994754477
pep_0275,gene_055,ctrl,0h,2,85.58247456073572
pep_0275,gene_055,ctrl,0h,3,51.020078189714695
pep_0275,gene_055,ctrl,0h,4,161.17759425212478
pep_0275,gene_055,ctrl,0h,5,102.72572936979671
pep_0275,gene_055,ctrl,0h,6,67.55338584813416
pep_0275,gene_055,ctrl,24h,1,108.01089980488763
pep_0275,gene_055,ctrl,24h,2,75.00829386014077
pep_0275,gene_055,ctrl,24h,3,84.37473667657915
pep_0275,gene_055,ctrl,24h,4,83.07920864363889
pep_0275,gene_055,ctrl,24h,5,98.85085819816886
pep_0275,gene_055,ctrl,24h,6,160.30477609471288
pep_0275,gene_055,ctrl,6h,1,141.45105099274494
pep_0275,gene_055,ctrl,6h,2,151.43764606272524
pep_0275,gene_055,ctrl,6h,3,59.95385011551872
pep_0275,gene_055,ctrl,6h,4,63.94963560250498
pep_0275,gene_055,ctrl,6h,5,69.11017532654122
pep_0275,gene_055,ctrl,6h,6,141.6637323396878
pep_0275,gene_055,drug,0h,1,58.64925720210197
pep_0275,gene_055,drug,0h,2,190.4371810020355
pep_0275,gene_055,drug,0h,3,61.73354187025027
pep_0275,gene_055,drug,0h,4,125.68883861099509
pep_0275,gene_055,drug,0h,5,60.067252950260695
pep_0275,gene_055,drug,0h,6,49.60255998975008
pep_0275,gene_055,drug,24h,1,61.24098326644736
pep_0275,gene_055,drug,24h,2,88.24469579962405
pep_0275,gene_055,drug,24h,3,119.4307846131028
pep_0275,gene_055,drug,24h,4,109.12939217134561
pep_0275,gene_055,drug,24h,5,70.49436990249534
pep_0275,gene_055,drug,24h,6,100.63668606257266
pep_0275,gene_055,drug,6h,1,72.72689632308592
pep_0275,gene_055,drug,6h,2,76.59824187883633
pep_0275,gene_055,drug,6h,3,89.49546267581137
pep_0275,gene_055,drug,6h,4,130.73660766189954
pep_0275,gene_055,drug,6h,5,74.88316743750133
pep_0275,gene_055,drug,6h,6,157.25412894336023
pep_0276,gene_056,ctrl,0h,1,68.40873212185568
pep_0276,gene_056,ctrl,0h,2,126.7958433985151
pep_0276,gene_056,ctrl,0h,3,130.51630148598065
pep_0276,gene_056,ctrl,0h,4,116.09555999787821
pep_0276,gene_056,ctrl,0h,5,219.8295605121304
pep_0276,gene_056,ctrl,0h,6,124.00311760586902
pep_0276,gene_056,ctrl,24h,1,104.12935591958987
pep_0276,gene_056,ctrl,24h,2,131.62439624755768
pep_0276,gene_056,ctrl,24h,3,64.67248183069246
pep_0276,gene_056,ctrl,24h,4,175.63299363323227
pep_0276,gene_056,ctrl,24h,5,119.56630950191635
pep_0276,gene_056,ctrl,24h,6,87.96094198066076
pep_0276,gene_056,ctrl,6h,1,124.49944284834079
pep_0276,gene_056,ctrl,6h,2,145.82534794823692
pep_0276,gene_056,ctrl,6h,3,123.82596603326762
pep_0276,gene_056,ctrl,6h,4,143.89045565231916
pep_0276,gene_056,ctrl,6h,5,163.92999502589598
pep_0276,gene_056,ctrl,6h,6,211.8917107676746
pep_0276,gene_056,drug,0h,1,62.008272191343686
pep_0276,gene_056,drug,0h,2,189.97927148750566
pep_0276,gene_056,drug,0h,3,74.90206155954894
pep_0276,gene_056,drug,0h,4,96.12716938463682
pep_0276,gene_056,drug,0h,5,136.39549013287683
pep_0276,gene_056,drug,0h,6,233.9179207404782
pep_0276,gene_056,drug,24h,1,154.13479681628198
pep_0276,gene_056,drug,24h,2,150.42586738444234
pep_0276,gene_056,drug,24h,3,48.16141223970152
pep_0276,gene_056,drug,24h,4,159.61141557101877
pep_0276,gene_056,drug,24h,5,101.13785207674388
pep_0276,gene_056,drug,24h,6,70.9357698884855
pep_0276,gene_056,drug,6h,1,119.23101087736781
pep_0276,gene_056,drug,6h,2,172.5626508137005
pep_0276,gene_056,drug,6h,3,221.10264336190025
pep_0276,gene_056,drug,6h,4,135.1725393457491
pep_0276,gene_056,drug,6h,5,189.2848845343635
pep_0276,gene_056,drug,6h,6,206.27978399084083
pep_0277,gene_056,ctrl,0h,1,165.63218504375612
pep_0277,gene_056,ctrl,0h,2,166.07277745558943
pep_0277,gene_056,ctrl,0h,3,212.38550401183062
pep_0277,gene_056,ctrl,0h,4,75.39085036555365
pep_0277,gene_056,ctrl,0h,5,145.05861395465854
pep_0277,gene_056,ctrl,0h,6,142.87903061811522
pep_0277,gene_056,ctrl,24h,1,77.99633825843343
pep_0277,gene_056,ctrl,24h,2,161.0380345044547
pep_0277,gene_056,ctrl,24h,3,128.90256863338655
pep_0277,gene_056,ctrl,24h,4,203.40962794764908
pep_0277,gene_056,ctrl,24h,5,97.67676905915498
pep_0277,gene_056,ctrl,24h,6,162.5081147344884
pep_0277,gene_056,ctrl,6h,1,169.09484921913065
pep_0277,gene_056,ctrl,6h,2,195.28148772034393
pep_0277,gene_056,ctrl,6h,3,131.28653832234752
pep_0277,gene_056,ctrl,6h,4,114.4224205776626
pep_0277,gene_056,ctrl,6h,5,123.29178999956711
pep_0277,gene_056,ctrl,6h,6,94.42498020509373
pep_0277,gene_056,drug,0h,1,140.48691518603866
pep_0277,gene_056,drug,0h,2,148.78745908950458
pep_0277,gene_056,drug,0h,3,128.41095747412348
pep_0277,gene_056,drug,0h,4,91.39808936173598
pep_0277,gene_056,drug,0h,5,104.09524107273442
pep_0277,gene_056,drug,0h,6,167.90158185436138
pep_0277,gene_056,drug,24h,1,127.49021441727018
pep_0277,gene_056,drug,24h,2,212.13510910143873
pep_0277,gene_056,drug,24h,3,99.97198410060146
pep_0277,gene_056,drug,24h,4,71.07170691296116
pep_0277,gene_056,drug,24h,5,94.53513893225436
pep_0277,gene_056,drug,24h,6,176.72875716293808
pep_0277,gene_056,drug,6h,1,145.882151877545
pep_0277,gene_056,drug,6h,2,143.9322311361059
pep_0277,gene_056,drug,6h,3,152.60226178295434
pep_0277,gene_056,drug,6h,4,78.82556540506926
pep_0277,gene_056,drug,6h,5,136.2242026691916
pep_0277,gene_056,drug,6h,6,87.99647896430407
pep_0278,gene_056,ctrl,0h,1,123.4581880522238
pep_0278,gene_056,ctrl,0h,2,106.46870161927254
pep_0278,gene_056,ctrl,0h,3,84.30945930066831
pep_0278,gene_056,ctrl,0h,4,46.11026927155482
pep_0278,gene_056,ctrl,0h,5,49.12856797460713
pep_0278,gene_056,ctrl,0h,6,134.41669220254036
pep_0278,gene_056,ctrl,24h,1,104.48810127441729
pep_0278,gene_056,ctrl,24h,2,131.78187449043617
pep_0278,gene_056,ctrl,24h,3,78.66680032438406
pep_0278,gene_056,ctrl,24h,4,88.22513265077387
pep_0278,gene_056,ctrl,24h,5,87.71176693920576
pep_0278,gene_056,ctrl,24h,6,123.94583070467633
pep_0278,gene_056,ctrl,6h,1,58.41506773839195
pep_0278,gene_056,ctrl,6h,2,97.48058144381412
pep_0278,gene_056,ctrl,6h,3,60.18366765520799
pep_0278,gene_056,ctrl,6h,4,45.48343807837039
pep_0278,gene_056,ctrl,6h,5,71.33138605077922
pep_0278,gene_056,ctrl,6h,6,148.43833965065974
pep_0278,gene_056,drug,0h,1,36.1077031753287
pep_0278,gene_056,drug,0h,2,68.71250851041752
pep_0278,gene_056,drug,0h,3,90.35538901667456
pep_0278,gene_056,drug,0h,4,77.3117769986858
pep_0278,gene_056,drug,0h,5,65.15741421821409
pep_0278,gene_056,drug,0h,6,37.06783987447263
pep_0278,gene_056,drug,24h,1,64.86322402237056
pep_0278,gene_056,drug,24h,2,92.14666122435413
pep_0278,gene_056,drug,24h,3,72.53834881123147
pep_0278,gene_056,drug,24h,4,84.31791756309119
pep_0278,gene_056,drug,24h,5,68.51042792566712
pep_0278,gene_056,drug,24h,6,62.62800988355524
pep_0278,gene_056,drug,6h,1,86.13463824761077
pep_0278,gene_056,drug,6h,2,69.41889584238176
pep_0278,gene_056,drug,6h,3,83.67023465024639
pep_0278,gene_056,drug,6h,4,125.52853768099466
pep_0278,gene_056,drug,6h,5,99.87827626357067
pep_0278,gene_056,drug,6h,6,131.8553747485697
pep_0279,gene_056,ctrl,0h,1,110.88489115906061
pep_0279,gene_056,ctrl,0h,2,111.33001947421447
pep_0279,gene_056,ctrl,0h,3,50.691968287527544
pep_0279,gene_056,ctrl,0h,4,106.40921683845116
pep_0279,gene_056,ctrl,0h,5,45.06261392379696
pep_0279,gene_056,ctrl,0h,6,102.30928252317318
pep_0279,gene_056,ctrl,24h,1,96.78266811899162
pep_0279,gene_056,ctrl,24h,2,76.88284472050609
pep_0279,gene_056,ctrl,24h,3,144.16121719895676
pep_0279,gene_056,ctrl,24h,4,190.1603745240931
pep_0279,gene_056,ctrl,24h,5,100.09025841296047
pep_0279,gene_056,ctrl,24h,6,61.65967524724291
pep_0279,gene_056,ctrl,6h,1,83.78356315018857
pep_0279,gene_056,ctrl,6h,2,62.61738267634343
pep_0279,gene_056,ctrl,6h,3,86.30889517780949
pep_0279,gene_056,ctrl,6h,4,101.46330249348412
pep_0279,gene_056,ctrl,6h,5,116.78651665176679
pep_0279,gene_056,ctrl,6h,6,73.94027380898807
pep_0279,gene_056,drug,0h,1,58.191509644055635
pep_0279,gene_056,drug,0h,2,176.79174043257873
pep_0279,gene_056,drug,0h,3,56.07599247668947
pep_0279,gene_056,drug,0h,4,135.88969043928427
pep_0279,gene_056,drug,0h,5,171.0454391217436
pep_0279,gene_056,drug,0h,6,104.52076251089396
pep_0279,gene_056,drug,24h,1,92.59098549153694
pep_0279,gene_056,drug,24h,2,80.3304204788151
pep_0279,gene_056,drug,24h,3,119.36654111189235
pep_0279,gene_056,drug,24h,4,144.90400992547953
pep_0279,gene_056,drug,24h,5,107.51612725840693
pep_0279,gene_056,drug,24h,6,69.28091900452716
pep_0279,gene_056,drug,6h,1,119.07762870389607
pep_0279,gene_056,drug,6h,2,55.37086541346103
pep_0279,gene_056,drug,6h,3,110.73487047380213
pep_0279,gene_056,drug,6h,4,34.32028539602109
pep_0279,gene_056,drug,6h,5,68.89401505930209
pep_0279,gene_056,drug,6h,6,106.9029341686838
pep_0280,gene_056,ctrl,0h,1,21.49014756924311
pep_0280,gene_056,ctrl,0h,2,46.95438887578086
pep_0280,gene_056,ctrl,0h,3,NA
pep_0280,gene_056,ctrl,0h,4,32.711648149013335
pep_0280,gene_056,ctrl,0h,5,4.309880890229313
pep_0280,gene_056,ctrl,0h,6,38.49163539983154
pep_0280,gene_056,ctrl,24h,1,22.17217203882222
pep_0280,gene_056,ctrl,24h,2,37.83881495779426
pep_0280,gene_056,ctrl,24h,3,13.55305639317554
pep_0280,gene_056,ctrl,24h,4,61.462001727531586
pep_0280,gene_056,ctrl,24h,5,31.20392375935294
pep_0280,gene_056,ctrl,24h,6,53.13341458216223
pep_0280,gene_056,ctrl,6h,1,77.94316543083774
pep_0280,gene_056,ctrl,6h,2,31.241341981065283
pep_0280,gene_056,ctrl,6h,3,16.782365651655436
pep_0280,gene_056,ctrl,6h,4,61.39044434125823
pep_0280,gene_056,ctrl,6h,5,81.48324186392595
pep_0280,gene_056,ctrl,6h,6,41.00021923045457
pep_0280,gene_056,drug,0h,1,42.818463131457754
pep_0280,gene_056,drug,0h,2,33.331040771822856
pep_0280,gene_056,drug,0h,3,102.99151944087002
pep_0280,gene_056,drug,0h,4,12.940468496374598
pep_0280,gene_056,drug,0h,5,35.78673792942364
pep_0280,gene_056,drug,0h,6,31.02668873991976
pep_0280,gene_056,drug,24h,1,48.12693004525914
pep_0280,gene_056,drug,24h,2,22.09499545911589
pep_0280,gene_056,drug,24h,3,37.73801148958213
pep_0280,gene_056,drug,24h,4,29.62441867948256
pep_0280,gene_056,drug,24h,5,64.14709294743491
pep_0280,gene_056,drug,24h,6,35.379408513381215
pep_0280,gene_056,drug,6h,1,72.61905444090249
pep_0280,gene_056,drug,6h,2,79.27866901578972
pep_0280,gene_056,drug,6h,3,35.01602266144366
pep_0280,gene_056,drug,6h,4,41.81338556195071
pep_0280,gene_056,drug,6h,5,59.75617069447898
pep_0280,gene_056,drug,6h,6,27.47861035459529
pep_0281,gene_057,ctrl,0h,1,176.95110660466233
pep_0281,gene_057,ctrl,0h,2,97.34695347140863
pep_0281,gene_057,ctrl,0h,3,143.76121411002626
pep_0281,gene_057,ctrl,0h,4,117.85318098099921
pep_0281,gene_057,ctrl,0h,5,96.98562261660263
pep_0281,gene_057,ctrl,0h,6,244.48750911306763
pep_0281,gene_057,ctrl,24h,1,135.45207362896133
pep_0281,gene_057,ctrl,24h,2,140.13268151768025
pep_0281,gene_057,ctrl,24h,3,157.85674331901402
pep_0281,gene_057,ctrl,24h,4,98.55151582352399
pep_0281,gene_057,ctrl,24h,5,101.71551322662735
pep_0281,gene_057,ctrl,24h,6,303.7103262991964
pep_0281,gene_057,ctrl,6h,1,257.2390204316254
pep_0281,gene_057,ctrl,6h,2,200.94784159206617
pep_0281,gene_057,ctrl,6h,3,77.93448327709211
pep_0281,gene_057,ctrl,6h,4,157.6683003392076
pep_0281,gene_057,ctrl,6h,5,63.4517907948293
pep_0281,gene_057,ctrl,6h,6,163.4033239481074
pep_0281,gene_057,drug,0h,1,102.35951030307375
pep_0281,gene_057,drug,0h,2,167.33387522224746
pep_0281,gene_057,drug,0h,3,132.76054161975577
pep_0281,gene_057,drug,0h,4,164.42746040580747
pep_0281,gene_057,drug,0h,5,172.84903143886666
pep_0281,gene_057,drug,0h,6,223.22680077195074
pep_0281,gene_057,drug,24h,1,93.94982897319197
pep_0281,gene_057,drug,24h,2,292.61272895552037
pep_0281,gene_057,drug,24h,3,175.7574346335617
pep_0281,gene_057,drug,24h,4,178.12021631100578
pep_0281,gene_057,drug,24h,5,185.82104597012278
pep_0281,gene_057,drug,24h,6,338.5664135818776
pep_0281,gene_057,drug,6h,1,93.49951207927172
pep_0281,gene_057,drug,6h,2,80.84481480265363
pep_0281,gene_057,drug,6h,3,246.59708178701803
pep_0281,gene_057,drug,6h,4,140.09126758044104
pep_0281,gene_057,drug,6h,5,161.93118215807826
pep_0281,gene_057,drug,6h,6,162.43970391015125
pep_0282,gene_057,ctrl,0h,1,32.91171852641829
pep_0282,gene_057,ctrl,0h,2,103.56694878169735
pep_0282,gene_057,ctrl,0h,3,102.44982091637115
pep_0282,gene_057,ctrl,0h,4,89.329977975840535
pep_0282,gene_057,ctrl,0h,5,41.34363753375519
pep_0282,gene_057,ctrl,0h,6,118.96022122958368
pep_0282,gene_057,ctrl,24h,1,90.74633634107911
pep_0282,gene_057,ctrl,24h,2,61.405714503559174
pep_0282,gene_057,ctrl,24h,3,41.171442137884725
pep_0282,gene_057,ctrl,24h,4,35.450969040433684
pep_0282,gene_057,ctrl,24h,5,90.92115156396713
pep_0282,gene_057,ctrl,24h,6,71.12531563536503
pep_0282,gene_057,ctrl,6h,1,33.739295408515
pep_0282,gene_057,ctrl,6h,2,51.197935300678296
pep_0282,gene_057,ctrl,6h,3,53.67880433686362
pep_0282,gene_057,ctrl,6h,4,88.85530656393584
pep_0282,gene_057,ctrl,6h,5,63.687170927726584
pep_0282,gene_057,ctrl,6h,6,80.8106467250314
pep_0282,gene_057,drug,0h,1,73.55831105804981
pep_0282,gene_057,drug,0h,2,71.76715553955056
pep_0282,gene_057,drug,0h,3,57.98249125916643
pep_0282,gene_057,drug,0h,4,100.74053181821822
pep_0282,gene_057,drug,0h,5,32.70522628970673
pep_0282,gene_057,drug,0h,6,62.9422254029151
pep_0282,gene_057,drug,24h,1,54.2175529076489
pep_0282,gene_057,drug,24h,2,83.85568217546772
pep_0282,gene_057,drug,24h,3,49.84953185526258
pep_0282,gene_057,drug,24h,4,48.43221668005958
pep_0282,gene_057,drug,24h,5,102.15167702787387
pep_0282,gene_057,drug,24h,6,113.10054475011981
pep_0282,gene_057,drug,6h,1,106.26215254285528
pep_0282,gene_057,drug,6h,2,103.19809741269029
pep_0282,gene_057,drug,6h,3,38.15454083922604
pep_0282,gene_057,drug,6h,4,73.9960720943521
pep_0282,gene_057,drug,6h,5,144.2190964677868
pep_0282,gene_057,drug,6h,6,101.9472870849274
pep_0283,gene_057,ctrl,0h,1,75.44488401583808
pep_0283,gene_057,ctrl,0h,2,102.89536085669816
pep_0283,gene_057,ctrl,0h,3,78.74088901053241
pep_0283,gene_057,ctrl,0h,4,55.54124074986159
pep_0283,gene_057,ctrl,0h,5,92.5151095507966
pep_0283,gene_057,ctrl,0h,6,53.12993578990221
pep_0283,gene_057,ctrl,24h,1,94.3351397909141
pep_0283,gene_057,ctrl,24h,2,45.88534787831155
pep_0283,gene_057,ctrl,24h,3,61.37647093175576
pep_0283,gene_057,ctrl,24h,4,87.85162493549817
pep_0283,gene_057,ctrl,24h,5,36.27288367545312
pep_0283,gene_057,ctrl,24h,6,31.310127497005364
pep_0283,gene_057,ctrl,6h,1,44.564209239429395
pep_0283,gene_057,ctrl,6h,2,65.08800024754795
pep_0283,gene_057,ctrl,6h,3,66.73505098272236
pep_0283,gene_057,ctrl,6h,4,69.94896394601068
pep_0283,gene_057,ctrl,6h,5,37.14834017569635
pep_0283,gene_057,ctrl,6h,6,59.73932134152514
pep_0283,gene_057,drug,0h,1,79.87817813258874
pep_0283,gene_057,drug,0h,2,46.53435891738425
pep_0283,gene_057,drug,0h,3,50.81534239585469
pep_0283,gene_057,drug,0h,4,50.03838573577708
pep_0283,gene_057,drug,0h,5,37.652147691643044
pep_0283,gene_057,drug,0h,6,46.836428336894166
pep_0283,gene_057,drug,24h,1,52.8970560573124
pep_0283,gene_057,drug,24h,2,34.73205002585617
pep_0283,gene_057,drug,24h,3,40.560422386037246
pep_0283,gene_057,drug,24h,4,64.50274273687047
pep_0283,gene_057,drug,24h,5,34.479125393972915
pep_0283,gene_057,drug,24h,6,64.5783117766959
pep_0283,gene_057,drug,6h,1,79.84685837605706
pep_0283,gene_057,drug,6h,2,57.03887222259955
pep_0283,gene_057,drug,6h,3,67.69259119076474
pep_0283,gene_057,drug,6h,4,59.29614918085562
pep_0283,gene_057,drug,6h,5,75.4971735566734
pep_0283,gene_057,drug,6h,6,72.5201562478465
pep_0284,gene_057,ctrl,0h,1,186.32351099122587
pep_0284,gene_057,ctrl,0h,2,127.58422369341993
pep_0284,gene_057,ctrl,0h,3,220.039871721115
pep_0284,gene_057,ctrl,0h,4,198.2129085461487
pep_0284,gene_057,ctrl,0h,5,97.96682864836662
pep_0284,gene_057,ctrl,0h,6,147.61419031183217
pep_0284,gene_057,ctrl,24h,1,92.54021681257255
pep_0284,gene_057,ctrl,24h,2,168.77522635282136
pep_0284,gene_057,ctrl,24h,3,289.4894160264838
pep_0284,gene_057,ctrl,24h,4,193.70292542329952
pep_0284,gene_057,ctrl,24h,5,123.86598704524285
pep_0284,gene_057,ctrl,24h,6,147.80746738763509
pep_0284,gene_057,ctrl,6h,1,250.7158063078317
pep_0284,gene_057,ctrl,6h,2,143.49293670639886
pep_0284,gene_057,ctrl,6h,3,145.08194396403093
pep_0284,gene_057,ctrl,6h,4,242.22736154073837
pep_0284,gene_057,ctrl,6h,5,253.11088671856945
pep_0284,gene_057,ctrl,6h,6,192.54658674080366
pep_0284,gene_057,drug,0h,1,126.05695817800043
pep_0284,gene_057,drug,0h,2,136.72741069601602
pep_0284,gene_057,drug,0h,3,91.24340519279264
pep_0284,gene_057,drug,0h,4,197.28040180249016
pep_0284,gene_057,drug,0h,5,216.85208439740416
pep_0284,gene_057,drug,0h,6,142.09871350465545
pep_0284,gene_057,drug,24h,1,102.8505420174558
pep_0284,gene_057,drug,24h,2,140.49403698275682
pep_0284,gene_057,drug,24h,3,84.20976109154772
pep_0284,gene_057,drug,24h,4,125.14124368841895
pep_0284,gene_057,drug,24h,5,97.357081381063
pep_0284,gene_057,drug,24h,6,130.15129405519752
pep_0284,gene_057,drug,6h,1,151.13190621767941
pep_0284,gene_057,drug,6h,2,236.72509481908176
pep_0284,gene_057,drug,6h,3,214.223870394431
pep_0284,gene_057,drug,6h,4,113.65701389962521
pep_0284,gene_057,drug,6h,5,195.4215514487804
pep_0284,gene_057,drug,6h,6,267.6058979354323
pep_0285,gene_057,ctrl,0h,1,255.20376158645345
pep_0285,gene_057,ctrl,0h,2,118.79143864635472
pep_0285,gene_057,ctrl,0h,3,165.10692773936685
pep_0285,gene_057,ctrl,0h,4,125.27449461721409
pep_0285,gene_057,ctrl,0h,5,107.36765534588118
pep_0285,gene_057,ctrl,0h,6,207.36730379737682
pep_0285,gene_057,ctrl,24h,1,76.79608093294988
pep_0285,gene_057,ctrl,24h,2,245.88528908869165
pep_0285,gene_057,ctrl,24h,3,80.48396153061711
pep_0285,gene_057,ctrl,24h,4,89.3144086693787
pep_0285,gene_057,ctrl,24h,5,144.3778459488384
pep_0285,gene_057,ctrl,24h,6,81.78249909301077
pep_0285,gene_057,ctrl,6h,1,162.91761044634325
pep_0285,gene_057,ctrl,6h,2,137.89552072912952
pep_0285,gene_057,ctrl,6h,3,214.5552147225545
pep_0285,gene_057,ctrl,6h,4,153.9332508277821
pep_0285,gene_057,ctrl,6h,5,180.41861904396177
pep_0285,gene_057,ctrl,6h,6,68.62884064280783
pep_0285,gene_057,drug,0h,1,195.63067343363193
pep_0285,gene_057,drug,0h,2,135.71922479728778
pep_0285,gene_057,drug,0h,3,157.58194205788666
pep_0285,gene_057,drug,0h,4,246.4599199191428
pep_0285,gene_057,drug,0h,5,181.28185781818746
pep_0285,gene_057,drug,0h,6,125.05873010298536
pep_0285,gene_057,drug,24h,1,194.83573179938602
pep_0285,gene_057,drug,24h,2,176.22646467368926
pep_0285,gene_057,drug,24h,3,164.35333448542858
pep_0285,gene_057,drug,24h,4,259.1301017265561
pep_0285,gene_057,drug,24h,5,130.29394046448195
pep_0285,gene_057,drug,24h,6,133.53559958427766
pep_0285,gene_057,drug,6h,1,223.83739369758555
pep_0285,gene_057,drug,6h,2,269.4275314386727
pep_0285,gene_057,drug,6h,3,296.45065894030694
pep_0285,gene_057,drug,6h,4,160.296566904845
pep_0285,gene_057,drug,6h,5,177.38112195144305
pep_0285,gene_057,drug,6h,6,241.54120118825685
pep_0286,gene_058,ctrl,0h,1,80.77000615425486
pep_0286,gene_058,ctrl,0h,2,60.19621957920048
pep_0286,gene_058,ctrl,0h,3,75.60362365898659
pep_0286,gene_058,ctrl,0h,4,67.39483639636053
pep_0286,gene_058,ctrl,0h,5,47.12392854579445
pep_0286,gene_058,ctrl,0h,6,62.99573431247015
pep_0286,gene_058,ctrl,24h,1,51.27531799280806
pep_0286,gene_058,ctrl,24h,2,82.08027192141971
pep_0286,gene_058,ctrl,24h,3,46.516907500873245
pep_0286,gene_058,ctrl,24h,4,64.19862359710866
pep_0286,gene_058,ctrl,24h,5,82.82708194217966
pep_0286,gene_058,ctrl,24h,6,58.815244043838106
pep_0286,gene_058,ctrl,6h,1,47.47307302455317
pep_0286,gene_058,ctrl,6h,2,64.90798535862729
pep_0286,gene_058,ctrl,6h,3,35.775974662512134
pep_0286,gene_058,ctrl,6h,4,67.3763717466966
pep_0286,gene_058,ctrl,6h,5,90.75956471681029
pep_0286,gene_058,ctrl,6h,6,57.9270840774253
pep_0286,gene_058,drug,0h,1,50.905432149701326
pep_0286,gene_058,drug,0h,2,71.81766940741278
pep_0286,gene_058,drug,0h,3,58.91163372935775
pep_0286,gene_058,drug,0h,4,50.83885490137666
pep_0286,gene_058,drug,0h,5,60.55328117864422
pep_0286,gene_058,drug,0h,6,119.40392309815253
pep_0286,gene_058,drug,24h,1,60.54215624127513
pep_0286,gene_058,drug,24h,2,86.63346400859892
pep_0286,gene_058,drug,24h,3,78.37482995159525
pep_0286,gene_058,drug,24h,4,70.92452553212081
pep_0286,gene_058,drug,24h,5,70.00497739684191
pep_0286,gene_058,drug,24h,6,85.70811981416189
pep_0286,gene_058,drug,6h,1,51.243523339543984
pep_0286,gene_058,drug,6h,2,92.67793359407221
pep_0286,gene_058,drug,6h,3,83.71946270919703
pep_0286,gene_058,drug,6h,4,78.71208345615695
pep_0286,gene_058,drug,6h,5,55.76525384792109
pep_0286,gene_058,drug,6h,6,34.02271160512243
pep_0287,gene_058,ctrl,0h,1,49.025837155300565
pep_0287,gene_058,ctrl,0h,2,36.87893422898286
pep_0287,gene_058,ctrl,0h,3,93.3352265122666
pep_0287,gene_058,ctrl,0h,4,58.34675087265792
pep_0287,gene_058,ctrl,0h,5,23.586430784627247
pep_0287,gene_058,ctrl,0h,6,34.92400526988425
pep_0287,gene_058,ctrl,24h,1,20.782821372381783
pep_0287,gene_058,ctrl,24h,2,28.159922973736094
pep_0287,gene_058,ctrl,24h,3,38.809037718193316
pep_0287,gene_058,ctrl,24h,4,21.883936565069384
pep_0287,gene_058,ctrl,24h,5,74.47627543731586
pep_0287,gene_058,ctrl,24h,6,52.26572872834693
pep_0287,gene_058,ctrl,6h,1,77.71926671038531
pep_0287,gene_058,ctrl,6h,2,36.842320256945165
pep_0287,gene_058,ctrl,6h,3,42.85376456893435
pep_0287,gene_058,ctrl,6h,4,22.28301896545983
pep_0287,gene_058,ctrl,6h,5,31.530941317929237
pep_0287,gene_058,ctrl,6h,6,42.88828331888535
pep_0287,gene_058,drug,0h,1,53.15812656839467
pep_0287,gene_058,drug,0h,2,46.55678105022119
pep_0287,gene_058,drug,0h,3,52.99517952197774
pep_0287,gene_058,drug,0h,4,74.41087775398786
pep_0287,gene_058,drug,0h,5,85.56849420645007
pep_0287,gene_058,drug,0h,6,36.10270598731529
pep_0287,gene_058,drug,24h,1,58.69074482943008
pep_0287,gene_058,drug,24h,2,57.81649056364108
pep_0287,gene_058,drug,24h,3,40.17681383042507
pep_0287,gene_058,drug,24h,4,100.08020724931333
pep_0287,gene_058,drug,24h,5,37.09744791251206
pep_0287,gene_058,drug,24h,6,83.19312771709681
pep_0287,gene_058,drug,6h,1,43.18164736015435
pep_0287,gene_058,drug,6h,2,15.72767426046656
pep_0287,gene_058,drug,6h,3,27.09010272321114
pep_0287,gene_058,drug,6h,4,87.4671916509472
pep_0287,gene_058,drug,6h,5,68.16940865762102
pep_0287,gene_058,drug,6h,6,68.55024701445785
pep_0288,gene_058,ctrl,0h,1,38.07350635305601
pep_0288,gene_058,ctrl,0h,2,58.33241877400607
pep_0288,gene_058,ctrl,0h,3,57.10552822481129
pep_0288,gene_058,ctrl,0h,4,60.865122142803294
pep_0288,gene_058,ctrl,0h,5,66.19908417633681
pep_0288,gene_058,ctrl,0h,6,61.64150053130273
pep_0288,gene_058,ctrl,24h,1,64.58320036140486
pep_0288,gene_058,ctrl,24h,2,16.252627706313596
pep_0288,gene_058,ctrl,24h,3,39.62248721071075
pep_0288,gene_058,ctrl,24h,4,58.34257813563148
pep_0288,gene_058,ctrl,24h,5,72.90344539453119
pep_0288,gene_058,ctrl,24h,6,80.26109883918204
pep_0288,gene_058,ctrl,6h,1,40.104320645610386
pep_0288,gene_058,ctrl,6h,2,53.09350753010819
pep_0288,gene_058,ctrl,6h,3,44.69156213020545
pep_0288,gene_058,ctrl,6h,4,138.5133045863241
pep_0288,gene_058,ctrl,6h,5,113.36363997368818
pep_0288,gene_058,ctrl,6h,6,73.33874321317013
pep_0288,gene_058,drug,0h,1,90.97085873649708
pep_0288,gene_058,drug,0h,2,31.80776311095924
pep_0288,gene_058,drug,0h,3,47.8830394502194
pep_0288,gene_058,drug,0h,4,78.70510426616677
pep_0288,gene_058,drug,0h,5,37.758808939989756
pep_0288,gene_058,drug,0h,6,36.66376317109417
pep_0288,gene_058,drug,24h,1,91.08248095890198
pep_0288,gene_058,drug,24h,2,80.73789973944287
pep_0288,gene_058,drug,24h,3,92.8022286674782
pep_0288,gene_058,drug,24h,4,47.8964109236464
pep_0288,gene_058,drug,24h,5,42.20581633638624
pep_0288,gene_058,drug,24h,6,34.17557150907663
pep_0288,gene_058,drug,6h,1,34.109616903473814
pep_0288,gene_058,drug,6h,2,29.552908325593044
pep_0288,gene_058,drug,6h,3,61.09232112620194
pep_0288,gene_058,drug,6h,4,64.3759164031268
pep_0288,gene_058,drug,6h,5,29.980297002919052
pep_0288,gene_058,drug,6h,6,70.90479225573883
pep_0289,gene_058,ctrl,0h,1,96.95262545687173
pep_0289,gene_058,ctrl,0h,2,81.7774799668223
pep_0289,gene_058,ctrl,0h,3,170.06982244374078
pep_0289,gene_058,ctrl,0h,4,110.04931765548899
pep_0289,gene_058,ctrl,0h,5,87.79156966566822
pep_0289,gene_058,ctrl,0h,6,69.19604660439622
pep_0289,gene_058,ctrl,24h,1,116.7645215943205
pep_0289,gene_058,ctrl,24h,2,173.49965599927827
pep_0289,gene_058,ctrl,24h,3,89.65034503085127
pep_0289,gene_058,ctrl,24h,4,131.05481493522808
pep_0289,gene_058,ctrl,24h,5,130.31611729609241
pep_0289,gene_058,ctrl,24h,6,127.47564087669791
pep_0289,gene_058,ctrl,6h,1,81.68586880469552
pep_0289,gene_058,ctrl,6h,2,154.29802657567672
pep_0289,gene_058,ctrl,6h,3,108.1861418520281
pep_0289,gene_058,ctrl,6h,4,138.571672261264
pep_0289,gene_058,ctrl,6h,5,87.19899537757075
pep_0289,gene_058,ctrl,6h,6,50.55234921046948
pep_0289,gene_058,drug,0h,1,97.3686684107513
pep_0289,gene_058,drug,0h,2,150.63912100314656
pep_0289,gene_058,drug,0h,3,93.11899016394294
pep_0289,gene_058,drug,0h,4,120.1477035401237
pep_0289,gene_058,drug,0h,5,204.2423387169145
pep_0289,gene_058,drug,0h,6,175.28609902888837
pep_0289,gene_058,drug,24h,1,192.34000335585867
pep_0289,gene_058,drug,24h,2,100.01027117756489
pep_0289,gene_058,drug,24h,3,121.46914046389142
pep_0289,gene_058,drug,24h,4,141.7182253008387
pep_0289,gene_058,drug,24h,5,123.26030268440391
pep_0289,gene_058,drug,24h,6,91.93620140281122
pep_0289,gene_058,drug,6h,1,103.42749028414684
pep_0289,gene_058,drug,6h,2,55.275166571315275
pep_0289,gene_058,drug,6h,3,137.39795402956437
pep_0289,gene_058,drug,6h,4,133.93279155200682
pep_0289,gene_058,drug,6h,5,93.5917034389213
pep_0289,gene_058,drug,6h,6,231.23692523721658
pep_0290,gene_058,ctrl,0h,1,107.11224078350182
pep_0290,gene_058,ctrl,0h,2,95.1578371512684
pep_0290,gene_058,ctrl,0h,3,88.46840065588718
pep_0290,gene_058,ctrl,0h,4,116.12125829212333
pep_0290,gene_058,ctrl,0h,5,173.20515868723965
pep_0290,gene_058,ctrl,0h,6,33.50662065423646
pep_0290,gene_058,ctrl,24h,1,75.60228570253584
pep_0290,gene_058,ctrl,24h,2,57.38591649176335
pep_0290,gene_058,ctrl,24h,3,78.4497266715001
pep_0290,gene_058,ctrl,24h,4,124.2493506977744
pep_0290,gene_058,ctrl,24h,5,97.76044868532225
pep_0290,gene_058,ctrl,24h,6,107.08327106799908
pep_0290,gene_058,ctrl,6h,1,56.63731448463022
pep_0290,gene_058,ctrl,6h,2,108.9609406752347
pep_0290,gene_058,ctrl,6h,3,79.15853400429586
pep_0290,gene_058,ctrl,6h,4,126.31949510902606
pep_0290,gene_058,ctrl,6h,5,171.3067551666119
pep_0290,gene_058,ctrl,6h,6,103.08633383284862
pep_0290,gene_058,drug,0h,1,42.20432232516592
pep_0290,gene_058,drug,0h,2,122.23847605047354
pep_0290,gene_058,drug,0h,3,111.11378174049187
pep_0290,gene_058,drug,0h,4,86.5797718814329
pep_0290,gene_058,drug,0h,5,135.8462208664044
pep_0290,gene_058,drug,0h,6,133.95688543521584
pep_0290,gene_058,drug,24h,1,61.2524742706738
pep_0290,gene_058,drug,24h,2,103.68300853679699
pep_0290,gene_058,drug,24h,3,73.27833584266084
pep_0290,gene_058,drug,24h,4,129.58079244274037
pep_0290,gene_058,drug,24h,5,96.99870046783046
pep_0290,gene_058,drug,24h,6,36.91054899813614
pep_0290,gene_058,drug,6h,1,78.85672527532714
pep_0290,gene_058,drug,6h,2,82.65167319499278
pep_0290,gene_058,drug,6h,3,141.50779797256845
pep_0290,gene_058,drug,6h,4,82.11957035155355
pep_0290,gene_058,drug,6h,5,124.8683979509158
pep_0290,gene_058,drug,6h,6,105.49628264831699
pep_0291,gene_059,ctrl,0h,1,121.85145224719685
pep_0291,gene_059,ctrl,0h,2,67.60002259874513
pep_0291,gene_059,ctrl,0h,3,100.98015605307702
pep_0291,gene_059,ctrl,0h,4,80.8118689547029
pep_0291,gene_059,ctrl,0h,5,32.039722210974496
pep_0291,gene_059,ctrl,0h,6,152.12369351145946
pep_0291,gene_059,ctrl,24h,1,62.39988993841766
pep_0291,gene_059,ctrl,24h,2,22.00662514387454
pep_0291,gene_059,ctrl,24h,3,150.45485181833325
pep_0291,gene_059,ctrl,24h,4,37.1849591812441
pep_0291,gene_059,ctrl,24h,5,95.99708891844513
pep_0291,gene_059,ctrl,24h,6,66.41345540214485
pep_0291,gene_059,ctrl,6h,1,64.70990855083103
pep_0291,gene_059,ctrl,6h,2,139.55898726572653
pep_0291,gene_059,ctrl,6h,3,99.71563619881383
pep_0291,gene_059,ctrl,6h,4,151.5219358947791
pep_0291,gene_059,ctrl,6h,5,80.82332907591794
pep_0291,gene_059,ctrl,6h,6,81.28928685594735
pep_0291,gene_059,drug,0h,1,51.42751510003874
pep_0291,gene_059,drug,0h,2,108.47326949407714
pep_0291,gene_059,drug,0h,3,57.44418797249779
pep_0291,gene_059,drug,0h,4,28.528207081972823
pep_0291,gene_059,drug,0h,5,93.1859837493549
pep_0291,gene_059,drug,0h,6,129.35945499929602
pep_0291,gene_059,drug,24h,1,91.77790937429099
pep_0291,gene_059,drug,24h,2,54.11836367290459
pep_0291,gene_059,drug,24h,3,41.150196937718285
pep_0291,gene_059,drug,24h,4,56.44055343759375
pep_0291,gene_059,drug,24h,5,54.35401863105251
pep_0291,gene_059,drug,24h,6,54.71094444706772
pep_0291,gene_059,drug,6h,1,57.42489079054698
pep_0291,gene_059,drug,6h,2,75.07605702577072
pep_0291,gene_059,drug,6h,3,99.90132230870368
pep_0291,gene_059,drug,6h,4,142.30992318314122
pep_0291,gene_059,drug,6h,5,47.45275378293401
pep_0291,gene_059,drug,6h,6,114.40152548067321
pep_0292,gene_059,ctrl,0h,1,124.11834112273274
pep_0292,gene_059,ctrl,0h,2,115.0332552690932
pep_0292,gene_059,ctrl,0h,3,128.37361657137973
pep_0292,gene_059,ctrl,0h,4,178.23300972101924
pep_0292,gene_059,ctrl,0h,5,159.0684998936096
pep_0292,gene_059,ctrl,0h,6,119.89263017416985
pep_0292,gene_059,ctrl,24h,1,210.49316017487732
pep_0292,gene_059,ctrl,24h,2,150.26342150583136
pep_0292,gene_059,ctrl,24h,3,140.144450432898
pep_0292,gene_059,ctrl,24h,4,139.21448417273595
pep_0292,gene_059,ctrl,24h,5,217.87985687223207
pep_0292,gene_059,ctrl,24h,6,246.99094542445252
pep_0292,gene_059,ctrl,6h,1,175.46863231888182
pep_0292,gene_059,ctrl,6h,2,175.87032556722633
pep_0292,gene_059,ctrl,6h,3,207.93065342258913
pep_0292,gene_059,ctrl,6h,4,161.1208798071913
pep_0292,gene_059,ctrl,6h,5,150.06267610740758
pep_0292,gene_059,ctrl,6h,6,197.09450859059393
pep_0292,gene_059,drug,0h,1,110.1523379676557
pep_0292,gene_059,drug,0h,2,125.13979460769411
pep_0292,gene_059,drug,0h,3,93.35163555306549
pep_0292,gene_059,drug,0h,4,189.27060800714466
pep_0292,gene_059,drug,0h,5,146.80254415663399
pep_0292,gene_059,drug,0h,6,145.1118036543605
pep_0292,gene_059,drug,24h,1,119.43182619763934
pep_0292,gene_059,drug,24h,2,250.10184829224178
pep_0292,gene_059,drug,24h,3,84.77847606734095
pep_0292,gene_059,drug,24h,4,173.78447801345177
pep_0292,gene_059,drug,24h,5,153.27501830415974
pep_0292,gene_059,drug,24h,6,136.56164791925792
pep_0292,gene_059,drug,6h,1,151.07211248730945
pep_0292,gene_059,drug,6h,2,39.461598168487036
pep_0292,gene_059,drug,6h,3,96.698113913492
pep_0292,gene_059,drug,6h,4,204.37154979412614
pep_0292,gene_059,drug,6h,5,192.3119888913528
pep_0292,gene_059,drug,6h,6,196.29279561354096
pep_0293,gene_059,ctrl,0h,1,37.45717174493626
pep_0293,gene_059,ctrl,0h,2,116.63860105898834
pep_0293,gene_059,ctrl,0h,3,80.41124593918946
pep_0293,gene_059,ctrl,0h,4,54.30728641334877
pep_0293,gene_059,ctrl,0h,5,54.40831922758647
pep_0293,gene_059,ctrl,0h,6,89.08000003197452
pep_0293,gene_059,ctrl,24h,1,60.01853342913901
pep_0293,gene_059,ctrl,24h,2,88.73736630021412
pep_0293,gene_059,ctrl,24h,3,83.86496001368143
pep_0293,gene_059,ctrl,24h,4,28.854816558628762
pep_0293,gene_059,ctrl,24h,5,95.3859857357017
pep_0293,gene_059,ctrl,24h,6,71.79374367460412
pep_0293,gene_059,ctrl,6h,1,64.74636822312236
pep_0293,gene_059,ctrl,6h,2,63.39681246287372
pep_0293,gene_059,ctrl,6h,3,28.25725435837449
pep_0293,gene_059,ctrl,6h,4,49.32670001867988
pep_0293,gene_059,ctrl,6h,5,78.04066608149574
pep_0293,gene_059,ctrl,6h,6,74.97043642267124
pep_0293,gene_059,drug,0h,1,67.55459712660429
pep_0293,gene_059,drug,0h,2,50.30619169495949
pep_0293,gene_059,drug,0h,3,86.11093000414941
pep_0293,gene_059,drug,0h,4,107.57906859910965
pep_0293,gene_059,drug,0h,5,58.91311854931876
pep_0293,gene_059,drug,0h,6,102.90323212847302
pep_0293,gene_059,drug,24h,1,47.773674660926034
pep_0293,gene_059,drug,24h,2,115.89118641500947
pep_0293,gene_059,drug,24h,3,75.31824200163561
pep_0293,gene_059,drug,24h,4,85.52246086020293
pep_0293,gene_059,drug,24h,5,74.06360368943044
pep_0293,gene_059,drug,24h,6,108.47499326303826
pep_0293,gene_059,drug,6h,1,55.7473631505052
pep_0293,gene_059,drug,6h,2,83.56394076545291
pep_0293,gene_059,drug,6h,3,73.57813568563955
pep_0293,gene_059,drug,6h,4,45.48832615514564
pep_0293,gene_059,drug,6h,5,90.7861665247481
pep_0293,gene_059,drug,6h,6,127.57829097163794
pep_0294,gene_059,ctrl,0h,1,211.92185904111906
pep_0294,gene_059,ctrl,0h,2,127.60208027337988
pep_0294,gene_059,ctrl,0h,3,102.91676578079186
pep_0294,gene_059,ctrl,0h,4,225.82432934336785
pep_0294,gene_059,ctrl,0h,5,109.92764902722348
pep_0294,gene_059,ctrl,0h,6,170.92862257001767
pep_0294,gene_059,ctrl,24h,1,74.31564397835025
pep_0294,gene_059,ctrl,24h,2,156.11659499057362
pep_0294,gene_059,ctrl,24h,3,140.66217329282745
pep_0294,gene_059,ctrl,24h,4,188.76610075910975
pep_0294,gene_059,ctrl,24h,5,144.24523119557577
pep_0294,gene_059,ctrl,24h,6,140.49900497224328
pep_0294,gene_059,ctrl,6h,1,124.1087589134109
pep_0294,gene_059,ctrl,6h,2,91.80031910009563
pep_0294,gene_059,ctrl,6h,3,236.14170110940822
pep_0294,gene_059,ctrl,6h,4,181.19523665363278
pep_0294,gene_059,ctrl,6h,5,139.96627094494573
pep_0294,gene_059,ctrl,6h,6,192.93712906966618
pep_0294,gene_059,drug,0h,1,155.17820896103916
pep_0294,gene_059,drug,0h,2,97.17064341152165
pep_0294,gene_059,drug,0h,3,189.11501182483926
pep_0294,gene_059,drug,0h,4,182.51580162074177
pep_0294,gene_059,drug,0h,5,131.34862788443218
pep_0294,gene_059,drug,0h,6,176.9070444867843
pep_0294,gene_059,drug,24h,1,183.76848836119242
pep_0294,gene_059,drug,24h,2,73.37815587130375
pep_0294,gene_059,drug,24h,3,183.20268750561644
pep_0294,gene_059,drug,24h,4,73.2066539393488
pep_0294,gene_059,drug,24h,5,117.44206047209225
pep_0294,gene_059,drug,24h,6,43.52279858430791
pep_0294,gene_059,drug,6h,1,179.38712494306182
pep_0294,gene_059,drug,6h,2,193.0744902796201
pep_0294,gene_059,drug,6h,3,165.8521670857275
pep_0294,gene_059,drug,6h,4,113.8330343630293
pep_0294,gene_059,drug,6h,5,77.04042296394523
pep_0294,gene_059,drug,6h,6,222.08257487749836
pep_0295,gene_059,ctrl,0h,1,117.04877581793845
pep_0295,gene_059,ctrl,0h,2,53.579478390960304
pep_0295,gene_059,ctrl,0h,3,86.05427774890916
pep_0295,gene_059,ctrl,0h,4,124.21550481529154
pep_0295,gene_059,ctrl,0h,5,93.90246742837218
pep_0295,gene_059,ctrl,0h,6,85.4715387165213
pep_0295,gene_059,ctrl,24h,1,106.96555909991817
pep_0295,gene_059,ctrl,24h,2,93.20926148228929
pep_0295,gene_059,ctrl,24h,3,146.80760033790767
pep_0295,gene_059,ctrl,24h,4,75.97673407965159
pep_0295,gene_059,ctrl,24h,5,51.664819929365805
pep_0295,gene_059,ctrl,24h,6,146.01217978701519
pep_0295,gene_059,ctrl,6h,1,91.57158808756883
pep_0295,gene_059,ctrl,6h,2,112.81355539698046
pep_0295,gene_059,ctrl,6h,3,81.84881880446038
pep_0295,gene_059,ctrl,6h,4,107.50230380296799
pep_0295,gene_059,ctrl,6h,5,99.0446769215902
pep_0295,gene_059,ctrl,6h,6,146.1330653573972
pep_0295,gene_059,drug,0h,1,126.80398777722299
pep_0295,gene_059,drug,0h,2,123.97030365696678
pep_0295,gene_059,drug,0h,3,99.12330480630897
pep_0295,gene_059,drug,0h,4,159.45823346680697
pep_0295,gene_059,drug,0h,5,137.68946648937083
pep_0295,gene_059,drug,0h,6,205.91112095516922
pep_0295,gene_059,drug,24h,1,84.98250236688088
pep_0295,gene_059,drug,24h,2,203.01614576469598
pep_0295,gene_059,drug,24h,3,94.33373380725311
pep_0295,gene_059,drug,24h,4,73.80030276124604
pep_0295,gene_059,drug,24h,5,65.27925621409501
pep_0295,gene_059,drug,24h,6,163.90026480061235
pep_0295,gene_059,drug,6h,1,108.81632129257692
pep_0295,gene_059,drug,6h,2,118.47215981515956
pep_0295,gene_059,drug,6h,3,95.40896523766321
pep_0295,gene_059,drug,6h,4,145.35064573431777
pep_0295,gene_059,drug,6h,5,83.67745597592105
pep_0295,gene_059,drug,6h,6,198.2445899622516
pep_0296,gene_060,ctrl,0h,1,99.9270952084635
pep_0296,gene_060,ctrl,0h,2,115.31489045900176
pep_0296,gene_060,ctrl,0h,3,57.48750443320126
pep_0296,gene_060,ctrl,0h,4,76.52889850929046
pep_0296,gene_060,ctrl,0h,5,75.57052774411137
pep_0296,gene_060,ctrl,0h,6,76.90547914720656
pep_0296,gene_060,ctrl,24h,1,45.24751576709396
pep_0296,gene_060,ctrl,24h,2,63.99779244965715
pep_0296,gene_060,ctrl,24h,3,152.95045681254769
pep_0296,gene_060,ctrl,24h,4,95.49533822047754
pep_0296,gene_060,ctrl,24h,5,129.8591231716617
pep_0296,gene_060,ctrl,24h,6,80.47507758048694
pep_0296,gene_060,ctrl,6h,1,45.67333894566809
pep_0296,gene_060,ctrl,6h,2,72.56123459587816
pep_0296,gene_060,ctrl,6h,3,83.4307480002114
pep_0296,gene_060,ctrl,6h,4,116.14742505512478
pep_0296,gene_060,ctrl,6h,5,109.73756345161054
pep_0296,gene_060,ctrl,6h,6,64.77096378109364
pep_0296,gene_060,drug,0h,1,82.68972968943157
pep_0296,gene_060,drug,0h,2,40.75826216266939
pep_0296,gene_060,drug,0h,3,149.92487358802578
pep_0296,gene_060,drug,0h,4,53.44883889866167
pep_0296,gene_060,drug,0h,5,58.461575201668325
pep_0296,gene_060,drug,0h,6,45.858040652930704
pep_0296,gene_060,drug,24h,1,33.24946860069226
pep_0296,gene_060,drug,24h,2,83.08321673588776
pep_0296,gene_060,drug,24h,3,104.39968412807244
pep_0296,gene_060,drug,24h,4,84.42256525122033
pep_0296,gene_060,drug,24h,5,114.89607682762174
pep_0296,gene_060,drug,24h,6,76.7897559605144
pep_0296,gene_060,drug,6h,1,86.95534538291224
pep_0296,gene_060,drug,6h,2,54.85439611785474
pep_0296,gene_060,drug,6h,3,47.17046076686333
pep_0296,gene_060,drug,6h,4,65.05482924981837
pep_0296,gene_060,drug,6h,5,93.93272888256664
pep_0296,gene_060,drug,6h,6,103.27626885858798
pep_0297,gene_060,ctrl,0h,1,67.16535760864632
pep_0297,gene_060,ctrl,0h,2,95.96679084950613
pep_0297,gene_060,ctrl,0h,3,93.30854408014638
pep_0297,gene_060,ctrl,0h,4,70.9365839235102
pep_0297,gene_060,ctrl,0h,5,69.4363608790849
pep_0297,gene_060,ctrl,0h,6,68.91791912786667
pep_0297,gene_060,ctrl,24h,1,81.01064922471525
pep_0297,gene_060,ctrl,24h,2,57.70498369258898
pep_0297,gene_060,ctrl,24h,3,69.26762800449133
pep_0297,gene_060,ctrl,24h,4,67.99665756897544
pep_0297,gene_060,ctrl,24h,5,78.87982492653812
pep_0297,gene_060,ctrl,24h,6,75.18446264032144
pep_0297,gene_060,ctrl,6h,1,76.20439216519173
pep_0297,gene_060,ctrl,6h,2,37.876601079686466
pep_0297,gene_060,ctrl,6h,3,97.2788571142668
pep_0297,gene_060,ctrl,6h,4,98.52972634985085
pep_0297,gene_060,ctrl,6h,5,66.14374938549611
pep_0297,gene_060,ctrl,6h,6,73.73404969369619
pep_0297,gene_060,drug,0h,1,59.12061714938086
pep_0297,gene_060,drug,0h,2,58.319849437096885
pep_0297,gene_060,drug,0h,3,59.14944604907483
pep_0297,gene_060,drug,0h,4,39.530965672493785
pep_0297,gene_060,drug,0h,5,52.09791710573615
pep_0297,gene_060,drug,0h,6,51.22693209829034
pep_0297,gene_060,drug,24h,1,91.06514696195751
pep_0297,gene_060,drug,24h,2,82.67165242404027
pep_0297,gene_060,drug,24h,3,64.29137949676705
pep_0297,gene_060,drug,24h,4,54.83524730192214
pep_0297,gene_060,drug,24h,5,42.25629517205548
pep_0297,gene_060,drug,24h,6,63.437509365914146
pep_0297,gene_060,drug,6h,1,65.34201872096673
pep_0297,gene_060,drug,6h,2,51.852855184136196
pep_0297,gene_060,drug,6h,3,90.57804311956798
pep_0297,gene_060,drug,6h,4,25.873151294810206
pep_0297,gene_060,drug,6h,5,40.40706281302639
pep_0297,gene_060,drug,6h,6,93.15582916044706
pep_0298,gene_060,ctrl,0h,1,94.11537105425474
pep_0298,gene_060,ctrl,0h,2,104.85315896653825
pep_0298,gene_060,ctrl,0h,3,80.57736021433983
pep_0298,gene_060,ctrl,0h,4,113.537619973821
pep_0298,gene_060,ctrl,0h,5,44.095318468609605
pep_0298,gene_060,ctrl,0h,6,69.2044977751502
pep_0298,gene_060,ctrl,24h,1,97.34650978825528
pep_0298,gene_060,ctrl,24h,2,46.21335692519802
pep_0298,gene_060,ctrl,24h,3,72.67052785301782
pep_0298,gene_060,ctrl,24h,4,133.2682277497045
pep_0298,gene_060,ctrl,24h,5,78.43803287918107
pep_0298,gene_060,ctrl,24h,6,22.76795496163736
pep_0298,gene_060,ctrl,6h,1,35.633770754283134
pep_0298,gene_060,ctrl,6h,2,47.7300790260678
pep_0298,gene_060,ctrl,6h,3,148.23966599404088
pep_0298,gene_060,ctrl,6h,4,54.689657430258926
pep_0298,gene_060,ctrl,6h,5,128.8092118578098
pep_0298,gene_060,ctrl,6h,6,104.87175035335827
pep_0298,gene_060,drug,0h,1,90.66152110694365
pep_0298,gene_060,drug,0h,2,145.33441907559603
pep_0298,gene_060,drug,0h,3,67.59044875123755
pep_0298,gene_060,drug,0h,4,65.78219933900105
pep_0298,gene_060,drug,0h,5,102.9402925791925
pep_0298,gene_060,drug,0h,6,67.11877718722418
pep_0298,gene_060,drug,24h,1,42.45468902301714
pep_0298,gene_060,drug,24h,2,61.97444437930506
pep_0298,gene_060,drug,24h,3,58.919657870927736
pep_0298,gene_060,drug,24h,4,59.34035450686333
pep_0298,gene_060,drug,24h,5,78.41913509950272
pep_0298,gene_060,drug,24h,6,68.02486569101008
pep_0298,gene_060,drug,6h,1,62.931079636190205
pep_0298,gene_060,drug,6h,2,56.18117088856255
pep_0298,gene_060,drug,6h,3,33.60712635901066
pep_0298,gene_060,drug,6h,4,57.753534273987476
pep_0298,gene_060,drug,6h,5,77.08345736193627
pep_0298,gene_060,drug,6h,6,134.20776952925019
pep_0299,gene_060,ctrl,0h,1,138.888279046464
pep_0299,gene_060,ctrl,0h,2,130.46565070488637
pep_0299,gene_060,ctrl,0h,3,53.56154488000462
pep_0299,gene_060,ctrl,0h,4,75.37280281036134
pep_0299,gene_060,ctrl,0h,5,96.695244793536
pep_0299,gene_060,ctrl,0h,6,43.44453027081404
pep_0299,gene_060,ctrl,24h,1,22.031153307160924
pep_0299,gene_060,ctrl,24h,2,59.78797199046392
pep_0299,gene_060,ctrl,24h,3,46.02218740554565
pep_0299,gene_060,ctrl,24h,4,35.0792853310076
pep_0299,gene_060,ctrl,24h,5,58.30427197801842
pep_0299,gene_060,ctrl,24h,6,55.511168450099824
pep_0299,gene_060,ctrl,6h,1,26.23797661627857
pep_0299,gene_060,ctrl,6h,2,92.82339441700398
pep_0299,gene_060,ctrl,6h,3,31.395360356391173
pep_0299,gene_060,ctrl,6h,4,51.030736172359866
pep_0299,gene_060,ctrl,6h,5,57.68345187453429
pep_0299,gene_060,ctrl,6h,6,92.34895994783234
pep_0299,gene_060,drug,0h,1,40.41888280507114
pep_0299,gene_060,drug,0h,2,129.6077634657888
pep_0299,gene_060,drug,0h,3,25.814567013833962
pep_0299,gene_060,drug,0h,4,119.4120189578326
pep_0299,gene_060,drug,0h,5,84.986754996447
pep_0299,gene_060,drug,0h,6,111.74713875517101
pep_0299,gene_060,drug,24h,1,52.96901987217734
pep_0299,gene_060,drug,24h,2,140.98249681607734
pep_0299,gene_060,drug,24h,3,26.743211145116902
pep_0299,gene_060,drug,24h,4,67.01044144292976
pep_0299,gene_060,drug,24h,5,121.18382676804718
pep_0299,gene_060,drug,24h,6,95.86936400499529
pep_0299,gene_060,drug,6h,1,106.53649224145795
pep_0299,gene_060,drug,6h,2,172.98743077679174
pep_0299,gene_060,drug,6h,3,18.17723403782541
pep_0299,gene_060,drug,6h,4,54.75729179947349
pep_0299,gene_060,drug,6h,5,104.01039115812834
pep_0299,gene_060,drug,6h,6,58.5661660648143
pep_0300,gene_060,ctrl,0h,1,60.12615416121813
pep_0300,gene_060,ctrl,0h,2,133.66054728473216
pep_0300,gene_060,ctrl,0h,3,80.64187786235581
pep_0300,gene_060,ctrl,0h,4,155.19668826018494
pep_0300,gene_060,ctrl,0h,5,86.84462372669947
pep_0300,gene_060,ctrl,0h,6,54.31064287727465
pep_0300,gene_060,ctrl,24h,1,109.7535162562461
pep_0300,gene_060,ctrl,24h,2,120.00265753006408
pep_0300,gene_060,ctrl,24h,3,89.48182887972168
pep_0300,gene_060,ctrl,24h,4,173.5369770500281
pep_0300,gene_060,ctrl,24h,5,44.89220696148352
pep_0300,gene_060,ctrl,24h,6,132.97373414063182
pep_0300,gene_060,ctrl,6h,1,87.51874345109407
pep_0300,gene_060,ctrl,6h,2,57.516614740609086
pep_0300,gene_060,ctrl,6h,3,114.32680981336838
pep_0300,gene_060,ctrl,6h,4,119.84990592315724
pep_0300,gene_060,ctrl,6h,5,80.33414570566995
pep_0300,gene_060,ctrl,6h,6,88.11528715397439
pep_0300,gene_060,drug,0h,1,104.9870874357751
pep_0300,gene_060,drug,0h,2,191.95452375503302
pep_0300,gene_060,drug,0h,3,42.4501304934185
pep_0300,gene_060,drug,0h,4,104.08523221595095
pep_0300,gene_060,drug,0h,5,151.6648992421834
pep_0300,gene_060,drug,0h,6,70.86496651763166
pep_0300,gene_060,drug,24h,1,114.9740983326631
pep_0300,gene_060,drug,24h,2,54.670408816200144
pep_0300,gene_060,drug,24h,3,99.21267842773148
pep_0300,gene_060,drug,24h,4,37.470107269794774
pep_0300,gene_060,drug,24h,5,97.39413612202344
pep_0300,gene_060,drug,24h,6,151.3476295730083
pep_0300,gene_060,drug,6h,1,118.01189343324043
pep_0300,gene_060,drug,6h,2,142.24551813483527
pep_0300,gene_060,drug,6h,3,81.13862429174245
pep_0300,gene_060,drug,6h,4,170.90281571271137
pep_0300,gene_060,drug,6h,5,86.36124992088273
pep_0300,gene_060,drug,6h,6,113.46569868113663
pep_0301,gene_061,ctrl,0h,1,32.43673077891641
pep_0301,gene_061,ctrl,0h,2,102.80296618828062
pep_0301,gene_061,ctrl,0h,3,59.661615595100926
pep_0301,gene_061,ctrl,0h,4,92.18284693364433
pep_0301,gene_061,ctrl,0h,5,45.86471960869641
pep_0301,gene_061,ctrl,0h,6,52.36286197005545
pep_0301,gene_061,ctrl,24h,1,43.24890982891213
pep_0301,gene_061,ctrl,24h,2,34.84534673810229
pep_0301,gene_061,ctrl,24h,3,40.23021971880508
pep_0301,gene_061,ctrl,24h,4,46.48683942057409
pep_0301,gene_061,ctrl,24h,5,40.01431474658815
pep_0301,gene_061,ctrl,24h,6,40.164365208839506
pep_0301,gene_061,ctrl,6h,1,107.30485729224833
pep_0301,gene_061,ctrl,6h,2,82.23781929159968
pep_0301,gene_061,ctrl,6h,3,82.10342231453265
pep_0301,gene_061,ctrl,6h,4,49.15849473605046
pep_0301,gene_061,ctrl,6h,5,44.17078003530066
pep_0301,gene_061,ctrl,6h,6,46.86537456785898
pep_0301,gene_061,drug,0h,1,78.22796510687824
pep_0301,gene_061,drug,0h,2,39.63679334282633
pep_0301,gene_061,drug,0h,3,54.2892628786578
pep_0301,gene_061,drug,0h,4,38.184969750035016
pep_0301,gene_061,drug,0h,5,53.59085757199299
pep_0301,gene_061,drug,0h,6,72.5277975175754
pep_0301,gene_061,drug,24h,1,83.71404556308153
pep_0301,gene_061,drug,24h,2,63.52496838995557
pep_0301,gene_061,drug,24h,3,127.04297648346963
pep_0301,gene_061,drug,24h,4,56.40112862338773
pep_0301,gene_061,drug,24h,5,60.81396944206511
pep_0301,gene_061,drug,24h,6,39.42767767563472
pep_0301,gene_061,drug,6h,1,62.291319858952384
pep_0301,gene_061,drug,6h,2,58.8595957460555
pep_0301,gene_061,drug,6h,3,114.40762419946097
pep_0301,gene_061,drug,6h,4,122.56242870741937
pep_0301,gene_061,drug,6h,5,15.157994513891369
pep_0301,gene_061,drug,6h,6,75.62936953422417
pep_0302,gene_061,ctrl,0h,1,108.09600794677624
pep_0302,gene_061,ctrl,0h,2,83.60750559766916
pep_0302,gene_061,ctrl,0h,3,83.20494752508439
pep_0302,gene_061,ctrl,0h,4,84.6017274817986
pep_0302,gene_061,ctrl,0h,5,186.14229203239142
pep_0302,gene_061,ctrl,0h,6,151.31437786927756
pep_0302,gene_061,ctrl,24h,1,140.96937358731157
pep_0302,gene_061,ctrl,24h,2,67.4414611217348
pep_0302,gene_061,ctrl,24h,3,113.73960535832437
pep_0302,gene_061,ctrl,24h,4,87.70897796756087
pep_0302,gene_061,ctrl,24h,5,105.60520143999787
pep_0302,gene_061,ctrl,24h,6,101.94735797119878
pep_0302,gene_061,ctrl,6h,1,44.31626226401824
pep_0302,gene_061,ctrl,6h,2,88.31084190891923
pep_0302,gene_061,ctrl,6h,3,137.04387121800102
pep_0302,gene_061,ctrl,6h,4,79.18544576797233
pep_0302,gene_061,ctrl,6h,5,117.16255553567892
pep_0302,gene_061,ctrl,6h,6,114.02887158453251
pep_0302,gene_061,drug,0h,1,50.861511670304125
pep_0302,gene_061,drug,0h,2,50.15736374835301
pep_0302,gene_061,drug,0h,3,104.80810847891975
pep_0302,gene_061,drug,0h,4,62.46985691072005
pep_0302,gene_061,drug,0h,5,74.61169028341531
pep_0302,gene_061,drug,0h,6,178.69842272971957
pep_0302,gene_061,drug,24h,1,85.12125132309491
pep_0302,gene_061,drug,24h,2,50.94450703792618
pep_0302,gene_061,drug,24h,3,116.05929175721737
pep_0302,gene_061,drug,24h,4,179.19037489334607
pep_0302,gene_061,drug,24h,5,94.78593208873787
pep_0302,gene_061,drug,24h,6,182.0327847053693
pep_0302,gene_061,drug,6h,1,103.53519414023765
pep_0302,gene_061,drug,6h,2,97.13273761529716
pep_0302,gene_061,drug,6h,3,77.08625476396406
pep_0302,gene_061,drug,6h,4,159.79906370276885
pep_0302,gene_061,drug,6h,5,89.06176314712194
pep_0302,gene_061,drug,6h,6,131.98791394397466
pep_0303,gene_061,ctrl,0h,1,41.70309707508074
pep_0303,gene_061,ctrl,0h,2,63.85282919795068
pep_0303,gene_061,ctrl,0h,3,94.36897528145022
pep_0303,gene_061,ctrl,0h,4,121.3262970111161
pep_0303,gene_061,ctrl,0h,5,41.853304232170956
pep_0303,gene_061,ctrl,0h,6,63.19314294266904
pep_0303,gene_061,ctrl,24h,1,179.07185901134469
pep_0303,gene_061,ctrl,24h,2,69.0089895108767
pep_0303,gene_061,ctrl,24h,3,92.74924398429387
pep_0303,gene_061,ctrl,24h,4,63.36233769912624
pep_0303,gene_061,ctrl,24h,5,60.80490848516157
pep_0303,gene_061,ctrl,24h,6,132.16735370929177
pep_0303,gene_061,ctrl,6h,1,86.75798876068173
pep_0303,gene_061,ctrl,6h,2,130.59339327294524
pep_0303,gene_061,ctrl,6h,3,95.49110342858678
pep_0303,gene_061,ctrl,6h,4,112.6516981861248
pep_0303,gene_061,ctrl,6h,5,82.34200022835333
pep_0303,gene_061,ctrl,6h,6,74.73723473038261
pep_0303,gene_061,drug,0h,1,46.91841346767218
pep_0303,gene_061,drug,0h,2,68.14154239738961
pep_0303,gene_061,drug,0h,3,70.54879569018425
pep_0303,gene_061,drug,0h,4,89.78331764181242
pep_0303,gene_061,drug,0h,5,27.875614383834353
pep_0303,gene_061,drug,0h,6,85.70463367146992
pep_0303,gene_061,drug,24h,1,70.28282085693776
pep_0303,gene_061,drug,24h,2,50.41295240563272
pep_0303,gene_061,drug,24h,3,52.80172984890583
pep_0303,gene_061,drug,24h,4,71.28438336583082
pep_0303,gene_061,drug,24h,5,83.70824118686042
pep_0303,gene_061,drug,24h,6,60.037877990937154
pep_0303,gene_061,drug,6h,1,46.574870694971764
pep_0303,gene_061,drug,6h,2,43.97134462643573
pep_0303,gene_061,drug,6h,3,90.84501322697189
pep_0303,gene_061,drug,6h,4,87.57636052541173
pep_0303,gene_061,drug,6h,5,63.19443421269873
pep_0303,gene_061,drug,6h,6,66.86018904744411
pep_0304,gene_061,ctrl,0h,1,58.99856560388881
pep_0304,gene_061,ctrl,0h,2,27.462956282328427
pep_0304,gene_061,ctrl,0h,3,58.217335014738985
pep_0304,gene_061,ctrl,0h,4,63.35103310328078
pep_0304,gene_061,ctrl,0h,5,61.29037567504847
pep_0304,gene_061,ctrl,0h,6,67.96506464945332
pep_0304,gene_061,ctrl,24h,1,33.54455562152884
pep_0304,gene_061,ctrl,24h,2,20.420139031762982
pep_0304,gene_061,ctrl,24h,3,107.82992832085948
pep_0304,gene_061,ctrl,24h,4,27.907286585307503
pep_0304,gene_061,ctrl,24h,5,65.42605052995503
pep_0304,gene_061,ctrl,24h,6,84.0542717846799
pep_0304,gene_061,ctrl,6h,1,71.3639431814032
pep_0304,gene_061,ctrl,6h,2,88.46669711299226
pep_0304,gene_061,ctrl,6h,3,103.82846977535762
pep_0304,gene_061,ctrl,6h,4,60.02068727277992
pep_0304,gene_061,ctrl,6h,5,40.704808982803655
pep_0304,gene_061,ctrl,6h,6,50.980021110565836
pep_0304,gene_061,drug,0h,1,67.67683681124737
pep_0304,gene_061,drug,0h,2,25.140061595825888
pep_0304,gene_061,drug,0h,3,36.55366080181001
pep_0304,gene_061,drug,0h,4,59.14303001984532
pep_0304,gene_061,drug,0h,5,53.6719380957252
pep_0304,gene_061,drug,0h,6,54.03180856708673
pep_0304,gene_061,drug,24h,1,33.95096018917137
pep_0304,gene_061,drug,24h,2,76.20907573366708
pep_0304,gene_061,drug,24h,3,52.57977337556583
pep_0304,gene_061,drug,24h,4,56.707803368935565
pep_0304,gene_061,drug,24h,5,78.27107081840006
pep_0304,gene_061,drug,24h,6,77.17255244917328
pep_0304,gene_061,drug,6h,1,42.50497051716264
pep_0304,gene_061,drug,6h,2,46.83071215258997
pep_0304,gene_061,drug,6h,3,51.59568506864815
pep_0304,gene_061,drug,6h,4,130.5402273821508
pep_0304,gene_061,drug,6h,5,35.08619386262859
pep_0304,gene_061,drug,6h,6,37.72994711901937
pep_0305,gene_061,ctrl,0h,1,152.39334424829966
pep_0305,gene_061,ctrl,0h,2,116.74365720958025
pep_0305,gene_061,ctrl,0h,3,157.272553457965
pep_0305,gene_061,ctrl,0h,4,118.6431188388004
pep_0305,gene_061,ctrl,0h,5,165.36191359783612
pep_0305,gene_061,ctrl,0h,6,107.02043051141811
pep_0305,gene_061,ctrl,24h,1,85.73716805829558
pep_0305,gene_061,ctrl,24h,2,149.03733819468107
pep_0305,gene_061,ctrl,24h,3,201.2050243310099
pep_0305,gene_061,ctrl,24h,4,103.221686730071
pep_0305,gene_061,ctrl,24h,5,228.25155579303814
pep_0305,gene_061,ctrl,24h,6,166.22326634668067
pep_0305,gene_061,ctrl,6h,1,240.17611437349805
pep_0305,gene_061,ctrl,6h,2,291.61077632730945
pep_0305,gene_061,ctrl,6h,3,139.87341911692118
pep_0305,gene_061,ctrl,6h,4,111.6139004709411
pep_0305,gene_061,ctrl,6h,5,238.73314946098546
pep_0305,gene_061,ctrl,6h,6,189.2372827660942
pep_0305,gene_061,drug,0h,1,177.74040297960997
pep_0305,gene_061,drug,0h,2,113.17281333540403
pep_0305,gene_061,drug,0h,3,207.56684708866084
pep_0305,gene_061,drug,0h,4,131.73697563457958
pep_0305,gene_061,drug,0h,5,111.54877127251684
pep_0305,gene_061,drug,0h,6,199.46054343467674
pep_0305,gene_061,drug,24h,1,200.11074408902653
pep_0305,gene_061,drug,24h,2,156.0765048324863
pep_0305,gene_061,drug,24h,3,121.33765393089628
pep_0305,gene_061,drug,24h,4,217.71885850022167
pep_0305,gene_061,drug,24h,5,157.07385340779254
pep_0305,gene_061,drug,24h,6,158.22911238407653
pep_0305,gene_061,drug,6h,1,187.19625465247987
pep_0305,gene_061,drug,6h,2,102.56042871332326
pep_0305,gene_061,drug,6h,3,131.17035519172097
pep_0305,gene_061,drug,6h,4,165.00330370829013
pep_0305,gene_061,drug,6h,5,153.8692361858534
pep_0305,gene_061,drug,6h,6,124.32664401361583
pep_0306,gene_062,ctrl,0h,1,13.662341120426186
pep_0306,gene_062,ctrl,0h,2,41.4037231725001
pep_0306,gene_062,ctrl,0h,3,23.08138230333511
pep_0306,gene_062,ctrl,0h,4,25.701471456894126
pep_0306,gene_062,ctrl,0h,5,14.824227678619673
pep_0306,gene_062,ctrl,0h,6,29.388114608677046
pep_0306,gene_062,ctrl,24h,1,55.96005188459116
pep_0306,gene_062,ctrl,24h,2,41.44379139179193
pep_0306,gene_062,ctrl,24h,3,26.915574266347612
pep_0306,gene_062,ctrl,24h,4,33.481517026690504
pep_0306,gene_062,ctrl,24h,5,28.495112971501126
pep_0306,gene_062,ctrl,24h,6,22.971494754628015
pep_0306,gene_062,ctrl,6h,1,14.698129532939138
pep_0306,gene_062,ctrl,6h,2,52.10362709848254
pep_0306,gene_062,ctrl,6h,3,59.05063312729746
pep_0306,gene_062,ctrl,6h,4,19.405394696009246
pep_0306,gene_062,ctrl,6h,5,28.927713005890286
pep_0306,gene_062,ctrl,6h,6,29.630706577828267
pep_0306,gene_062,drug,0h,1,70.84387245726755
pep_0306,gene_062,drug,0h,2,26.935015427970367
pep_0306,gene_062,drug,0h,3,44.018336839160774
pep_0306,gene_062,drug,0h,4,6.195809558126411
pep_0306,gene_062,drug,0h,5,NA
pep_0306,gene_062,drug,0h,6,50.92437251358671
pep_0306,gene_062,drug,24h,1,80.69460399204699
pep_0306,gene_062,drug,24h,2,43.830422817337876
pep_0306,gene_062,drug,24h,3,16.46130116704062
pep_0306,gene_062,drug,24h,4,55.96702847159703
pep_0306,gene_062,drug,24h,5,23.85302460346508
pep_0306,gene_062,drug,24h,6,13.606546037104865
pep_0306,gene_062,drug,6h,1,44.8536826991433
pep_0306,gene_062,drug,6h,2,34.93162501675623
pep_0306,gene_062,drug,6h,3,NA
pep_0306,gene_062,drug,6h,4,45.3427716262523
pep_0306,gene_062,drug,6h,5,36.12358284614895
pep_0306,gene_062,drug,6h,6,25.94136950611856
pep_0307,gene_062,ctrl,0h,1,111.96060074171028
pep_0307,gene_062,ctrl,0h,2,110.10152969059585
pep_0307,gene_062,ctrl,0h,3,57.73605398454959
pep_0307,gene_062,ctrl,0h,4,157.75539913026435
pep_0307,gene_062,ctrl,0h,5,64.94600227683527
pep_0307,gene_062,ctrl,0h,6,56.940410117654075
pep_0307,gene_062,ctrl,24h,1,85.59989294644058
pep_0307,gene_062,ctrl,24h,2,127.78018266791838
pep_0307,gene_062,ctrl,24h,3,120.86414955554807
pep_0307,gene_062,ctrl,24h,4,103.00046998777077
pep_0307,gene_062,ctrl,24h,5,101.72156506730805
pep_0307,gene_062,ctrl,24h,6,128.0376286571649
pep_0307,gene_062,ctrl,6h,1,138.99601430604656
pep_0307,gene_062,ctrl,6h,2,111.29804042733765
pep_0307,gene_062,ctrl,6h,3,100.02636886309172
pep_0307,gene_062,ctrl,6h,4,120.78884499678547
pep_0307,gene_062,ctrl,6h,5,106.80528964348305
pep_0307,gene_062,ctrl,6h,6,59.19986262757673
pep_0307,gene_062,drug,0h,1,144.3701028047156
pep_0307,gene_062,drug,0h,2,84.0124204203779
pep_0307,gene_062,drug,0h,3,122.51987604266019
pep_0307,gene_062,drug,0h,4,132.150554166944
pep_0307,gene_062,drug,0h,5,85.36554247033432
pep_0307,gene_062,drug,0h,6,107.29545745897548
pep_0307,gene_062,drug,24h,1,65.22011249972688
pep_0307,gene_062,drug,24h,2,155.88048975373135
pep_0307,gene_062,drug,24h,3,93.12642913959216
pep_0307,gene_062,drug,24h,4,38.77846819651957
pep_0307,gene_062,drug,24h,5,81.41163579102248
pep_0307,gene_062,drug,24h,6,95.55364157671806
pep_0307,gene_062,drug,6h,1,77.16355054275934
pep_0307,gene_062,drug,6h,2,84.0834283531194
pep_0307,gene_062,drug,6h,3,64.52412828828935
pep_0307,gene_062,drug,6h,4,53.35745075865388
pep_0307,gene_062,drug,6h,5,126.01471423741515
pep_0307,gene_062,drug,6h,6,145.7207933717525
pep_0308,gene_062,ctrl,0h,1,50.5834995655199
pep_0308,gene_062,ctrl,0h,2,75.12914583899597
pep_0308,gene_062,ctrl,0h,3,57.747618112723245
pep_0308,gene_062,ctrl,0h,4,53.80456667136082
pep_0308,gene_062,ctrl,0h,5,45.11856006854646
pep_0308,gene_062,ctrl,0h,6,69.57962202554995
pep_0308,gene_062,ctrl,24h,1,55.35169114356873
pep_0308,gene_062,ctrl,24h,2,58.01544837834275
pep_0308,gene_062,ctrl,24h,3,44.608577056530685
pep_0308,gene_062,ctrl,24h,4,62.77101464540538
pep_0308,gene_062,ctrl,24h,5,61.231877674791214
pep_0308,gene_062,ctrl,24h,6,38.93874658152623
pep_0308,gene_062,ctrl,6h,1,70.33828408262961
pep_0308,gene_062,ctrl,6h,2,39.59541969125144
pep_0308,gene_062,ctrl,6h,3,31.41694312258177
pep_0308,gene_062,ctrl,6h,4,57.513526765675444
pep_0308,gene_062,ctrl,6h,5,18.693246602264956
pep_0308,gene_062,ctrl,6h,6,28.292314993176443
pep_0308,gene_062,drug,0h,1,45.370213106822575
pep_0308,gene_062,drug,0h,2,85.86023067313494
pep_0308,gene_062,drug,0h,3,19.51201986089823
pep_0308,gene_062,drug,0h,4,77.98504095701665
pep_0308,gene_062,drug,0h,5,42.1548866496978
pep_0308,gene_062,drug,0h,6,49.3712280821688
pep_0308,gene_062,drug,24h,1,52.7280223885119
pep_0308,gene_062,drug,24h,2,28.87279972959067
pep_0308,gene_062,drug,24h,3,44.73403081971757
pep_0308,gene_062,drug,24h,4,47.47452805825274
pep_0308,gene_062,drug,24h,5,66.00984859070259
pep_0308,gene_062,drug,24h,6,51.77088812307481
pep_0308,gene_062,drug,6h,1,57.04574028794911
pep_0308,gene_062,drug,6h,2,26.21488815705555
pep_0308,gene_062,drug,6h,3,41.10974267831599
pep_0308,gene_062,drug,6h,4,48.05640438185125
pep_0308,gene_062,drug,6h,5,43.061819416689
pep_0308,gene_062,drug,6h,6,44.71634458864492
pep_0309,gene_062,ctrl,0h,1,75.7398793825397
pep_0309,gene_062,ctrl,0h,2,132.63084674123178
pep_0309,gene_062,ctrl,0h,3,113.05583622795659
pep_0309,gene_062,ctrl,0h,4,75.66404437570085
pep_0309,gene_062,ctrl,0h,5,66.61033117168405
pep_0309,gene_062,ctrl,0h,6,114.5790018839369
pep_0309,gene_062,ctrl,24h,1,259.0531558246853
pep_0309,gene_062,ctrl,24h,2,170.47402668877498
pep_0309,gene_062,ctrl,24h,3,129.62882481438191
pep_0309,gene_062,ctrl,24h,4,151.0854343603478
pep_0309,gene_062,ctrl,24h,5,165.92458673077937
pep_0309,gene_062,ctrl,24h,6,255.3771354668353
pep_0309,gene_062,ctrl,6h,1,108.6097468653714
pep_0309,gene_062,ctrl,6h,2,85.16220195572554
pep_0309,gene_062,ctrl,6h,3,139.85351673942074
pep_0309,gene_062,ctrl,6h,4,82.69940459304128
pep_0309,gene_062,ctrl,6h,5,88.61568784599758
pep_0309,gene_062,ctrl,6h,6,150.3814299134866
pep_0309,gene_062,drug,0h,1,140.17583194925678
pep_0309,gene_062,drug,0h,2,98.85114865065235
pep_0309,gene_062,drug,0h,3,98.56921191329596
pep_0309,gene_062,drug,0h,4,122.5402255817542
pep_0309,gene_062,drug,0h,5,139.80567695715587
pep_0309,gene_062,drug,0h,6,129.46249022069662
pep_0309,gene_062,drug,24h,1,184.15003886468386
pep_0309,gene_062,drug,24h,2,283.96940267425174
pep_0309,gene_062,drug,24h,3,196.21498743146742
pep_0309,gene_062,drug,24h,4,144.54293272761126
pep_0309,gene_062,drug,24h,5,101.04287118484255
pep_0309,gene_062,drug,24h,6,114.79102445863776
pep_0309,gene_062,drug,6h,1,193.6799879678851
pep_0309,gene_062,drug,6h,2,87.81494332699847
pep_0309,gene_062,drug,6h,3,125.8178665558172
pep_0309,gene_062,drug,6h,4,121.60653902946407
pep_0309,gene_062,drug,6h,5,202.08828293792698
pep_0309,gene_062,drug,6h,6,75.51432646794784
pep_0310,gene_062,ctrl,0h,1,101.32155381142458
pep_0310,gene_062,ctrl,0h,2,60.59909763777664
pep_0310,gene_062,ctrl,0h,3,53.68390507573641
pep_0310,gene_062,ctrl,0h,4,104.37474908569524
pep_0310,gene_062,ctrl,0h,5,78.56937357618314
pep_0310,gene_062,ctrl,0h,6,82.50118765582802
pep_0310,gene_062,ctrl,24h,1,45.98443980631832
pep_0310,gene_062,ctrl,24h,2,113.12048119043612
pep_0310,gene_062,ctrl,24h,3,128.42008257586602
pep_0310,gene_062,ctrl,24h,4,147.03393991876797
pep_0310,gene_062,ctrl,24h,5,77.34688746541715
pep_0310,gene_062,ctrl,24h,6,40.12517223522345
pep_0310,gene_062,ctrl,6h,1,104.85661810124776
pep_0310,gene_062,ctrl,6h,2,62.27044766166368
pep_0310,gene_062,ctrl,6h,3,46.10897313383404
pep_0310,gene_062,ctrl,6h,4,74.03053667211387
pep_0310,gene_062,ctrl,6h,5,162.1703002923523
pep_0310,gene_062,ctrl,6h,6,69.9230781743413
pep_0310,gene_062,drug,0h,1,87.60607345098074
pep_0310,gene_062,drug,0h,2,176.83718474851494
pep_0310,gene_062,drug,0h,3,111.21894206638977
pep_0310,gene_062,drug,0h,4,50.04845441307044
pep_0310,gene_062,drug,0h,5,100.20784478717911
pep_0310,gene_062,drug,0h,6,82.7572199726103
pep_0310,gene_062,drug,24h,1,53.07985843710478
pep_0310,gene_062,drug,24h,2,81.17048351720827
pep_0310,gene_062,drug,24h,3,64.66895051447784
pep_0310,gene_062,drug,24h,4,90.88105849300048
pep_0310,gene_062,drug,24h,5,94.30784392199365
pep_0310,gene_062,drug,24h,6,80.76651038584586
pep_0310,gene_062,drug,6h,1,76.65803321705465
pep_0310,gene_062,drug,6h,2,98.58382437124696
pep_0310,gene_062,drug,6h,3,107.19532268932959
pep_0310,gene_062,drug,6h,4,67.6840023983287
pep_0310,gene_062,drug,6h,5,49.83013072171159
pep_0310,gene_062,drug,6h,6,74.09881945845987
pep_0311,gene_063,ctrl,0h,1,130.80761523227775
pep_0311,gene_063,ctrl,0h,2,202.4936725773884
pep_0311,gene_063,ctrl,0h,3,392.34739046042455
pep_0311,gene_063,ctrl,0h,4,267.49634184368006
pep_0311,gene_063,ctrl,0h,5,147.7963214476161
pep_0311,gene_063,ctrl,0h,6,173.63195753121877
pep_0311,gene_063,ctrl,24h,1,354.78706143131143
pep_0311,gene_063,ctrl,24h,2,235.3120726306683
pep_0311,gene_063,ctrl,24h,3,156.06100874279903
pep_0311,gene_063,ctrl,24h,4,166.26970598107357
pep_0311,gene_063,ctrl,24h,5,203.65601042539794
pep_0311,gene_063,ctrl,24h,6,218.06485964505745
pep_0311,gene_063,ctrl,6h,1,166.2104025301757
pep_0311,gene_063,ctrl,6h,2,123.30606243182326
pep_0311,gene_063,ctrl,6h,3,173.27265771661496
pep_0311,gene_063,ctrl,6h,4,130.3944206221532
pep_0311,gene_063,ctrl,6h,5,264.3071829783076
pep_0311,gene_063,ctrl,6h,6,148.59711226382734
pep_0311,gene_063,drug,0h,1,144.47799663923155
pep_0311,gene_063,drug,0h,2,236.30839415836576
pep_0311,gene_063,drug,0h,3,249.62965454025357
pep_0311,gene_063,drug,0h,4,84.47112035093724
pep_0311,gene_063,drug,0h,5,87.95844808762412
pep_0311,gene_063,drug,0h,6,155.8484680965332
pep_0311,gene_063,drug,24h,1,142.70746611617162
pep_0311,gene_063,drug,24h,2,129.31808653373247
pep_0311,gene_063,drug,24h,3,141.17624769549047
pep_0311,gene_063,drug,24h,4,144.61129462845784
pep_0311,gene_063,drug,24h,5,177.83613869837194
pep_0311,gene_063,drug,24h,6,226.02099595623375
pep_0311,gene_063,drug,6h,1,182.10884814810618
pep_0311,gene_063,drug,6h,2,241.18342083207074
pep_0311,gene_063,drug,6h,3,314.5647478532826
pep_0311,gene_063,drug,6h,4,68.29388706111457
pep_0311,gene_063,drug,6h,5,177.45140128452016
pep_0311,gene_063,drug,6h,6,98.175439063264335
pep_0312,gene_063,ctrl,0h,1,39.92469851062561
pep_0312,gene_063,ctrl,0h,2,79.48397774804396
pep_0312,gene_063,ctrl,0h,3,81.58995197837466
pep_0312,gene_063,ctrl,0h,4,66.66326936589407
pep_0312,gene_063,ctrl,0h,5,74.58394078071929
pep_0312,gene_063,ctrl,0h,6,129.74574884747454
pep_0312,gene_063,ctrl,24h,1,118.08584943758235
pep_0312,gene_063,ctrl,24h,2,68.79421964816241
pep_0312,gene_063,ctrl,24h,3,56.309726829597636
pep_0312,gene_063,ctrl,24h,4,137.69335579203567
pep_0312,gene_063,ctrl,24h,5,84.95924494285863
pep_0312,gene_063,ctrl,24h,6,61.44389960282141
pep_0312,gene_063,ctrl,6h,1,74.31728495565565
pep_0312,gene_063,ctrl,6h,2,88.88626463765617
pep_0312,gene_063,ctrl,6h,3,92.03555636055407
pep_0312,gene_063,ctrl,6h,4,39.1869364810958
pep_0312,gene_063,ctrl,6h,5,161.96306699370967
pep_0312,gene_063,ctrl,6h,6,107.42602769185541
pep_0312,gene_063,drug,0h,1,84.35155039397202
pep_0312,gene_063,drug,0h,2,84.72551547983683
pep_0312,gene_063,drug,0h,3,92.31788242224579
pep_0312,gene_063,drug,0h,4,87.00859681628101
pep_0312,gene_063,drug,0h,5,106.42898659297951
pep_0312,gene_063,drug,0h,6,90.83142181983696
pep_0312,gene_063,drug,24h,1,52.491871274205366
pep_0312,gene_063,drug,24h,2,114.30767027694641
pep_0312,gene_063,drug,24h,3,54.227114297994156
pep_0312,gene_063,drug,24h,4,43.2274771348481
pep_0312,gene_063,drug,24h,5,55.655349319921406
pep_0312,gene_063,drug,24h,6,35.127746208490166
pep_0312,gene_063,drug,6h,1,72.38851406462665
pep_0312,gene_063,drug,6h,2,49.30536537562131
pep_0312,gene_063,drug,6h,3,94.51113709584617
pep_0312,gene_063,drug,6h,4,135.37277907023795
pep_0312,gene_063,drug,6h,5,55.46136713785729
pep_0312,gene_063,drug,6h,6,56.211447525115815
pep_0313,gene_063,ctrl,0h,1,40.7553024649435
pep_0313,gene_063,ctrl,0h,2,46.740293361700544
pep_0313,gene_063,ctrl,0h,3,49.19420407058358
pep_0313,gene_063,ctrl,0h,4,46.537523325701095
pep_0313,gene_063,ctrl,0h,5,18.75226986324734
pep_0313,gene_063,ctrl,0h,6,42.4043519300192
pep_0313,gene_063,ctrl,24h,1,29.257141997758858
pep_0313,gene_063,ctrl,24h,2,47.96262566317225
pep_0313,gene_063,ctrl,24h,3,94.97403961048738
pep_0313,gene_063,ctrl,24h,4,17.757695574965787
pep_0313,gene_063,ctrl,24h,5,36.67732538524283
pep_0313,gene_063,ctrl,24h,6,44.18937662061909
pep_0313,gene_063,ctrl,6h,1,66.31695968774109
pep_0313,gene_063,ctrl,6h,2,27.546787717214464
pep_0313,gene_063,ctrl,6h,3,81.97266126194918
pep_0313,gene_063,ctrl,6h,4,29.393835912316437
pep_0313,gene_063,ctrl,6h,5,51.49244653230267
pep_0313,gene_063,ctrl,6h,6,38.29536551327394
pep_0313,gene_063,drug,0h,1,17.290392734802758
pep_0313,gene_063,drug,0h,2,42.22299887667422
pep_0313,gene_063,drug,0h,3,35.83796548169346
pep_0313,gene_063,drug,0h,4,66.31035028945595
pep_0313,gene_063,drug,0h,5,52.27435215580766
pep_0313,gene_063,drug,0h,6,75.87507270171663
pep_0313,gene_063,drug,24h,1,60.74006228152281
pep_0313,gene_063,drug,24h,2,18.12003084523037
pep_0313,gene_063,drug,24h,3,56.306273391218625
pep_0313,gene_063,drug,24h,4,54.482316954895474
pep_0313,gene_063,drug,24h,5,72.89754564054934
pep_0313,gene_063,drug,24h,6,73.83097018598487
pep_0313,gene_063,drug,6h,1,14.840741984049311
pep_0313,gene_063,drug,6h,2,37.96224464582634
pep_0313,gene_063,drug,6h,3,25.750941863701428
pep_0313,gene_063,drug,6h,4,47.719355924841324
pep_0313,gene_063,drug,6h,5,22.31265754127417
pep_0313,gene_063,drug,6h,6,10.051994173996103
pep_0314,gene_063,ctrl,0h,1,98.61806242374183
pep_0314,gene_063,ctrl,0h,2,77.8509891914477
pep_0314,gene_063,ctrl,0h,3,111.74342895872702
pep_0314,gene_063,ctrl,0h,4,110.3184483043069
pep_0314,gene_063,ctrl,0h,5,79.2233976624263
pep_0314,gene_063,ctrl,0h,6,88.46365720568696
pep_0314,gene_063,ctrl,24h,1,53.53519434866805
pep_0314,gene_063,ctrl,24h,2,141.48417234438978
pep_0314,gene_063,ctrl,24h,3,61.22622977818952
pep_0314,gene_063,ctrl,24h,4,124.6272895760271
pep_0314,gene_063,ctrl,24h,5,51.6120707203251
pep_0314,gene_063,ctrl,24h,6,62.05156627301145
pep_0314,gene_063,ctrl,6h,1,52.35911632636399
pep_0314,gene_063,ctrl,6h,2,94.50979628604821
pep_0314,gene_063,ctrl,6h,3,82.86410947577437
pep_0314,gene_063,ctrl,6h,4,102.64095152213018
pep_0314,gene_063,ctrl,6h,5,103.54102370516566
pep_0314,gene_063,ctrl,6h,6,113.14575323181414
pep_0314,gene_063,drug,0h,1,121.28808685942059
pep_0314,gene_063,drug,0h,2,85.90718209012358
pep_0314,gene_063,drug,0h,3,83.60003843902922
pep_0314,gene_063,drug,0h,4,105.65388863220718
pep_0314,gene_063,drug,0h,5,95.99879919887601
pep_0314,gene_063,drug,0h,6,39.359491819478684
pep_0314,gene_063,drug,24h,1,52.66131583168931
pep_0314,gene_063,drug,24h,2,102.84006880614369
pep_0314,gene_063,drug,24h,3,71.49905566208322
pep_0314,gene_063,drug,24h,4,109.05269872258302
pep_0314,gene_063,drug,24h,5,117.0684111274117
pep_0314,gene_063,drug,24h,6,84.20255509861252
pep_0314,gene_063,drug,6h,1,111.98274974585391
pep_0314,gene_063,drug,6h,2,69.2025947142856
pep_0314,gene_063,drug,6h,3,128.84152051629823
pep_0314,gene_063,drug,6h,4,68.89290721840135
pep_0314,gene_063,drug,6h,5,84.19522293141785
pep_0314,gene_063,drug,6h,6,110.97940437705338
pep_0315,gene_063,ctrl,0h,1,57.850361545384146
pep_0315,gene_063,ctrl,0h,2,20.03592015860479
pep_0315,gene_063,ctrl,0h,3,49.479586627893056
pep_0315,gene_063,ctrl,0h,4,53.58556193130664
pep_0315,gene_063,ctrl,0h,5,19.468958841326877
pep_0315,gene_063,ctrl,0h,6,43.417982244146366
pep_0315,gene_063,ctrl,24h,1,39.83721698518102
pep_0315,gene_063,ctrl,24h,2,38.478772193738564
pep_0315,gene_063,ctrl,24h,3,59.114464013830066
pep_0315,gene_063,ctrl,24h,4,45.47607085068022
pep_0315,gene_063,ctrl,24h,5,65.87085959835548
pep_0315,gene_063,ctrl,24h,6,27.086132418935915
pep_0315,gene_063,ctrl,6h,1,35.767570112766506
pep_0315,gene_063,ctrl,6h,2,45.442571073958156
pep_0315,gene_063,ctrl,6h,3,50.9859779601226
pep_0315,gene_063,ctrl,6h,4,28.19750879296716
pep_0315,gene_063,ctrl,6h,5,50.651027033931136
pep_0315,gene_063,ctrl,6h,6,66.80380724683111
pep_0315,gene_063,drug,0h,1,47.9303001970163
pep_0315,gene_063,drug,0h,2,33.61593943552278
pep_0315,gene_063,drug,0h,3,22.46859502290256
pep_0315,gene_063,drug,0h,4,24.003260923065326
pep_0315,gene_063,drug,0h,5,8.72917030430025
pep_0315,gene_063,drug,0h,6,70.1478630887283
pep_0315,gene_063,drug,24h,1,53.39767367623467
pep_0315,gene_063,drug,24h,2,21.028804387980546
pep_0315,gene_063,drug,24h,3,51.1367548275398
pep_0315,gene_063,drug,24h,4,52.226713514601514
pep_0315,gene_063,drug,24h,5,39.15893046332936
pep_0315,gene_063,drug,24h,6,73.9604150402172
pep_0315,gene_063,drug,6h,1,54.760151962917014
pep_0315,gene_063,drug,6h,2,30.339984323705902
pep_0315,gene_063,drug,6h,3,59.77199000984767
pep_0315,gene_063,drug,6h,4,23.43172101686716
pep_0315,gene_063,drug,6h,5,97.77623078028746
pep_0315,gene_063,drug,6h,6,28.280844814274925
pep_0316,gene_064,ctrl,0h,1,63.31087948317117
pep_0316,gene_064,ctrl,0h,2,130.01165017716545
pep_0316,gene_064,ctrl,0h,3,62.14502739958635
pep_0316,gene_064,ctrl,0h,4,94.58370786470653
pep_0316,gene_064,ctrl,0h,5,137.4629330151102
pep_0316,gene_064,ctrl,0h,6,44.15503682081797
pep_0316,gene_064,ctrl,24h,1,57.12551719398143
pep_0316,gene_064,ctrl,24h,2,111.86145370570974
pep_0316,gene_064,ctrl,24h,3,103.6297844011222
pep_0316,gene_064,ctrl,24h,4,49.99290613335627
pep_0316,gene_064,ctrl,24h,5,114.84217830982287
pep_0316,gene_064,ctrl,24h,6,96.81316167350089
pep_0316,gene_064,ctrl,6h,1,96.39793824289472
pep_0316,gene_064,ctrl,6h,2,104.97510619970915
pep_0316,gene_064,ctrl,6h,3,120.53973458503768
pep_0316,gene_064,ctrl,6h,4,78.12378331523881
pep_0316,gene_064,ctrl,6h,5,48.87656807182252
pep_0316,gene_064,ctrl,6h,6,112.88899663327666
pep_0316,gene_064,drug,0h,1,52.15291310365509
pep_0316,gene_064,drug,0h,2,115.99239354217943
pep_0316,gene_064,drug,0h,3,73.36482462979986
pep_0316,gene_064,drug,0h,4,79.71860113157987
pep_0316,gene_064,drug,0h,5,139.95567100317103
pep_0316,gene_064,drug,0h,6,45.86021788109295
pep_0316,gene_064,drug,24h,1,92.73394872297266
pep_0316,gene_064,drug,24h,2,64.55446500778481
pep_0316,gene_064,drug,24h,3,84.48967567320555
pep_0316,gene_064,drug,24h,4,181.30534254581244
pep_0316,gene_064,drug,24h,5,74.38259975358548
pep_0316,gene_064,drug,24h,6,88.23372835972181
pep_0316,gene_064,drug,6h,1,39.612246440465086
pep_0316,gene_064,drug,6h,2,109.21744459516525
pep_0316,gene_064,drug,6h,3,141.1923742791379
pep_0316,gene_064,drug,6h,4,65.25313267528789
pep_0316,gene_064,drug,6h,5,71.79995977321586
pep_0316,gene_064,drug,6h,6,125.60126914127771
pep_0317,gene_064,ctrl,0h,1,97.90327964903324
pep_0317,gene_064,ctrl,0h,2,43.76071412042863
pep_0317,gene_064,ctrl,0h,3,55.93046829202618
pep_0317,gene_064,ctrl,0h,4,55.01819817228725
pep_0317,gene_064,ctrl,0h,5,70.37619700856006
pep_0317,gene_064,ctrl,0h,6,75.67372149813893
pep_0317,gene_064,ctrl,24h,1,144.5724458279969
pep_0317,gene_064,ctrl,24h,2,178.57105181319133
pep_0317,gene_064,ctrl,24h,3,114.10781439742979
pep_0317,gene_064,ctrl,24h,4,52.16449300411783
pep_0317,gene_064,ctrl,24h,5,95.70880818931217
pep_0317,gene_064,ctrl,24h,6,90.06409227517155
pep_0317,gene_064,ctrl,6h,1,55.29841027228891
pep_0317,gene_064,ctrl,6h,2,124.09919321308868
pep_0317,gene_064,ctrl,6h,3,69.77979529811667
pep_0317,gene_064,ctrl,6h,4,150.35515175658367
pep_0317,gene_064,ctrl,6h,5,74.89758259241952
pep_0317,gene_064,ctrl,6h,6,62.09407647015578
pep_0317,gene_064,drug,0h,1,65.65551882046303
pep_0317,gene_064,drug,0h,2,109.33603015695027
pep_0317,gene_064,drug,0h,3,176.15755359060358
pep_0317,gene_064,drug,0h,4,60.645373633139435
pep_0317,gene_064,drug,0h,5,48.5747951053753
pep_0317,gene_064,drug,0h,6,69.10944772031232
pep_0317,gene_064,drug,24h,1,46.617220686273875
pep_0317,gene_064,drug,24h,2,111.26202090933282
pep_0317,gene_064,drug,24h,3,41.68209880031793
pep_0317,gene_064,drug,24h,4,135.08697692742993
pep_0317,gene_064,drug,24h,5,102.71094350864445
pep_0317,gene_064,drug,24h,6,119.11982756449227
pep_0317,gene_064,drug,6h,1,84.98211213525882
pep_0317,gene_064,drug,6h,2,65.96426358163129
pep_0317,gene_064,drug,6h,3,83.54662477310745
pep_0317,gene_064,drug,6h,4,65.04451196384873
pep_0317,gene_064,drug,6h,5,54.40308797382373
pep_0317,gene_064,drug,6h,6,63.82292959468157
pep_0318,gene_064,ctrl,0h,1,67.92536683825713
pep_0318,gene_064,ctrl,0h,2,101.14357091653129
pep_0318,gene_064,ctrl,0h,3,128.9067012072828
pep_0318,gene_064,ctrl,0h,4,209.9865784322355
pep_0318,gene_064,ctrl,0h,5,92.39578692781237
pep_0318,gene_064,ctrl,0h,6,108.48295756708718
pep_0318,gene_064,ctrl,24h,1,90.7100972117394
pep_0318,gene_064,ctrl,24h,2,64.10157059136515
pep_0318,gene_064,ctrl,24h,3,123.16743189809978
pep_0318,gene_064,ctrl,24h,4,101.98327060312367
pep_0318,gene_064,ctrl,24h,5,143.438565936105
pep_0318,gene_064,ctrl,24h,6,45.58626593490853
pep_0318,gene_064,ctrl,6h,1,62.98405455314185
pep_0318,gene_064,ctrl,6h,2,77.4186153366801
pep_0318,gene_064,ctrl,6h,3,67.84600660847097
pep_0318,gene_064,ctrl,6h,4,109.27967119184304
pep_0318,gene_064,ctrl,6h,5,128.74276949804053
pep_0318,gene_064,ctrl,6h,6,98.80129820242261
pep_0318,gene_064,drug,0h,1,159.18501980526938
pep_0318,gene_064,drug,0h,2,169.78505389879842
pep_0318,gene_064,drug,0h,3,157.11648432189602
pep_0318,gene_064,drug,0h,4,76.38794707994136
pep_0318,gene_064,drug,0h,5,92.02346344503648
pep_0318,gene_064,drug,0h,6,62.26783541812216
pep_0318,gene_064,drug,24h,1,125.55361523627641
pep_0318,gene_064,drug,24h,2,228.21894874980327
pep_0318,gene_064,drug,24h,3,104.73558098975764
pep_0318,gene_064,drug,24h,4,114.82937973757984
pep_0318,gene_064,drug,24h,5,146.7469260859537
pep_0318,gene_064,drug,24h,6,131.88428931794752
pep_0318,gene_064,drug,6h,1,96.35828491956843
pep_0318,gene_064,drug,6h,2,56.10893534683765
pep_0318,gene_064,drug,6h,3,123.1481452366545
pep_0318,gene_064,drug,6h,4,77.06570690386552
pep_0318,gene_064,drug,6h,5,96.42785142717368
pep_0318,gene_064,drug,6h,6,122.07437054009795
pep_0319,gene_064,ctrl,0h,1,74.90872276671787
pep_0319,gene_064,ctrl,0h,2,161.72580772047579
pep_0319,gene_064,ctrl,0h,3,121.84801772486016
pep_0319,gene_064,ctrl,0h,4,83.84987779549414
pep_0319,gene_064,ctrl,0h,5,129.78379727623494
pep_0319,gene_064,ctrl,0h,6,158.44211722529892
pep_0319,gene_064,ctrl,24h,1,76.77303691351689
pep_0319,gene_064,ctrl,24h,2,222.98401200187715
pep_0319,gene_064,ctrl,24h,3,135.6646567847402
pep_0319,gene_064,ctrl,24h,4,138.836320913738
pep_0319,gene_064,ctrl,24h,5,61.90897015059926
pep_0319,gene_064,ctrl,24h,6,85.14254537668167
pep_0319,gene_064,ctrl,6h,1,158.9315465339847
pep_0319,gene_064,ctrl,6h,2,306.53195592385686
pep_0319,gene_064,ctrl,6h,3,143.9409772995447
pep_0319,gene_064,ctrl,6h,4,155.10047644147826
pep_0319,gene_064,ctrl,6h,5,157.0448248817241
pep_0319,gene_064,ctrl,6h,6,95.98897607656534
pep_0319,gene_064,drug,0h,1,123.08299574413832
pep_0319,gene_064,drug,0h,2,166.47966955403086
pep_0319,gene_064,drug,0h,3,89.92500894343448
pep_0319,gene_064,drug,0h,4,100.91252647943554
pep_0319,gene_064,drug,0h,5,205.64174217466334
pep_0319,gene_064,drug,0h,6,74.62490510299152
pep_0319,gene_064,drug,24h,1,214.41340218179542
pep_0319,gene_064,drug,24h,2,97.8136273195586
pep_0319,gene_064,drug,24h,3,89.24432474285229
pep_0319,gene_064,drug,24h,4,30.888939082055614
pep_0319,gene_064,drug,24h,5,83.52875818813695
pep_0319,gene_064,drug,24h,6,183.92290385088495
pep_0319,gene_064,drug,6h,1,151.29148726581226
pep_0319,gene_064,drug,6h,2,207.3434818168448
pep_0319,gene_064,drug,6h,3,167.32095728645146
pep_0319,gene_064,drug,6h,4,131.7926946550005
pep_0319,gene_064,drug,6h,5,294.003699057411
pep_0319,gene_064,drug,6h,6,169.50200026981992
pep_0320,gene_064,ctrl,0h,1,162.33165331304986
pep_0320,gene_064,ctrl,0h,2,70.59288257022988
pep_0320,gene_064,ctrl,0h,3,51.429186157414925
pep_0320,gene_064,ctrl,0h,4,55.89303717174547
pep_0320,gene_064,ctrl,0h,5,87.37760500500335
pep_0320,gene_064,ctrl,0h,6,63.454244558353864
pep_0320,gene_064,ctrl,24h,1,128.1428009530299
pep_0320,gene_064,ctrl,24h,2,66.52762463774188
pep_0320,gene_064,ctrl,24h,3,77.06008214761817
pep_0320,gene_064,ctrl,24h,4,102.85791970448976
pep_0320,gene_064,ctrl,24h,5,66.34389167482425
pep_0320,gene_064,ctrl,24h,6,66.56988014774707
pep_0320,gene_064,ctrl,6h,1,97.91522627427696
pep_0320,gene_064,ctrl,6h,2,76.06203353568387
pep_0320,gene_064,ctrl,6h,3,94.36352580419465
pep_0320,gene_064,ctrl,6h,4,84.17686691307179
pep_0320,gene_064,ctrl,6h,5,77.29099169197599
pep_0320,gene_064,ctrl,6h,6,78.13457916792841
pep_0320,gene_064,drug,0h,1,56.81811687953243
pep_0320,gene_064,drug,0h,2,101.8123787709811
pep_0320,gene_064,drug,0h,3,102.58543796430591
pep_0320,gene_064,drug,0h,4,65.8854578622345
pep_0320,gene_064,drug,0h,5,55.993517364377404
pep_0320,gene_064,drug,0h,6,119.01349304590138
pep_0320,gene_064,drug,24h,1,87.89972793670887
pep_0320,gene_064,drug,24h,2,90.82136290222793
pep_0320,gene_064,drug,24h,3,72.04228993195517
pep_0320,gene_064,drug,24h,4,53.16386826092377
pep_0320,gene_064,drug,24h,5,103.81144644619204
pep_0320,gene_064,drug,24h,6,47.0272875470722
pep_0320,gene_064,drug,6h,1,120.60346046873298
pep_0320,gene_064,drug,6h,2,48.76753064125255
pep_0320,gene_064,drug,6h,3,106.55249106494868
pep_0320,gene_064,drug,6h,4,91.50313155190372
pep_0320,gene_064,drug,6h,5,54.99540115829663
pep_0320,gene_064,drug,6h,6,35.261102424087994
pep_0321,gene_065,ctrl,0h,1,74.96215561703279
pep_0321,gene_065,ctrl,0h,2,118.04708188466226
pep_0321,gene_065,ctrl,0h,3,80.75620349484934
pep_0321,gene_065,ctrl,0h,4,124.82428571660854
pep_0321,gene_065,ctrl,0h,5,50.5073099202667
pep_0321,gene_065,ctrl,0h,6,97.36077966779509
pep_0321,gene_065,ctrl,24h,1,57.97589879128884
pep_0321,gene_065,ctrl,24h,2,116.68624809505653
pep_0321,gene_065,ctrl,24h,3,92.47573645144763
pep_0321,gene_065,ctrl,24h,4,176.61170312817728
pep_0321,gene_065,ctrl,24h,5,85.16320444304873
pep_0321,gene_065,ctrl,24h,6,99.21476664633141
pep_0321,gene_065,ctrl,6h,1,76.25589722571397
pep_0321,gene_065,ctrl,6h,2,144.78749210888253
pep_0321,gene_065,ctrl,6h,3,79.71459137397741
pep_0321,gene_065,ctrl,6h,4,116.76681470137265
pep_0321,gene_065,ctrl,6h,5,169.14176037622642
pep_0321,gene_065,ctrl,6h,6,58.47661962657475
pep_0321,gene_065,drug,0h,1,96.82647242640392
pep_0321,gene_065,drug,0h,2,121.88507245181563
pep_0321,gene_065,drug,0h,3,69.2325622597172
pep_0321,gene_065,drug,0h,4,115.89019736288024
pep_0321,gene_065,drug,0h,5,91.50086719660436
pep_0321,gene_065,drug,0h,6,73.77861593445684
pep_0321,gene_065,drug,24h,1,132.14178312273114
pep_0321,gene_065,drug,24h,2,127.42942787764905
pep_0321,gene_065,drug,24h,3,58.84698496329323
pep_0321,gene_065,drug,24h,4,87.84612216765687
pep_0321,gene_065,drug,24h,5,89.50136763678498
pep_0321,gene_065,drug,24h,6,93.26511003556932
pep_0321,gene_065,drug,6h,1,58.20281592360684
pep_0321,gene_065,drug,6h,2,104.37024326167403
pep_0321,gene_065,drug,6h,3,78.06754004552205
pep_0321,gene_065,drug,6h,4,80.76473984610786
pep_0321,gene_065,drug,6h,5,129.43709025159035
pep_0321,gene_065,drug,6h,6,80.86670766747245
pep_0322,gene_065,ctrl,0h,1,84.09153880244023
pep_0322,gene_065,ctrl,0h,2,51.1131013610821
pep_0322,gene_065,ctrl,0h,3,89.57811559314804
pep_0322,gene_065,ctrl,0h,4,148.3385539382385
pep_0322,gene_065,ctrl,0h,5,111.36086218383467
pep_0322,gene_065,ctrl,0h,6,114.53865383659
pep_0322,gene_065,ctrl,24h,1,159.03696500846848
pep_0322,gene_065,ctrl,24h,2,73.1032859048847
pep_0322,gene_065,ctrl,24h,3,102.58482440685349
pep_0322,gene_065,ctrl,24h,4,76.2599249645278
pep_0322,gene_065,ctrl,24h,5,49.09201842299069
pep_0322,gene_065,ctrl,24h,6,68.52823478558679
pep_0322,gene_065,ctrl,6h,1,154.0405714581289
pep_0322,gene_065,ctrl,6h,2,157.2221618537734
pep_0322,gene_065,ctrl,6h,3,124.51382294903969
pep_0322,gene_065,ctrl,6h,4,231.8241962623286
pep_0322,gene_065,ctrl,6h,5,109.616065181041
pep_0322,gene_065,ctrl,6h,6,63.40395688880859
pep_0322,gene_065,drug,0h,1,119.99064074025061
pep_0322,gene_065,drug,0h,2,78.22041444827757
pep_0322,gene_065,drug,0h,3,30.69222573456046
pep_0322,gene_065,drug,0h,4,154.0299071275219
pep_0322,gene_065,drug,0h,5,59.56037509704564
pep_0322,gene_065,drug,0h,6,165.74024879577672
pep_0322,gene_065,drug,24h,1,59.40915256606375
pep_0322,gene_065,drug,24h,2,92.20154359784195
pep_0322,gene_065,drug,24h,3,50.63422803472432
pep_0322,gene_065,drug,24h,4,95.18009717257864
pep_0322,gene_065,drug,24h,5,67.7355312103893
pep_0322,gene_065,drug,24h,6,71.39594389083737
pep_0322,gene_065,drug,6h,1,177.28914285951768
pep_0322,gene_065,drug,6h,2,72.60892959435768
pep_0322,gene_065,drug,6h,3,79.80899492335085
pep_0322,gene_065,drug,6h,4,109.03733476214558
pep_0322,gene_065,drug,6h,5,136.47717167980687
pep_0322,gene_065,drug,6h,6,107.11532061717269
pep_0323,gene_065,ctrl,0h,1,55.317571060037686
pep_0323,gene_065,ctrl,0h,2,152.19771409160305
pep_0323,gene_065,ctrl,0h,3,69.11536471202095
pep_0323,gene_065,ctrl,0h,4,110.08087782347513
pep_0323,gene_065,ctrl,0h,5,46.13054788408487
pep_0323,gene_065,ctrl,0h,6,70.43721671587981
pep_0323,gene_065,ctrl,24h,1,75.30128394226618
pep_0323,gene_065,ctrl,24h,2,84.02118740093285
pep_0323,gene_065,ctrl,24h,3,95.33347753955105
pep_0323,gene_065,ctrl,24h,4,76.0593086432453
pep_0323,gene_065,ctrl,24h,5,39.19520361054193
pep_0323,gene_065,ctrl,24h,6,87.13633582947503
pep_0323,gene_065,ctrl,6h,1,104.05213209110654
pep_0323,gene_065,ctrl,6h,2,50.159189356572426
pep_0323,gene_065,ctrl,6h,3,76.21787339296559
pep_0323,gene_065,ctrl,6h,4,112.27424128122468
pep_0323,gene_065,ctrl,6h,5,120.95694390124353
pep_0323,gene_065,ctrl,6h,6,93.51940259544546
pep_0323,gene_065,drug,0h,1,109.61132305101657
pep_0323,gene_065,drug,0h,2,78.87551431528487
pep_0323,gene_065,drug,0h,3,72.84052328692653
pep_0323,gene_065,drug,0h,4,41.29723416962569
pep_0323,gene_065,drug,0h,5,47.37967040763267
pep_0323,gene_065,drug,0h,6,125.84455436054655
pep_0323,gene_065,drug,24h,1,62.54579570940482
pep_0323,gene_065,drug,24h,2,45.82738581496799
pep_0323,gene_065,drug,24h,3,68.5497651924461
pep_0323,gene_065,drug,24h,4,93.23082853956166
pep_0323,gene_065,drug,24h,5,69.33343193301458
pep_0323,gene_065,drug,24h,6,139.51516972936577
pep_0323,gene_065,drug,6h,1,68.0829658001033
pep_0323,gene_065,drug,6h,2,83.056708115613
pep_0323,gene_065,drug,6h,3,81.60795266947822
pep_0323,gene_065,drug,6h,4,114.03349173884698
pep_0323,gene_065,drug,6h,5,44.49457202634364
pep_0323,gene_065,drug,6h,6,95.81561514598242
pep_0324,gene_065,ctrl,0h,1,96.17143346689446
pep_0324,gene_065,ctrl,0h,2,188.71328441663752
pep_0324,gene_065,ctrl,0h,3,186.34759665631805
pep_0324,gene_065,ctrl,0h,4,101.07906363911981
pep_0324,gene_065,ctrl,0h,5,169.21031549637644
pep_0324,gene_065,ctrl,0h,6,102.48907115285834
pep_0324,gene_065,ctrl,24h,1,221.8030018028252
pep_0324,gene_065,ctrl,24h,2,204.67469549498836
pep_0324,gene_065,ctrl,24h,3,125.39530075395834
pep_0324,gene_065,ctrl,24h,4,157.03866192436365
pep_0324,gene_065,ctrl,24h,5,115.14229555666243
pep_0324,gene_065,ctrl,24h,6,93.86384602236532
pep_0324,gene_065,ctrl,6h,1,156.2801770568092
pep_0324,gene_065,ctrl,6h,2,113.75858240132759
pep_0324,gene_065,ctrl,6h,3,129.43321456311432
pep_0324,gene_065,ctrl,6h,4,106.08883821452714
pep_0324,gene_065,ctrl,6h,5,55.70647754143928
pep_0324,gene_065,ctrl,6h,6,190.9172340912632
pep_0324,gene_065,drug,0h,1,127.76851712986038
pep_0324,gene_065,drug,0h,2,145.3778759167974
pep_0324,gene_065,drug,0h,3,141.4775514708033
pep_0324,gene_065,drug,0h,4,97.0667018781317
pep_0324,gene_065,drug,0h,5,123.22183990741406
pep_0324,gene_065,drug,0h,6,160.31534826779372
pep_0324,gene_065,drug,24h,1,189.1042223734831
pep_0324,gene_065,drug,24h,2,72.05462285801694
pep_0324,gene_065,drug,24h,3,77.72657240230915
pep_0324,gene_065,drug,24h,4,186.71260577700323
pep_0324,gene_065,drug,24h,5,167.73832182884996
pep_0324,gene_065,drug,24h,6,206.67425971100602
pep_0324,gene_065,drug,6h,1,108.75463948033827
pep_0324,gene_065,drug,6h,2,148.37291173454568
pep_0324,gene_065,drug,6h,3,133.42658891632598
pep_0324,gene_065,drug,6h,4,132.4217900201656
pep_0324,gene_065,drug,6h,5,125.14693950238724
pep_0324,gene_065,drug,6h,6,74.85463877807304
pep_0325,gene_065,ctrl,0h,1,69.09711348841259
pep_0325,gene_065,ctrl,0h,2,35.158117021492764
pep_0325,gene_065,ctrl,0h,3,64.13948019578007
pep_0325,gene_065,ctrl,0h,4,41.67937860120857
pep_0325,gene_065,ctrl,0h,5,15.824406797809361
pep_0325,gene_065,ctrl,0h,6,38.19330895356765
pep_0325,gene_065,ctrl,24h,1,70.1845715802679
pep_0325,gene_065,ctrl,24h,2,49.486738919240146
pep_0325,gene_065,ctrl,24h,3,85.64264838136258
pep_0325,gene_065,ctrl,24h,4,62.804838492303936
pep_0325,gene_065,ctrl,24h,5,32.45770421149759
pep_0325,gene_065,ctrl,24h,6,53.62185903909693
pep_0325,gene_065,ctrl,6h,1,37.616519534271475
pep_0325,gene_065,ctrl,6h,2,21.691807551670095
pep_0325,gene_065,ctrl,6h,3,39.49202394137864
pep_0325,gene_065,ctrl,6h,4,10.36788371897748
pep_0325,gene_065,ctrl,6h,5,27.21646198984693
pep_0325,gene_065,ctrl,6h,6,32.72712398221519
pep_0325,gene_065,drug,0h,1,46.258932144719054
pep_0325,gene_065,drug,0h,2,104.53837006068463
pep_0325,gene_065,drug,0h,3,34.18679453321635
pep_0325,gene_065,drug,0h,4,27.688648456415958
pep_0325,gene_065,drug,0h,5,42.54002847174482
pep_0325,gene_065,drug,0h,6,74.86336157085555
pep_0325,gene_065,drug,24h,1,40.11586778775853
pep_0325,gene_065,drug,24h,2,136.4618035155567
pep_0325,gene_065,drug,24h,3,29.581179391954763
pep_0325,gene_065,drug,24h,4,19.437867443783137
pep_0325,gene_065,drug,24h,5,26.485367958021296
pep_0325,gene_065,drug,24h,6,44.514758273620984
pep_0325,gene_065,drug,6h,1,70.72349723441086
pep_0325,gene_065,drug,6h,2,33.95879512505554
pep_0325,gene_065,drug,6h,3,26.8810958920673
pep_0325,gene_065,drug,6h,4,64.2539715354281
pep_0325,gene_065,drug,6h,5,47.09172156502716
pep_0325,gene_065,drug,6h,6,49.68312024775261
pep_0326,gene_066,ctrl,0h,1,50.976429694909584
pep_0326,gene_066,ctrl,0h,2,67.34838610353115
pep_0326,gene_066,ctrl,0h,3,50.339932246689806
pep_0326,gene_066,ctrl,0h,4,107.02438308377091
pep_0326,gene_066,ctrl,0h,5,57.715308135908586
pep_0326,gene_066,ctrl,0h,6,48.68900472919629
pep_0326,gene_066,ctrl,24h,1,49.12302375405633
pep_0326,gene_066,ctrl,24h,2,36.45212374242353
pep_0326,gene_066,ctrl,24h,3,89.16749476144706
pep_0326,gene_066,ctrl,24h,4,33.863731900758175
pep_0326,gene_066,ctrl,24h,5,33.01683496011607
pep_0326,gene_066,ctrl,24h,6,39.43273439623503
pep_0326,gene_066,ctrl,6h,1,80.61026254786728
pep_0326,gene_066,ctrl,6h,2,40.1301889635961
pep_0326,gene_066,ctrl,6h,3,97.75456074890297
pep_0326,gene_066,ctrl,6h,4,87.79190316038694
pep_0326,gene_066,ctrl,6h,5,59.9292930695617
pep_0326,gene_066,ctrl,6h,6,69.77266322025783
pep_0326,gene_066,drug,0h,1,67.94450665743433
pep_0326,gene_066,drug,0h,2,59.403133797065344
pep_0326,gene_066,drug,0h,3,57.909346344064765
pep_0326,gene_066,drug,0h,4,87.63884382909347
pep_0326,gene_066,drug,0h,5,69.1592514956103
pep_0326,gene_066,drug,0h,6,45.59745281590991
pep_0326,gene_066,drug,24h,1,91.59013576484689
pep_0326,gene_066,drug,24h,2,46.16562786135256
pep_0326,gene_066,drug,24h,3,81.61172105693522
pep_0326,gene_066,drug,24h,4,161.5992302807407
pep_0326,gene_066,drug,24h,5,59.482247430411526
pep_0326,gene_066,drug,24h,6,71.80482187801421
pep_0326,gene_066,drug,6h,1,86.1797393458058
pep_0326,gene_066,drug,6h,2,98.3539961439769
pep_0326,gene_066,drug,6h,3,99.14430828509431
pep_0326,gene_066,drug,6h,4,46.48615621948189
pep_0326,gene_066,drug,6h,5,56.06529096158133
pep_0326,gene_066,drug,6h,6,68.02938891107084
pep_0327,gene_066,ctrl,0h,1,89.24135010005037
pep_0327,gene_066,ctrl,0h,2,60.738922457988366
pep_0327,gene_066,ctrl,0h,3,71.24479083170627
pep_0327,gene_066,ctrl,0h,4,125.17130291869262
pep_0327,gene_066,ctrl,0h,5,122.40381598155506
pep_0327,gene_066,ctrl,0h,6,66.64905328738793
pep_0327,gene_066,ctrl,24h,1,119.26677446788975
pep_0327,gene_066,ctrl,24h,2,48.21524850948731
pep_0327,gene_066,ctrl,24h,3,124.54817771764239
pep_0327,gene_066,ctrl,24h,4,86.40370396824855
pep_0327,gene_066,ctrl,24h,5,26.360257288482096
pep_0327,gene_066,ctrl,24h,6,69.84316772815095
pep_0327,gene_066,ctrl,6h,1,81.85392030766288
pep_0327,gene_066,ctrl,6h,2,68.49745087773401
pep_0327,gene_066,ctrl,6h,3,75.67493672887427
pep_0327,gene_066,ctrl,6h,4,127.6280750092565
pep_0327,gene_066,ctrl,6h,5,41.01236941993297
pep_0327,gene_066,ctrl,6h,6,93.42509767172123
pep_0327,gene_066,drug,0h,1,57.30073245308479
pep_0327,gene_066,drug,0h,2,62.74838899671996
pep_0327,gene_066,drug,0h,3,71.9629713789779
pep_0327,gene_066,drug,0h,4,58.992941916271455
pep_0327,gene_066,drug,0h,5,109.38307937035638
pep_0327,gene_066,drug,0h,6,67.20085312912268
pep_0327,gene_066,drug,24h,1,44.736585165913326
pep_0327,gene_066,drug,24h,2,70.08936745128291
pep_0327,gene_066,drug,24h,3,83.17287255565164
pep_0327,gene_066,drug,24h,4,111.25393239638684
pep_0327,gene_066,drug,24h,5,58.16270200549685
pep_0327,gene_066,drug,24h,6,48.975797613657825
pep_0327,gene_066,drug,6h,1,136.827940901346
pep_0327,gene_066,drug,6h,2,49.42560255674103
pep_0327,gene_066,drug,6h,3,138.96591438383894
pep_0327,gene_066,drug,6h,4,85.9140799593548
pep_0327,gene_066,drug,6h,5,65.35613395403908
pep_0327,gene_066,drug,6h,6,76.02860005617735
pep_0328,gene_066,ctrl,0h,1,75.32518852786156
pep_0328,gene_066,ctrl,0h,2,44.46348760728981
pep_0328,gene_066,ctrl,0h,3,131.13453839636148
pep_0328,gene_066,ctrl,0h,4,140.74551408886617
pep_0328,gene_066,ctrl,0h,5,178.82952185866745
pep_0328,gene_066,ctrl,0h,6,170.74266545961927
pep_0328,gene_066,ctrl,24h,1,77.4015742303115
pep_0328,gene_066,ctrl,24h,2,82.50098511870041
pep_0328,gene_066,ctrl,24h,3,100.29335031088988
pep_0328,gene_066,ctrl,24h,4,95.5202562103591
pep_0328,gene_066,ctrl,24h,5,176.26614649873628
pep_0328,gene_066,ctrl,24h,6,68.31639084170466
pep_0328,gene_066,ctrl,6h,1,103.47533133214831
pep_0328,gene_066,ctrl,6h,2,77.01017536648405
pep_0328,gene_066,ctrl,6h,3,169.08442957817854
pep_0328,gene_066,ctrl,6h,4,58.192843001443194
pep_0328,gene_066,ctrl,6h,5,257.92533992218233
pep_0328,gene_066,ctrl,6h,6,114.23495340607856
pep_0328,gene_066,drug,0h,1,127.54300990278887
pep_0328,gene_066,drug,0h,2,123.82760903892722
pep_0328,gene_066,drug,0h,3,69.20621259717845
pep_0328,gene_066,drug,0h,4,95.18551051503636
pep_0328,gene_066,drug,0h,5,136.1137894741061
pep_0328,gene_066,drug,0h,6,67.19062182464565
pep_0328,gene_066,drug,24h,1,161.81017444588795
pep_0328,gene_066,drug,24h,2,116.46588750303164
pep_0328,gene_066,drug,24h,3,108.23682639989678
pep_0328,gene_066,drug,24h,4,138.48960682810159
pep_0328,gene_066,drug,24h,5,104.0394984800909
pep_0328,gene_066,drug,24h,6,87.97136989035549
pep_0328,gene_066,drug,6h,1,142.73682814238504
pep_0328,gene_066,drug,6h,2,80.93183048841124
pep_0328,gene_066,drug,6h,3,56.128011914536145
pep_0328,gene_066,drug,6h,4,95.08271225042124
pep_0328,gene_066,drug,6h,5,208.43173891850637
pep_0328,gene_066,drug,6h,6,128.33742721326007
pep_0329,gene_066,ctrl,0h,1,50.30562372696683
pep_0329,gene_066,ctrl,0h,2,85.60416883113962
pep_0329,gene_066,ctrl,0h,3,59.470176451563624
pep_0329,gene_066,ctrl,0h,4,90.7755948578349
pep_0329,gene_066,ctrl,0h,5,59.41497024262603
pep_0329,gene_066,ctrl,0h,6,34.1002457928723
pep_0329,gene_066,ctrl,24h,1,112.21025529646609
pep_0329,gene_066,ctrl,24h,2,111.48826463414841
pep_0329,gene_066,ctrl,24h,3,117.29971803938372
pep_0329,gene_066,ctrl,24h,4,56.07829876796262
pep_0329,gene_066,ctrl,24h,5,76.56951707114011
pep_0329,gene_066,ctrl,24h,6,66.04960723924367
pep_0329,gene_066,ctrl,6h,1,98.4037693783634
pep_0329,gene_066,ctrl,6h,2,32.93890489064393
pep_0329,gene_066,ctrl,6h,3,65.73756670976053
pep_0329,gene_066,ctrl,6h,4,31.27741621949178
pep_0329,gene_066,ctrl,6h,5,95.28103722037243
pep_0329,gene_066,ctrl,6h,6,32.73394124904935
pep_0329,gene_066,drug,0h,1,70.73948340538607
pep_0329,gene_066,drug,0h,2,45.730908714563526
pep_0329,gene_066,drug,0h,3,88.84156522923793
pep_0329,gene_066,drug,0h,4,67.1221153993479
pep_0329,gene_066,drug,0h,5,37.686962740363896
pep_0329,gene_066,drug,0h,6,31.126463728746906
pep_0329,gene_066,drug,24h,1,49.18342182770827
pep_0329,gene_066,drug,24h,2,79.1725203668893
pep_0329,gene_066,drug,24h,3,61.86158628393094
pep_0329,gene_066,drug,24h,4,42.44021678424629
pep_0329,gene_066,drug,24h,5,61.69696344767484
pep_0329,gene_066,drug,24h,6,64.86632459415091
pep_0329,gene_066,drug,6h,1,42.45510600246706
pep_0329,gene_066,drug,6h,2,87.63764052515538
pep_0329,gene_066,drug,6h,3,109.03691750214072
pep_0329,gene_066,drug,6h,4,104.44274391179687
pep_0329,gene_066,drug,6h,5,45.01162028771153
pep_0329,gene_066,drug,6h,6,106.14022722455074
pep_0330,gene_066,ctrl,0h,1,78.95044093201895
pep_0330,gene_066,ctrl,0h,2,184.39808849214384
pep_0330,gene_066,ctrl,0h,3,84.959994376914
pep_0330,gene_066,ctrl,0h,4,78.6502924465221
pep_0330,gene_066,ctrl,0h,5,62.510232900398016
pep_0330,gene_066,ctrl,0h,6,48.019743790972534
pep_0330,gene_066,ctrl,24h,1,101.521798818261
pep_0330,gene_066,ctrl,24h,2,135.78285951815246
pep_0330,gene_066,ctrl,24h,3,152.116779511077
pep_0330,gene_066,ctrl,24h,4,200.7311883272177
pep_0330,gene_066,ctrl,24h,5,98.772435420122
pep_0330,gene_066,ctrl,24h,6,126.46151267246604
pep_0330,gene_066,ctrl,6h,1,93.36787801609236
pep_0330,gene_066,ctrl,6h,2,127.54859335762308
pep_0330,gene_066,ctrl,6h,3,128.51115106669508
pep_0330,gene_066,ctrl,6h,4,159.40687297662026
pep_0330,gene_066,ctrl,6h,5,92.08571853901658
pep_0330,gene_066,ctrl,6h,6,88.51512360568064
pep_0330,gene_066,drug,0h,1,50.880523058695644
pep_0330,gene_066,drug,0h,2,154.03669601322653
pep_0330,gene_066,drug,0h,3,175.33791832052276
pep_0330,gene_066,drug,0h,4,136.0074330886794
pep_0330,gene_066,drug,0h,5,129.81723493049998
pep_0330,gene_066,drug,0h,6,136.86410220316006
pep_0330,gene_066,drug,24h,1,129.36211056588826
pep_0330,gene_066,drug,24h,2,111.19329224592641
pep_0330,gene_066,drug,24h,3,118.64067203643484
pep_0330,gene_066,drug,24h,4,89.97289703776491
pep_0330,gene_066,drug,24h,5,145.483645139205
pep_0330,gene_066,drug,24h,6,185.0823688338599
pep_0330,gene_066,drug,6h,1,158.5517078782142
pep_0330,gene_066,drug,6h,2,158.57316366757746
pep_0330,gene_066,drug,6h,3,112.73621037293513
pep_0330,gene_066,drug,6h,4,166.40608446194508
pep_0330,gene_066,drug,6h,5,201.27131521782977
pep_0330,gene_066,drug,6h,6,303.54723000694844
pep_0331,gene_067,ctrl,0h,1,37.79258684487701
pep_0331,gene_067,ctrl,0h,2,97.26352656747092
pep_0331,gene_067,ctrl,0h,3,89.59655542733282
pep_0331,gene_067,ctrl,0h,4,170.66451885403853
pep_0331,gene_067,ctrl,0h,5,143.3282748551056
pep_0331,gene_067,ctrl,0h,6,58.010814613125845
pep_0331,gene_067,ctrl,24h,1,53.9445328778703
pep_0331,gene_067,ctrl,24h,2,71.7616527366723
pep_0331,gene_067,ctrl,24h,3,97.31176908312646
pep_0331,gene_067,ctrl,24h,4,45.6217578388993
pep_0331,gene_067,ctrl,24h,5,53.58553745937251
pep_0331,gene_067,ctrl,24h,6,111.46122078451123
pep_0331,gene_067,ctrl,6h,1,89.8028926351483
pep_0331,gene_067,ctrl,6h,2,60.736621765807726
pep_0331,gene_067,ctrl,6h,3,66.2744437775345
pep_0331,gene_067,ctrl,6h,4,53.81628670787749
pep_0331,gene_067,ctrl,6h,5,93.84939578707139
pep_0331,gene_067,ctrl,6h,6,62.97155478061653
pep_0331,gene_067,drug,0h,1,94.71231599579507
pep_0331,gene_067,drug,0h,2,56.77009481943003
pep_0331,gene_067,drug,0h,3,21.62432130424358
pep_0331,gene_067,drug,0h,4,61.40499023921945
pep_0331,gene_067,drug,0h,5,54.56546747529162
pep_0331,gene_067,drug,0h,6,100.69996200420684
pep_0331,gene_067,drug,24h,1,69.57856062622282
pep_0331,gene_067,drug,24h,2,119.40421718399091
pep_0331,gene_067,drug,24h,3,82.89276174889814
pep_0331,gene_067,drug,24h,4,113.51060016107085
pep_0331,gene_067,drug,24h,5,118.57794946494788
pep_0331,gene_067,drug,24h,6,90.309877041012
pep_0331,gene_067,drug,6h,1,58.23134221438553
pep_0331,gene_067,drug,6h,2,90.68314632687756
pep_0331,gene_067,drug,6h,3,60.90714454557388
pep_0331,gene_067,drug,6h,4,56.055003644533286
pep_0331,gene_067,drug,6h,5,55.87626850284125
pep_0331,gene_067,drug,6h,6,76.24695847729096
pep_0332,gene_067,ctrl,0h,1,34.16990386020647
pep_0332,gene_067,ctrl,0h,2,83.86363617369678
pep_0332,gene_067,ctrl,0h,3,64.48651420152765
pep_0332,gene_067,ctrl,0h,4,87.63837527198787
pep_0332,gene_067,ctrl,0h,5,182.27699520315778
pep_0332,gene_067,ctrl,0h,6,141.241827536427
pep_0332,gene_067,ctrl,24h,1,60.6284505031067
pep_0332,gene_067,ctrl,24h,2,109.17729040793625
pep_0332,gene_067,ctrl,24h,3,142.02505385610885
pep_0332,gene_067,ctrl,24h,4,81.39895622974497
pep_0332,gene_067,ctrl,24h,5,162.61329608704065
pep_0332,gene_067,ctrl,24h,6,101.44938763347616
pep_0332,gene_067,ctrl,6h,1,119.86122844369346
pep_0332,gene_067,ctrl,6h,2,53.38097833104093
pep_0332,gene_067,ctrl,6h,3,67.35406076289098
pep_0332,gene_067,ctrl,6h,4,105.27058732022283
pep_0332,gene_067,ctrl,6h,5,132.6763390192006
pep_0332,gene_067,ctrl,6h,6,88.6297355509701
pep_0332,gene_067,drug,0h,1,138.60217017446965
pep_0332,gene_067,drug,0h,2,134.02227656188904
pep_0332,gene_067,drug,0h,3,94.07723381777681
pep_0332,gene_067,drug,0h,4,58.82516529977724
pep_0332,gene_067,drug,0h,5,113.38681498564813
pep_0332,gene_067,drug,0h,6,123.40849048481074
pep_0332,gene_067,drug,24h,1,65.25942934544528
pep_0332,gene_067,drug,24h,2,58.402801900288516
pep_0332,gene_067,drug,24h,3,88.0167981580917
pep_0332,gene_067,drug,24h,4,81.84644687976801
pep_0332,gene_067,drug,24h,5,72.13515500604362
pep_0332,gene_067,drug,24h,6,182.9861287204498
pep_0332,gene_067,drug,6h,1,111.1667614930417
pep_0332,gene_067,drug,6h,2,108.55445578345173
pep_0332,gene_067,drug,6h,3,73.22260666309825
pep_0332,gene_067,drug,6h,4,77.6219150205556
pep_0332,gene_067,drug,6h,5,142.1020336349808
pep_0332,gene_067,drug,6h,6,54.6234871255068
pep_0333,gene_067,ctrl,0h,1,95.63639134865291
pep_0333,gene_067,ctrl,0h,2,88.92674752884288
pep_0333,gene_067,ctrl,0h,3,70.40159716702753
pep_0333,gene_067,ctrl,0h,4,136.44904492266622
pep_0333,gene_067,ctrl,0h,5,67.24847296673532
pep_0333,gene_067,ctrl,0h,6,65.57566508621083
pep_0333,gene_067,ctrl,24h,1,90.65057944042867
pep_0333,gene_067,ctrl,24h,2,109.60489390654173
pep_0333,gene_067,ctrl,24h,3,71.66419838374004
pep_0333,gene_067,ctrl,24h,4,40.19317823707729
pep_0333,gene_067,ctrl,24h,5,90.84182711322659
pep_0333,gene_067,ctrl,24h,6,55.71641921380218
pep_0333,gene_067,ctrl,6h,1,64.73255640625383
pep_0333,gene_067,ctrl,6h,2,51.15519174687793
pep_0333,gene_067,ctrl,6h,3,36.050724791287465
pep_0333,gene_067,ctrl,6h,4,111.04626253406303
pep_0333,gene_067,ctrl,6h,5,77.8578905805686
pep_0333,gene_067,ctrl,6h,6,74.38997184365273
pep_0333,gene_067,drug,0h,1,86.67727496659076
pep_0333,gene_067,drug,0h,2,86.36945067626452
pep_0333,gene_067,drug,0h,3,47.60377313685463
pep_0333,gene_067,drug,0h,4,105.32196982816745
pep_0333,gene_067,drug,0h,5,81.5138383194385
pep_0333,gene_067,drug,0h,6,43.11226516445338
pep_0333,gene_067,drug,24h,1,93.75212546353627
pep_0333,gene_067,drug,24h,2,25.394172247357137
pep_0333,gene_067,drug,24h,3,162.86889615941206
pep_0333,gene_067,drug,24h,4,190.31371913906506
pep_0333,gene_067,drug,24h,5,29.151459554284912
pep_0333,gene_067,drug,24h,6,63.89082220846536
pep_0333,gene_067,drug,6h,1,79.75600514670697
pep_0333,gene_067,drug,6h,2,88.53769604967287
pep_0333,gene_067,drug,6h,3,73.31354921200295
pep_0333,gene_067,drug,6h,4,82.60704897394454
pep_0333,gene_067,drug,6h,5,83.43358221130691
pep_0333,gene_067,drug,6h,6,102.12085823552886
pep_0334,gene_067,ctrl,0h,1,112.33061363272546
pep_0334,gene_067,ctrl,0h,2,86.30292283103877
pep_0334,gene_067,ctrl,0h,3,94.6973585815224
pep_0334,gene_067,ctrl,0h,4,122.8976427036032
pep_0334,gene_067,ctrl,0h,5,153.79065566382354
pep_0334,gene_067,ctrl,0h,6,161.01688039695853
pep_0334,gene_067,ctrl,24h,1,104.16210672447471
pep_0334,gene_067,ctrl,24h,2,108.751904319205
pep_0334,gene_067,ctrl,24h,3,43.40857427185117
pep_0334,gene_067,ctrl,24h,4,97.50897273243726
pep_0334,gene_067,ctrl,24h,5,125.73971003172501
pep_0334,gene_067,ctrl,24h,6,117.0739939046992
pep_0334,gene_067,ctrl,6h,1,84.47493334825947
pep_0334,gene_067,ctrl,6h,2,76.63434095253585
pep_0334,gene_067,ctrl,6h,3,65.3662031632084
pep_0334,gene_067,ctrl,6h,4,67.87578733676821
pep_0334,gene_067,ctrl,6h,5,107.94455689442157
pep_0334,gene_067,ctrl,6h,6,118.58186775292324
pep_0334,gene_067,drug,0h,1,106.06096025593476
pep_0334,gene_067,drug,0h,2,98.95446676933763
pep_0334,gene_067,drug,0h,3,87.14181173915277
pep_0334,gene_067,drug,0h,4,155.5385796463891
pep_0334,gene_067,drug,0h,5,108.9601740524302
pep_0334,gene_067,drug,0h,6,88.20273903131667
pep_0334,gene_067,drug,24h,1,79.92423449913805
pep_0334,gene_067,drug,24h,2,108.65537173224344
pep_0334,gene_067,drug,24h,3,84.69555119898116
pep_0334,gene_067,drug,24h,4,98.58339278459017
pep_0334,gene_067,drug,24h,5,112.07006208119698
pep_0334,gene_067,drug,24h,6,66.31675294951125
pep_0334,gene_067,drug,6h,1,59.62949272401433
pep_0334,gene_067,drug,6h,2,101.40179998778214
pep_0334,gene_067,drug,6h,3,107.87499702287106
pep_0334,gene_067,drug,6h,4,95.4922507369887
pep_0334,gene_067,drug,6h,5,127.07798985091164
pep_0334,gene_067,drug,6h,6,145.74640829348724
pep_0335,gene_067,ctrl,0h,1,56.12716235765745
pep_0335,gene_067,ctrl,0h,2,31.259323245242857
pep_0335,gene_067,ctrl,0h,3,38.99026189032634
pep_0335,gene_067,ctrl,0h,4,42.51162904937078
pep_0335,gene_067,ctrl,0h,5,27.226494435078326
pep_0335,gene_067,ctrl,0h,6,79.52836244810344
pep_0335,gene_067,ctrl,24h,1,67.94125841930574
pep_0335,gene_067,ctrl,24h,2,31.82096871275985
pep_0335,gene_067,ctrl,24h,3,23.041342649753073
pep_0335,gene_067,ctrl,24h,4,51.93792470470952
pep_0335,gene_067,ctrl,24h,5,47.07058222335277
pep_0335,gene_067,ctrl,24h,6,13.88764001094399
pep_0335,gene_067,ctrl,6h,1,41.569587737992755
pep_0335,gene_067,ctrl,6h,2,34.495181797231034
pep_0335,gene_067,ctrl,6h,3,25.88397150508671
pep_0335,gene_067,ctrl,6h,4,55.5498520869813
pep_0335,gene_067,ctrl,6h,5,37.102248710423495
pep_0335,gene_067,ctrl,6h,6,71.28204894008383
pep_0335,gene_067,drug,0h,1,20.72618638962661
pep_0335,gene_067,drug,0h,2,26.75643856047604
pep_0335,gene_067,drug,0h,3,38.43446172408576
pep_0335,gene_067,drug,0h,4,34.99723288543896
pep_0335,gene_067,drug,0h,5,59.98031515562328
pep_0335,gene_067,drug,0h,6,74.8631263416697
pep_0335,gene_067,drug,24h,1,73.12809061820148
pep_0335,gene_067,drug,24h,2,70.54395583994335
pep_0335,gene_067,drug,24h,3,63.54539453860679
pep_0335,gene_067,drug,24h,4,46.552871893217784
pep_0335,gene_067,drug,24h,5,32.82292172618485
pep_0335,gene_067,drug,24h,6,32.270429431478696
pep_0335,gene_067,drug,6h,1,7.061369804004365
pep_0335,gene_067,drug,6h,2,52.435238523786865
pep_0335,gene_067,drug,6h,3,36.70552601522748
pep_0335,gene_067,drug,6h,4,42.06753910490266
pep_0335,gene_067,drug,6h,5,38.49189763088797
pep_0335,gene_067,drug,6h,6,46.259331412814944
pep_0336,gene_068,ctrl,0h,1,63.179549738464445
pep_0336,gene_068,ctrl,0h,2,89.54943572601016
pep_0336,gene_068,ctrl,0h,3,100.67232851619066
pep_0336,gene_068,ctrl,0h,4,76.529064657851265
pep_0336,gene_068,ctrl,0h,5,103.80870547636226
pep_0336,gene_068,ctrl,0h,6,62.460201603550594
pep_0336,gene_068,ctrl,24h,1,37.50022628205022
pep_0336,gene_068,ctrl,24h,2,53.6233067535323
pep_0336,gene_068,ctrl,24h,3,55.14494687375475
pep_0336,gene_068,ctrl,24h,4,66.21214596988865
pep_0336,gene_068,ctrl,24h,5,69.62868385925978
pep_0336,gene_068,ctrl,24h,6,48.16533938640325
pep_0336,gene_068,ctrl,6h,1,54.554305384261184
pep_0336,gene_068,ctrl,6h,2,78.755440455025
pep_0336,gene_068,ctrl,6h,3,61.8147321578981
pep_0336,gene_068,ctrl,6h,4,92.25608112178817
pep_0336,gene_068,ctrl,6h,5,104.11611793017633
pep_0336,gene_068,ctrl,6h,6,94.3213474184918
pep_0336,gene_068,drug,0h,1,39.211666272274904
pep_0336,gene_068,drug,0h,2,95.54733467474415
pep_0336,gene_068,drug,0h,3,56.471208613357966
pep_0336,gene_068,drug,0h,4,91.82482631422235
pep_0336,gene_068,drug,0h,5,94.28351584887878
pep_0336,gene_068,drug,0h,6,84.5717841902582
pep_0336,gene_068,drug,24h,1,173.8876339590439
pep_0336,gene_068,drug,24h,2,74.13083466000148
pep_0336,gene_068,drug,24h,3,70.50276660919985
pep_0336,gene_068,drug,24h,4,107.92870639744608
pep_0336,gene_068,drug,24h,5,65.19782519601647
pep_0336,gene_068,drug,24h,6,72.71965303729544
pep_0336,gene_068,drug,6h,1,40.34136226147181
pep_0336,gene_068,drug,6h,2,50.25953592257275
pep_0336,gene_068,drug,6h,3,74.16685278184129
pep_0336,gene_068,drug,6h,4,83.61343165720139
pep_0336,gene_068,drug,6h,5,60.11359733753609
pep_0336,gene_068,drug,6h,6,50.62465460823283
pep_0337,gene_068,ctrl,0h,1,119.36507660815424
pep_0337,gene_068,ctrl,0h,2,37.7803589162934
pep_0337,gene_068,ctrl,0h,3,38.50063046604649
pep_0337,gene_068,ctrl,0h,4,34.96771474408629
pep_0337,gene_068,ctrl,0h,5,32.8640206760244
pep_0337,gene_068,ctrl,0h,6,46.619454428138525
pep_0337,gene_068,ctrl,24h,1,24.38982195428567
pep_0337,gene_068,ctrl,24h,2,38.68720792716514
pep_0337,gene_068,ctrl,24h,3,40.15447736774708
pep_0337,gene_068,ctrl,24h,4,34.85227789584943
pep_0337,gene_068,ctrl,24h,5,30.863598465310254
pep_0337,gene_068,ctrl,24h,6,75.87895096263406
pep_0337,gene_068,ctrl,6h,1,108.177082026673
pep_0337,gene_068,ctrl,6h,2,27.19113087926062
pep_0337,gene_068,ctrl,6h,3,81.51707487072737
pep_0337,gene_068,ctrl,6h,4,32.4082224854314
pep_0337,gene_068,ctrl,6h,5,39.68767721149917
pep_0337,gene_068,ctrl,6h,6,41.48349274329905
pep_0337,gene_068,drug,0h,1,105.76497725891988
pep_0337,gene_068,drug,0h,2,97.65056291937456
pep_0337,gene_068,drug,0h,3,30.256545116611203
pep_0337,gene_068,drug,0h,4,42.55130647732505
pep_0337,gene_068,drug,0h,5,28.654878791033138
pep_0337,gene_068,drug,0h,6,45.43518191315443
pep_0337,gene_068,drug,24h,1,90.04575178082844
pep_0337,gene_068,drug,24h,2,85.21670973098851
pep_0337,gene_068,drug,24h,3,44.707587243235686
pep_0337,gene_068,drug,24h,4,63.195352708269084
pep_0337,gene_068,drug,24h,5,88.99622197542138
pep_0337,gene_068,drug,24h,6,73.7052065091487
pep_0337,gene_068,drug,6h,1,57.570415535426456
pep_0337,gene_068,drug,6h,2,28.71510982569838
pep_0337,gene_068,drug,6h,3,61.52168362701879
pep_0337,gene_068,drug,6h,4,82.38739820990106
pep_0337,gene_068,drug,6h,5,98.74988739811876
pep_0337,gene_068,drug,6h,6,88.86897585033134
pep_0338,gene_068,ctrl,0h,1,64.17724570306846
pep_0338,gene_068,ctrl,0h,2,40.00937040937168
pep_0338,gene_068,ctrl,0h,3,77.48041602546411
pep_0338,gene_068,ctrl,0h,4,83.72326327192965
pep_0338,gene_068,ctrl,0h,5,90.1787716720919
pep_0338,gene_068,ctrl,0h,6,105.71536591530494
pep_0338,gene_068,ctrl,24h,1,27.58301171589378
pep_0338,gene_068,ctrl,24h,2,103.12739642829543
pep_0338,gene_068,ctrl,24h,3,117.7238408104663
pep_0338,gene_068,ctrl,24h,4,91.6173729120633
pep_0338,gene_068,ctrl,24h,5,91.84490580449939
pep_0338,gene_068,ctrl,24h,6,42.46478857162521
pep_0338,gene_068,ctrl,6h,1,41.67877257656152
pep_0338,gene_068,ctrl,6h,2,93.9853674183842
pep_0338,gene_068,ctrl,6h,3,29.74803257783228
pep_0338,gene_068,ctrl,6h,4,90.78257243703078
pep_0338,gene_068,ctrl,6h,5,85.33849409624948
pep_0338,gene_068,ctrl,6h,6,61.48160958173079
pep_0338,gene_068,drug,0h,1,135.37850999996252
pep_0338,gene_068,drug,0h,2,78.2920875320074
pep_0338,gene_068,drug,0h,3,107.08908140518558
pep_0338,gene_068,drug,0h,4,54.537545126175395
pep_0338,gene_068,drug,0h,5,91.55838305474595
pep_0338,gene_068,drug,0h,6,71.70704597046371
pep_0338,gene_068,drug,24h,1,101.26062962074936
pep_0338,gene_068,drug,24h,2,64.93582642146383
pep_0338,gene_068,drug,24h,3,36.891446226476496
pep_0338,gene_068,drug,24h,4,84.85234771848934
pep_0338,gene_068,drug,24h,5,87.82351626784694
pep_0338,gene_068,drug,24h,6,54.22822696437472
pep_0338,gene_068,drug,6h,1,85.52401125941368
pep_0338,gene_068,drug,6h,2,44.21099654150238
pep_0338,gene_068,drug,6h,3,91.0123946171016
pep_0338,gene_068,drug,6h,4,51.57489951945995
pep_0338,gene_068,drug,6h,5,51.067968921246624
pep_0338,gene_068,drug,6h,6,69.19985061667613
pep_0339,gene_068,ctrl,0h,1,64.00038655156419
pep_0339,gene_068,ctrl,0h,2,77.73704599062262
pep_0339,gene_068,ctrl,0h,3,73.70437792446283
pep_0339,gene_068,ctrl,0h,4,52.24772096621182
pep_0339,gene_068,ctrl,0h,5,114.5158326482598
pep_0339,gene_068,ctrl,0h,6,85.7787295755243
pep_0339,gene_068,ctrl,24h,1,60.42874629259734
pep_0339,gene_068,ctrl,24h,2,42.02133810297402
pep_0339,gene_068,ctrl,24h,3,82.6594350045187
pep_0339,gene_068,ctrl,24h,4,55.95428728103354
pep_0339,gene_068,ctrl,24h,5,98.81649177738193
pep_0339,gene_068,ctrl,24h,6,70.88736086356819
pep_0339,gene_068,ctrl,6h,1,79.4907094263258
pep_0339,gene_068,ctrl,6h,2,81.69675564961878
pep_0339,gene_068,ctrl,6h,3,44.9293792212193
pep_0339,gene_068,ctrl,6h,4,97.78763717492166
pep_0339,gene_068,ctrl,6h,5,129.3001162374005
pep_0339,gene_068,ctrl,6h,6,127.40352363906273
pep_0339,gene_068,drug,0h,1,44.97054656134419
pep_0339,gene_068,drug,0h,2,90.45208694418393
pep_0339,gene_068,drug,0h,3,50.7685784170023
pep_0339,gene_068,drug,0h,4,51.685532910118866
pep_0339,gene_068,drug,0h,5,64.63646852058208
pep_0339,gene_068,drug,0h,6,80.67612224482541
pep_0339,gene_068,drug,24h,1,33.36439040638033
pep_0339,gene_068,drug,24h,2,89.18490745138078
pep_0339,gene_068,drug,24h,3,71.53526731011556
pep_0339,gene_068,drug,24h,4,27.687168747286872
pep_0339,gene_068,drug,24h,5,30.986589329161035
pep_0339,gene_068,drug,24h,6,75.67606091432708
pep_0339,gene_068,drug,6h,1,155.21740339113614
pep_0339,gene_068,drug,6h,2,59.02420146626865
pep_0339,gene_068,drug,6h,3,70.46377193435774
pep_0339,gene_068,drug,6h,4,63.02426826709752
pep_0339,gene_068,drug,6h,5,93.58868189880118
pep_0339,gene_068,drug,6h,6,86.36781851178495
pep_0340,gene_068,ctrl,0h,1,77.92382281667628
pep_0340,gene_068,ctrl,0h,2,116.80041024137547
pep_0340,gene_068,ctrl,0h,3,83.83303323390605
pep_0340,gene_068,ctrl,0h,4,87.85708633423246
pep_0340,gene_068,ctrl,0h,5,83.82709859503153
pep_0340,gene_068,ctrl,0h,6,74.88521947810183
pep_0340,gene_068,ctrl,24h,1,66.77723187329087
pep_0340,gene_068,ctrl,24h,2,56.45159147945727
pep_0340,gene_068,ctrl,24h,3,56.44583122660333
pep_0340,gene_068,ctrl,24h,4,111.89154258550587
pep_0340,gene_068,ctrl,24h,5,69.26201268114237
pep_0340,gene_068,ctrl,24h,6,56.49422177164586
pep_0340,gene_068,ctrl,6h,1,73.59335334842942
pep_0340,gene_068,ctrl,6h,2,88.71039698694084
pep_0340,gene_068,ctrl,6h,3,73.01978198850871
pep_0340,gene_068,ctrl,6h,4,62.711538650628164
pep_0340,gene_068,ctrl,6h,5,69.73064052740607
pep_0340,gene_068,ctrl,6h,6,60.13017816204314
pep_0340,gene_068,drug,0h,1,50.728674233342865
pep_0340,gene_068,drug,0h,2,65.7486273948472
pep_0340,gene_068,drug,0h,3,109.44275300230188
pep_0340,gene_068,drug,0h,4,129.21867961034488
pep_0340,gene_068,drug,0h,5,69.02680578936565
pep_0340,gene_068,drug,0h,6,76.77488741596494
pep_0340,gene_068,drug,24h,1,99.23716348952566
pep_0340,gene_068,drug,24h,2,68.91829740214818
pep_0340,gene_068,drug,24h,3,41.12256473842524
pep_0340,gene_068,drug,24h,4,67.64112743625225
pep_0340,gene_068,drug,24h,5,97.21428604097625
pep_0340,gene_068,drug,24h,6,59.675635917916026
pep_0340,gene_068,drug,6h,1,44.15887718318808
pep_0340,gene_068,drug,6h,2,91.5069742415719
pep_0340,gene_068,drug,6h,3,62.35310340141068
pep_0340,gene_068,drug,6h,4,116.17410695726646
pep_0340,gene_068,drug,6h,5,66.19685161097397
pep_0340,gene_068,drug,6h,6,57.543609166243336
pep_0341,gene_069,ctrl,0h,1,41.358885136915106
pep_0341,gene_069,ctrl,0h,2,64.01140511314492
pep_0341,gene_069,ctrl,0h,3,55.83962123299325
pep_0341,gene_069,ctrl,0h,4,82.91829100521738
pep_0341,gene_069,ctrl,0h,5,65.5289561823014
pep_0341,gene_069,ctrl,0h,6,47.70143910830753
pep_0341,gene_069,ctrl,24h,1,34.51501691804976
pep_0341,gene_069,ctrl,24h,2,37.05718802962883
pep_0341,gene_069,ctrl,24h,3,42.524459201669885
pep_0341,gene_069,ctrl,24h,4,41.79648544085886
pep_0341,gene_069,ctrl,24h,5,31.795492371054927
pep_0341,gene_069,ctrl,24h,6,47.3529554087764
pep_0341,gene_069,ctrl,6h,1,53.49214490056355
pep_0341,gene_069,ctrl,6h,2,23.673132629673823
pep_0341,gene_069,ctrl,6h,3,59.09145389822425
pep_0341,gene_069,ctrl,6h,4,19.83000019209714
pep_0341,gene_069,ctrl,6h,5,45.72064740504102
pep_0341,gene_069,ctrl,6h,6,52.02541098848996
pep_0341,gene_069,drug,0h,1,43.068966609645294
pep_0341,gene_069,drug,0h,2,49.74875144816894
pep_0341,gene_069,drug,0h,3,53.90401785464348
pep_0341,gene_069,drug,0h,4,56.714421854601675
pep_0341,gene_069,drug,0h,5,50.33151387795177
pep_0341,gene_069,drug,0h,6,32.96233905315512
pep_0341,gene_069,drug,24h,1,30.841425377686036
pep_0341,gene_069,drug,24h,2,53.211649560448976
pep_0341,gene_069,drug,24h,3,39.93603902852121
pep_0341,gene_069,drug,24h,4,20.06519721393739
pep_0341,gene_069,drug,24h,5,44.53103031197007
pep_0341,gene_069,drug,24h,6,30.205442132836225
pep_0341,gene_069,drug,6h,1,82.51991513400827
pep_0341,gene_069,drug,6h,2,31.512082759213143
pep_0341,gene_069,drug,6h,3,84.91676133500226
pep_0341,gene_069,drug,6h,4,56.63509259937508
pep_0341,gene_069,drug,6h,5,52.48553279398617
pep_0341,gene_069,drug,6h,6,36.467602777080195
pep_0342,gene_069,ctrl,0h,1,86.7699556801798
pep_0342,gene_069,ctrl,0h,2,59.975939386481365
pep_0342,gene_069,ctrl,0h,3,71.07088349827086
pep_0342,gene_069,ctrl,0h,4,110.23847273711576
pep_0342,gene_069,ctrl,0h,5,62.028358282056416
pep_0342,gene_069,ctrl,0h,6,54.58294697196149
pep_0342,gene_069,ctrl,24h,1,35.40876556179128
pep_0342,gene_069,ctrl,24h,2,68.57980708980683
pep_0342,gene_069,ctrl,24h,3,123.00217220291188
pep_0342,gene_069,ctrl,24h,4,59.661083463605756
pep_0342,gene_069,ctrl,24h,5,74.12880922809488
pep_0342,gene_069,ctrl,24h,6,44.09926453646933
pep_0342,gene_069,ctrl,6h,1,97.45706670516866
pep_0342,gene_069,ctrl,6h,2,50.35711534783706
pep_0342,gene_069,ctrl,6h,3,89.88138554796929
pep_0342,gene_069,ctrl,6h,4,74.6823036933238
pep_0342,gene_069,ctrl,6h,5,45.78630860312093
pep_0342,gene_069,ctrl,6h,6,75.31821502682524
pep_0342,gene_069,drug,0h,1,43.69282548545041
pep_0342,gene_069,drug,0h,2,57.75416057125141
pep_0342,gene_069,drug,0h,3,63.25900801095839
pep_0342,gene_069,drug,0h,4,42.92696869514856
pep_0342,gene_069,drug,0h,5,43.51672700362541
pep_0342,gene_069,drug,0h,6,86.16743469017729
pep_0342,gene_069,drug,24h,1,74.05911422465141
pep_0342,gene_069,drug,24h,2,79.29184164347939
pep_0342,gene_069,drug,24h,3,16.43261216882801
pep_0342,gene_069,drug,24h,4,119.39801271027271
pep_0342,gene_069,drug,24h,5,55.446578365519045
pep_0342,gene_069,drug,24h,6,89.99842179724568
pep_0342,gene_069,drug,6h,1,90.76054083718992
pep_0342,gene_069,drug,6h,2,55.74615421187259
pep_0342,gene_069,drug,6h,3,83.89109511283114
pep_0342,gene_069,drug,6h,4,66.87628528738807
pep_0342,gene_069,drug,6h,5,66.15871427319719
pep_0342,gene_069,drug,6h,6,28.21375840268548
pep_0343,gene_069,ctrl,0h,1,64.34765310404346
pep_0343,gene_069,ctrl,0h,2,20.62335920381717
pep_0343,gene_069,ctrl,0h,3,62.12536712408796
pep_0343,gene_069,ctrl,0h,4,67.26709135519526
pep_0343,gene_069,ctrl,0h,5,51.712696322220296
pep_0343,gene_069,ctrl,0h,6,37.817753519066095
pep_0343,gene_069,ctrl,24h,1,105.12262121496725
pep_0343,gene_069,ctrl,24h,2,52.501100214664355
pep_0343,gene_069,ctrl,24h,3,39.436130280099654
pep_0343,gene_069,ctrl,24h,4,42.266570615926916
pep_0343,gene_069,ctrl,24h,5,71.74556023520631
pep_0343,gene_069,ctrl,24h,6,54.53491242992299
pep_0343,gene_069,ctrl,6h,1,74.23404465236017
pep_0343,gene_069,ctrl,6h,2,51.60768916410132
pep_0343,gene_069,ctrl,6h,3,32.82844074248725
pep_0343,gene_069,ctrl,6h,4,58.42133469165282
pep_0343,gene_069,ctrl,6h,5,77.71266707605453
pep_0343,gene_069,ctrl,6h,6,49.40365965018113
pep_0343,gene_069,drug,0h,1,61.10410286176498
pep_0343,gene_069,drug,0h,2,64.18389193884778
pep_0343,gene_069,drug,0h,3,78.71264362437665
pep_0343,gene_069,drug,0h,4,39.118723436769706
pep_0343,gene_069,drug,0h,5,29.855544142440177
pep_0343,gene_069,drug,0h,6,152.62263368203145
pep_0343,gene_069,drug,24h,1,55.545077980959384
pep_0343,gene_069,drug,24h,2,8.537613277050944
pep_0343,gene_069,drug,24h,3,104.82141487192013
pep_0343,gene_069,drug,24h,4,97.89070957066816
pep_0343,gene_069,drug,24h,5,78.69363997101907
pep_0343,gene_069,drug,24h,6,34.24697836474693
pep_0343,gene_069,drug,6h,1,15.358790388076738
pep_0343,gene_069,drug,6h,2,14.962325714677158
pep_0343,gene_069,drug,6h,3,78.06944098983507
pep_0343,gene_069,drug,6h,4,42.47120153815322
pep_0343,gene_069,drug,6h,5,55.63110894968613
pep_0343,gene_069,drug,6h,6,73.96290196776951
pep_0344,gene_069,ctrl,0h,1,43.74394004494056
pep_0344,gene_069,ctrl,0h,2,39.178870858283155
pep_0344,gene_069,ctrl,0h,3,31.017244078710288
pep_0344,gene_069,ctrl,0h,4,33.99376936045818
pep_0344,gene_069,ctrl,0h,5,59.98308036573967
pep_0344,gene_069,ctrl,0h,6,42.67699946551978
pep_0344,gene_069,ctrl,24h,1,36.89369380961568
pep_0344,gene_069,ctrl,24h,2,18.692066251006796
pep_0344,gene_069,ctrl,24h,3,45.9170802182448
pep_0344,gene_069,ctrl,24h,4,41.44413233306156
pep_0344,gene_069,ctrl,24h,5,64.19183047037278
pep_0344,gene_069,ctrl,24h,6,44.42440151881066
pep_0344,gene_069,ctrl,6h,1,53.016430084623245
pep_0344,gene_069,ctrl,6h,2,44.17263834771467
pep_0344,gene_069,ctrl,6h,3,15.520016466406451
pep_0344,gene_069,ctrl,6h,4,49.58503457585197
pep_0344,gene_069,ctrl,6h,5,72.99637927181067
pep_0344,gene_069,ctrl,6h,6,79.84618083209813
pep_0344,gene_069,drug,0h,1,90.23416178701386
pep_0344,gene_069,drug,0h,2,29.657709394502117
pep_0344,gene_069,drug,0h,3,43.79444179765989
pep_0344,gene_069,drug,0h,4,26.938124335499218
pep_0344,gene_069,drug,0h,5,46.775741438240274
pep_0344,gene_069,drug,0h,6,18.7205998428025
pep_0344,gene_069,drug,24h,1,65.42667986494249
pep_0344,gene_069,drug,24h,2,34.14715157359558
pep_0344,gene_069,drug,24h,3,66.86189802687504
pep_0344,gene_069,drug,24h,4,14.642189645443391
pep_0344,gene_069,drug,24h,5,61.545288904463995
pep_0344,gene_069,drug,24h,6,72.17089550137919
pep_0344,gene_069,drug,6h,1,67.10422716057133
pep_0344,gene_069,drug,6h,2,87.48476491140092
pep_0344,gene_069,drug,6h,3,58.84257474310891
pep_0344,gene_069,drug,6h,4,30.092907259403145
pep_0344,gene_069,drug,6h,5,23.9992482970247
pep_0344,gene_069,drug,6h,6,81.10084851982067
pep_0345,gene_069,ctrl,0h,1,99.53204168864887
pep_0345,gene_069,ctrl,0h,2,65.3257956417954
pep_0345,gene_069,ctrl,0h,3,49.23999429492505
pep_0345,gene_069,ctrl,0h,4,121.13298429185313
pep_0345,gene_069,ctrl,0h,5,74.68659262744694
pep_0345,gene_069,ctrl,0h,6,72.73517974733397
pep_0345,gene_069,ctrl,24h,1,149.95944902013707
pep_0345,gene_069,ctrl,24h,2,57.578397422522194
pep_0345,gene_069,ctrl,24h,3,70.16478842042206
pep_0345,gene_069,ctrl,24h,4,114.41978827098303
pep_0345,gene_069,ctrl,24h,5,52.94590482547149
pep_0345,gene_069,ctrl,24h,6,76.11383814122979
pep_0345,gene_069,ctrl,6h,1,87.27173801150552
pep_0345,gene_069,ctrl,6h,2,66.49166028875425
pep_0345,gene_069,ctrl,6h,3,79.40110108816442
pep_0345,gene_069,ctrl,6h,4,47.0729877097753
pep_0345,gene_069,ctrl,6h,5,66.07950692819114
pep_0345,gene_069,ctrl,6h,6,92.2798656243009
pep_0345,gene_069,drug,0h,1,101.83338780296353
pep_0345,gene_069,drug,0h,2,75.33602680230032
pep_0345,gene_069,drug,0h,3,63.60297487729974
pep_0345,gene_069,drug,0h,4,70.29586860788766
pep_0345,gene_069,drug,0h,5,96.01679700743246
pep_0345,gene_069,drug,0h,6,87.98383775090326
pep_0345,gene_069,drug,24h,1,60.037273721469845
pep_0345,gene_069,drug,24h,2,89.8807248324817
pep_0345,gene_069,drug,24h,3,61.67949764242893
pep_0345,gene_069,drug,24h,4,57.85090718220031
pep_0345,gene_069,drug,24h,5,63.04046958478282
pep_0345,gene_069,drug,24h,6,86.38120644923139
pep_0345,gene_069,drug,6h,1,103.84516807362333
pep_0345,gene_069,drug,6h,2,75.74661474189074
pep_0345,gene_069,drug,6h,3,102.76568829794628
pep_0345,gene_069,drug,6h,4,67.71676744226816
pep_0345,gene_069,drug,6h,5,78.58785799314285
pep_0345,gene_069,drug,6h,6,123.00689685874862
pep_0346,gene_070,ctrl,0h,1,33.845489262509616
pep_0346,gene_070,ctrl,0h,2,70.15683849304277
pep_0346,gene_070,ctrl,0h,3,20.50035870341655
pep_0346,gene_070,ctrl,0h,4,38.48315951419936
pep_0346,gene_070,ctrl,0h,5,55.02195126133033
pep_0346,gene_070,ctrl,0h,6,43.53860945701798
pep_0346,gene_070,ctrl,24h,1,70.49424405247302
pep_0346,gene_070,ctrl,24h,2,49.31001810199928
pep_0346,gene_070,ctrl,24h,3,13.813865267589353
pep_0346,gene_070,ctrl,24h,4,68.86930298175344
pep_0346,gene_070,ctrl,24h,5,31.90105647524403
pep_0346,gene_070,ctrl,24h,6,34.82831520796136
pep_0346,gene_070,ctrl,6h,1,41.24988081061908
pep_0346,gene_070,ctrl,6h,2,58.011673372560104
pep_0346,gene_070,ctrl,6h,3,58.36534545685241
pep_0346,gene_070,ctrl,6h,4,69.01388856955718
pep_0346,gene_070,ctrl,6h,5,35.89488307020083
pep_0346,gene_070,ctrl,6h,6,25.673202668771122
pep_0346,gene_070,drug,0h,1,56.980073356434296
pep_0346,gene_070,drug,0h,2,23.116085900776692
pep_0346,gene_070,drug,0h,3,20.98499081136373
pep_0346,gene_070,drug,0h,4,52.69276234960731
pep_0346,gene_070,drug,0h,5,62.38111868562367
pep_0346,gene_070,drug,0h,6,71.5458680718668
pep_0346,gene_070,drug,24h,1,80.83863996303512
pep_0346,gene_070,drug,24h,2,NA
pep_0346,gene_070,drug,24h,3,48.697039232060106
pep_0346,gene_070,drug,24h,4,45.52485435938964
pep_0346,gene_070,drug,24h,5,34.85009388763722
pep_0346,gene_070,drug,24h,6,NA
pep_0346,gene_070,drug,6h,1,49.12181500270491
pep_0346,gene_070,drug,6h,2,88.79073500245164
pep_0346,gene_070,drug,6h,3,52.29847589184114
pep_0346,gene_070,drug,6h,4,76.90512056446175
pep_0346,gene_070,drug,6h,5,97.76385496886357
pep_0346,gene_070,drug,6h,6,65.75607436478263
pep_0347,gene_070,ctrl,0h,1,108.67492126127668
pep_0347,gene_070,ctrl,0h,2,135.76765298239576
pep_0347,gene_070,ctrl,0h,3,125.5370339901137
pep_0347,gene_070,ctrl,0h,4,95.52313207325197
pep_0347,gene_070,ctrl,0h,5,183.3919689316247
pep_0347,gene_070,ctrl,0h,6,133.42643677555492
pep_0347,gene_070,ctrl,24h,1,103.91097757071257
pep_0347,gene_070,ctrl,24h,2,37.96540725015063
pep_0347,gene_070,ctrl,24h,3,132.10829097691186
pep_0347,gene_070,ctrl,24h,4,73.70639254967777
pep_0347,gene_070,ctrl,24h,5,115.23660211007675
pep_0347,gene_070,ctrl,24h,6,74.49696406593829
pep_0347,gene_070,ctrl,6h,1,72.27768083809057
pep_0347,gene_070,ctrl,6h,2,41.78972586836054
pep_0347,gene_070,ctrl,6h,3,143.8862058273371
pep_0347,gene_070,ctrl,6h,4,109.14165203584066
pep_0347,gene_070,ctrl,6h,5,162.15812672616892
pep_0347,gene_070,ctrl,6h,6,119.251998888269
pep_0347,gene_070,drug,0h,1,134.72322145077538
pep_0347,gene_070,drug,0h,2,66.72579636397013
pep_0347,gene_070,drug,0h,3,65.75151455389786
pep_0347,gene_070,drug,0h,4,155.25822156641289
pep_0347,gene_070,drug,0h,5,192.58159415690156
pep_0347,gene_070,drug,0h,6,112.48009990245272
pep_0347,gene_070,drug,24h,1,81.45908859158816
pep_0347,gene_070,drug,24h,2,131.18222817926193
pep_0347,gene_070,drug,24h,3,147.42900122907946
pep_0347,gene_070,drug,24h,4,108.46764785683955
pep_0347,gene_070,drug,24h,5,119.9953266208621
pep_0347,gene_070,drug,24h,6,113.96540971775626
pep_0347,gene_070,drug,6h,1,78.04204834605805
pep_0347,gene_070,drug,6h,2,90.44246910528666
pep_0347,gene_070,drug,6h,3,125.54580923439565
pep_0347,gene_070,drug,6h,4,180.24037335623072
pep_0347,gene_070,drug,6h,5,67.13699317921197
pep_0347,gene_070,drug,6h,6,84.9228217208831
pep_0348,gene_070,ctrl,0h,1,49.448274522484446
pep_0348,gene_070,ctrl,0h,2,61.73845115850476
pep_0348,gene_070,ctrl,0h,3,75.6246390426202
pep_0348,gene_070,ctrl,0h,4,52.970858133732044
pep_0348,gene_070,ctrl,0h,5,67.36699583371718
pep_0348,gene_070,ctrl,0h,6,77.08881750428418
pep_0348,gene_070,ctrl,24h,1,52.38212657421582
pep_0348,gene_070,ctrl,24h,2,27.47610234234329
pep_0348,gene_070,ctrl,24h,3,74.15134779781395
pep_0348,gene_070,ctrl,24h,4,59.65217402628462
pep_0348,gene_070,ctrl,24h,5,86.6479592933575
pep_0348,gene_070,ctrl,24h,6,57.38080440654418
pep_0348,gene_070,ctrl,6h,1,26.92450843123953
pep_0348,gene_070,ctrl,6h,2,95.8932158059039
pep_0348,gene_070,ctrl,6h,3,63.448131659512356
pep_0348,gene_070,ctrl,6h,4,98.64993301014276
pep_0348,gene_070,ctrl,6h,5,67.92960080264572
pep_0348,gene_070,ctrl,6h,6,63.04682938493412
pep_0348,gene_070,drug,0h,1,35.99271378829657
pep_0348,gene_070,drug,0h,2,47.48098800726836
pep_0348,gene_070,drug,0h,3,41.9586369668917
pep_0348,gene_070,drug,0h,4,50.94417777820647
pep_0348,gene_070,drug,0h,5,68.88710342524469
pep_0348,gene_070,drug,0h,6,75.47751166477202
pep_0348,gene_070,drug,24h,1,26.932003471515877
pep_0348,gene_070,drug,24h,2,36.62335070931384
pep_0348,gene_070,drug,24h,3,43.68757244754775
pep_0348,gene_070,drug,24h,4,35.87243518627991
pep_0348,gene_070,drug,24h,5,37.84072534604658
pep_0348,gene_070,drug,24h,6,108.38469824440126
pep_0348,gene_070,drug,6h,1,64.69977243304344
pep_0348,gene_070,drug,6h,2,42.95294619788772
pep_0348,gene_070,drug,6h,3,83.27182298648769
pep_0348,gene_070,drug,6h,4,43.91678722984791
pep_0348,gene_070,drug,6h,5,32.96701553409316
pep_0348,gene_070,drug,6h,6,81.25365465451343
pep_0349,gene_070,ctrl,0h,1,108.51400603839484
pep_0349,gene_070,ctrl,0h,2,90.12003310384148
pep_0349,gene_070,ctrl,0h,3,91.0904413048927
pep_0349,gene_070,ctrl,0h,4,106.21605669557708
pep_0349,gene_070,ctrl,0h,5,61.22409420918586
pep_0349,gene_070,ctrl,0h,6,132.6581301381372
pep_0349,gene_070,ctrl,24h,1,77.08316334185143
pep_0349,gene_070,ctrl,24h,2,93.61000059304864
pep_0349,gene_070,ctrl,24h,3,46.65508356366381
pep_0349,gene_070,ctrl,24h,4,124.78342138973763
pep_0349,gene_070,ctrl,24h,5,154.9672639640561
pep_0349,gene_070,ctrl,24h,6,59.9407294310908
pep_0349,gene_070,ctrl,6h,1,132.52023070854355
pep_0349,gene_070,ctrl,6h,2,101.69009348676823
pep_0349,gene_070,ctrl,6h,3,61.65671592161434
pep_0349,gene_070,ctrl,6h,4,78.93104734228159
pep_0349,gene_070,ctrl,6h,5,74.12148831532305
pep_0349,gene_070,ctrl,6h,6,103.39175626345423
pep_0349,gene_070,drug,0h,1,45.94164999392911
pep_0349,gene_070,drug,0h,2,60.5173888247129
pep_0349,gene_070,drug,0h,3,59.41219103222806
pep_0349,gene_070,drug,0h,4,46.68534504076108
pep_0349,gene_070,drug,0h,5,113.77930319401482
pep_0349,gene_070,drug,0h,6,74.24407231901027
pep_0349,gene_070,drug,24h,1,71.47641280932709
pep_0349,gene_070,drug,24h,2,59.49315873689043
pep_0349,gene_070,drug,24h,3,57.35162963109526
pep_0349,gene_070,drug,24h,4,81.57044250436252
pep_0349,gene_070,drug,24h,5,91.49408550477224
pep_0349,gene_070,drug,24h,6,39.894480597428405
pep_0349,gene_070,drug,6h,1,93.93433031349294
pep_0349,gene_070,drug,6h,2,120.50537377506149
pep_0349,gene_070,drug,6h,3,46.14064326607473
pep_0349,gene_070,drug,6h,4,145.61078056695658
pep_0349,gene_070,drug,6h,5,63.12072104127804
pep_0349,gene_070,drug,6h,6,64.61716649870525
pep_0350,gene_070,ctrl,0h,1,67.95334943925097
pep_0350,gene_070,ctrl,0h,2,89.89231279802834
pep_0350,gene_070,ctrl,0h,3,88.54534666643289
pep_0350,gene_070,ctrl,0h,4,91.69530953852714
pep_0350,gene_070,ctrl,0h,5,185.12549652761632
pep_0350,gene_070,ctrl,0h,6,180.49250498444732
pep_0350,gene_070,ctrl,24h,1,162.46154960663543
pep_0350,gene_070,ctrl,24h,2,165.79987368286842
pep_0350,gene_070,ctrl,24h,3,56.03203534457649
pep_0350,gene_070,ctrl,24h,4,174.6306372194374
pep_0350,gene_070,ctrl,24h,5,160.14840368198506
pep_0350,gene_070,ctrl,24h,6,46.19789248505303
pep_0350,gene_070,ctrl,6h,1,113.96394395333657
pep_0350,gene_070,ctrl,6h,2,139.58512091402258
pep_0350,gene_070,ctrl,6h,3,93.44330996226785
pep_0350,gene_070,ctrl,6h,4,41.27210530006562
pep_0350,gene_070,ctrl,6h,5,113.43567215152089
pep_0350,gene_070,ctrl,6h,6,61.97986943745343
pep_0350,gene_070,drug,0h,1,38.560488037947906
pep_0350,gene_070,drug,0h,2,57.22928687477769
pep_0350,gene_070,drug,0h,3,196.67924036019434
pep_0350,gene_070,drug,0h,4,100.50712838199044
pep_0350,gene_070,drug,0h,5,96.9510687764041
pep_0350,gene_070,drug,0h,6,69.02300586316841
pep_0350,gene_070,drug,24h,1,134.3068853455188
pep_0350,gene_070,drug,24h,2,138.9606370801187
pep_0350,gene_070,drug,24h,3,138.02227287148807
pep_0350,gene_070,drug,24h,4,72.70794090964779
pep_0350,gene_070,drug,24h,5,63.65416134430393
pep_0350,gene_070,drug,24h,6,87.85000227348642
pep_0350,gene_070,drug,6h,1,133.3610528156893
pep_0350,gene_070,drug,6h,2,108.05886228586525
pep_0350,gene_070,drug,6h,3,73.39487814240148
pep_0350,gene_070,drug,6h,4,129.15585166163928
pep_0350,gene_070,drug,6h,5,121.91012126341909
pep_0350,gene_070,drug,6h,6,71.05737686988246
pep_0351,gene_071,ctrl,0h,1,51.15748316140325
pep_0351,gene_071,ctrl,0h,2,61.69824515340579
pep_0351,gene_071,ctrl,0h,3,54.68663170967273
pep_0351,gene_071,ctrl,0h,4,40.49302880165474
pep_0351,gene_071,ctrl,0h,5,51.38679859037292
pep_0351,gene_071,ctrl,0h,6,97.48068560615307
pep_0351,gene_071,ctrl,24h,1,82.87804314912569
pep_0351,gene_071,ctrl,24h,2,70.83060831185294
pep_0351,gene_071,ctrl,24h,3,73.06556851515033
pep_0351,gene_071,ctrl,24h,4,69.59944269577765
pep_0351,gene_071,ctrl,24h,5,50.70999607697977
pep_0351,gene_071,ctrl,24h,6,77.80557716185433
pep_0351,gene_071,ctrl,6h,1,18.326089645238714
pep_0351,gene_071,ctrl,6h,2,69.91711670448841
pep_0351,gene_071,ctrl,6h,3,65.41681738559465
pep_0351,gene_071,ctrl,6h,4,128.14524540159968
pep_0351,gene_071,ctrl,6h,5,49.74966895687741
pep_0351,gene_071,ctrl,6h,6,76.81372346811074
pep_0351,gene_071,drug,0h,1,51.761934533940824
pep_0351,gene_071,drug,0h,2,51.736266293150415
pep_0351,gene_071,drug,0h,3,57.9397657301948
pep_0351,gene_071,drug,0h,4,42.382904233244396
pep_0351,gene_071,drug,0h,5,80.62740016614005
pep_0351,gene_071,drug,0h,6,39.32820768089936
pep_0351,gene_071,drug,24h,1,88.10437295411687
pep_0351,gene_071,drug,24h,2,44.30768073378533
pep_0351,gene_071,drug,24h,3,63.52047394938681
pep_0351,gene_071,drug,24h,4,101.47985934774132
pep_0351,gene_071,drug,24h,5,118.10849485623241
pep_0351,gene_071,drug,24h,6,47.52010470788116
pep_0351,gene_071,drug,6h,1,78.91716052262734
pep_0351,gene_071,drug,6h,2,33.05153476983473
pep_0351,gene_071,drug,6h,3,96.72810810806587
pep_0351,gene_071,drug,6h,4,35.025556067651124
pep_0351,gene_071,drug,6h,5,26.997251448382464
pep_0351,gene_071,drug,6h,6,60.97326366324297
pep_0352,gene_071,ctrl,0h,1,160.05438056930635
pep_0352,gene_071,ctrl,0h,2,212.7867744543844
pep_0352,gene_071,ctrl,0h,3,97.00625097364104
pep_0352,gene_071,ctrl,0h,4,128.31494025527655
pep_0352,gene_071,ctrl,0h,5,220.59083610386935
pep_0352,gene_071,ctrl,0h,6,206.08877003229617
pep_0352,gene_071,ctrl,24h,1,228.68662011008686
pep_0352,gene_071,ctrl,24h,2,214.94787032578358
pep_0352,gene_071,ctrl,24h,3,170.88888063145433
pep_0352,gene_071,ctrl,24h,4,148.7074094843655
pep_0352,gene_071,ctrl,24h,5,167.38775945089608
pep_0352,gene_071,ctrl,24h,6,214.0957601581817
pep_0352,gene_071,ctrl,6h,1,224.0114576903129
pep_0352,gene_071,ctrl,6h,2,246.8025830853761
pep_0352,gene_071,ctrl,6h,3,307.39993939173195
pep_0352,gene_071,ctrl,6h,4,123.37667745232675
pep_0352,gene_071,ctrl,6h,5,175.1877765252407
pep_0352,gene_071,ctrl,6h,6,221.18049506811712
pep_0352,gene_071,drug,0h,1,178.3817050728064
pep_0352,gene_071,drug,0h,2,99.38248002554698
pep_0352,gene_071,drug,0h,3,106.18644532956479
pep_0352,gene_071,drug,0h,4,156.77979682568824
pep_0352,gene_071,drug,0h,5,112.30118145843407
pep_0352,gene_071,drug,0h,6,240.76179894484702
pep_0352,gene_071,drug,24h,1,189.79166723558657
pep_0352,gene_071,drug,24h,2,92.61356411085147
pep_0352,gene_071,drug,24h,3,242.55541308008196
pep_0352,gene_071,drug,24h,4,182.3699128948077
pep_0352,gene_071,drug,24h,5,140.674237608218
pep_0352,gene_071,drug,24h,6,121.58990203882617
pep_0352,gene_071,drug,6h,1,411.36655628593587
pep_0352,gene_071,drug,6h,2,292.63687690576234
pep_0352,gene_071,drug,6h,3,160.62149431080815
pep_0352,gene_071,drug,6h,4,162.09097452321538
pep_0352,gene_071,drug,6h,5,202.97094475762123
pep_0352,gene_071,drug,6h,6,74.78605176300924
pep_0353,gene_071,ctrl,0h,1,60.5738617658978
pep_0353,gene_071,ctrl,0h,2,25.81957861229164
pep_0353,gene_071,ctrl,0h,3,68.56624141348773
pep_0353,gene_071,ctrl,0h,4,63.924983392578326
pep_0353,gene_071,ctrl,0h,5,84.86126365881692
pep_0353,gene_071,ctrl,0h,6,112.85859137488009
pep_0353,gene_071,ctrl,24h,1,59.34722033424584
pep_0353,gene_071,ctrl,24h,2,125.01242306315822
pep_0353,gene_071,ctrl,24h,3,42.015810937231265
pep_0353,gene_071,ctrl,24h,4,16.032747729171312
pep_0353,gene_071,ctrl,24h,5,75.73583158697645
pep_0353,gene_071,ctrl,24h,6,30.25719003801371
pep_0353,gene_071,ctrl,6h,1,80.02610127123313
pep_0353,gene_071,ctrl,6h,2,56.04819885250352
pep_0353,gene_071,ctrl,6h,3,63.04139372306209
pep_0353,gene_071,ctrl,6h,4,72.92197817737001
pep_0353,gene_071,ctrl,6h,5,72.85220999115835
pep_0353,gene_071,ctrl,6h,6,37.73304778369197
pep_0353,gene_071,drug,0h,1,54.06037146200854
pep_0353,gene_071,drug,0h,2,68.40797050281802
pep_0353,gene_071,drug,0h,3,37.438419836779154
pep_0353,gene_071,drug,0h,4,62.54776237444516
pep_0353,gene_071,drug,0h,5,33.465318065542306
pep_0353,gene_071,drug,0h,6,62.348515004465554
pep_0353,gene_071,drug,24h,1,65.71302642841324
pep_0353,gene_071,drug,24h,2,40.114507882316545
pep_0353,gene_071,drug,24h,3,53.47099650725886
pep_0353,gene_071,drug,24h,4,78.73839448347901
pep_0353,gene_071,drug,24h,5,62.13968274160689
pep_0353,gene_071,drug,24h,6,153.61647930849506
pep_0353,gene_071,drug,6h,1,83.57379617899034
pep_0353,gene_071,drug,6h,2,73.19258416513762
pep_0353,gene_071,drug,6h,3,46.24723113462516
pep_0353,gene_071,drug,6h,4,141.28776815223907
pep_0353,gene_071,drug,6h,5,36.213207801655784
pep_0353,gene_071,drug,6h,6,100.2529647167083
pep_0354,gene_071,ctrl,0h,1,43.98656567140054
pep_0354,gene_071,ctrl,0h,2,38.422499463776795
pep_0354,gene_071,ctrl,0h,3,82.06810614410469
pep_0354,gene_071,ctrl,0h,4,83.96313658139196
pep_0354,gene_071,ctrl,0h,5,37.69632271942442
pep_0354,gene_071,ctrl,0h,6,20.362775673255904
pep_0354,gene_071,ctrl,24h,1,24.315069315309017
pep_0354,gene_071,ctrl,24h,2,97.43349173376289
pep_0354,gene_071,ctrl,24h,3,59.40962149975771
pep_0354,gene_071,ctrl,24h,4,58.85017603135331
pep_0354,gene_071,ctrl,24h,5,14.660440211408991
pep_0354,gene_071,ctrl,24h,6,68.82331855873802
pep_0354,gene_071,ctrl,6h,1,39.01821534054111
pep_0354,gene_071,ctrl,6h,2,57.13234893099864
pep_0354,gene_071,ctrl,6h,3,50.79529183552237
pep_0354,gene_071,ctrl,6h,4,58.233668434344
pep_0354,gene_071,ctrl,6h,5,63.4383100268462
pep_0354,gene_071,ctrl,6h,6,94.85344925647068
pep_0354,gene_071,drug,0h,1,57.46022768129522
pep_0354,gene_071,drug,0h,2,55.05488950662197
pep_0354,gene_071,drug,0h,3,76.50631259749086
pep_0354,gene_071,drug,0h,4,49.32332770894589
pep_0354,gene_071,drug,0h,5,53.776411115982235
pep_0354,gene_071,drug,0h,6,47.689519716228105
pep_0354,gene_071,drug,24h,1,48.32321082500659
pep_0354,gene_071,drug,24h,2,71.34226891533706
pep_0354,gene_071,drug,24h,3,37.96323072126919
pep_0354,gene_071,drug,24h,4,68.09472838436353
pep_0354,gene_071,drug,24h,5,37.10792995766121
pep_0354,gene_071,drug,24h,6,16.889491431447375
pep_0354,gene_071,drug,6h,1,20.733790636793813
pep_0354,gene_071,drug,6h,2,49.68307475493042
pep_0354,gene_071,drug,6h,3,29.480138885412504
pep_0354,gene_071,drug,6h,4,65.62175653886874
pep_0354,gene_071,drug,6h,5,54.935996673578195
pep_0354,gene_071,drug,6h,6,51.07256935412126
pep_0355,gene_071,ctrl,0h,1,177.61863062245587
pep_0355,gene_071,ctrl,0h,2,190.7972859473352
pep_0355,gene_071,ctrl,0h,3,194.56021465348076
pep_0355,gene_071,ctrl,0h,4,116.73003786834727
pep_0355,gene_071,ctrl,0h,5,272.36258753030285
pep_0355,gene_071,ctrl,0h,6,122.13146124470452
pep_0355,gene_071,ctrl,24h,1,71.84746199462751
pep_0355,gene_071,ctrl,24h,2,106.51415995685922
pep_0355,gene_071,ctrl,24h,3,167.31903139089584
pep_0355,gene_071,ctrl,24h,4,207.99509620600784
pep_0355,gene_071,ctrl,24h,5,214.74232149194083
pep_0355,gene_071,ctrl,24h,6,139.87066851350602
pep_0355,gene_071,ctrl,6h,1,140.26437827265042
pep_0355,gene_071,ctrl,6h,2,201.17175464702717
pep_0355,gene_071,ctrl,6h,3,182.54009346734819
pep_0355,gene_071,ctrl,6h,4,89.04284088829108
pep_0355,gene_071,ctrl,6h,5,159.31744479824192
pep_0355,gene_071,ctrl,6h,6,194.3412740171263
pep_0355,gene_071,drug,0h,1,117.94284394239378
pep_0355,gene_071,drug,0h,2,161.78224914628768
pep_0355,gene_071,drug,0h,3,127.4887164830811
pep_0355,gene_071,drug,0h,4,176.00484554272
pep_0355,gene_071,drug,0h,5,122.03246522243323
pep_0355,gene_071,drug,0h,6,170.01929325551774
pep_0355,gene_071,drug,24h,1,144.34015861150047
pep_0355,gene_071,drug,24h,2,65.96288733330178
pep_0355,gene_071,drug,24h,3,239.40981818044935
pep_0355,gene_071,drug,24h,4,93.5841834197945
pep_0355,gene_071,drug,24h,5,118.62629942658482
pep_0355,gene_071,drug,24h,6,242.45612733214676
pep_0355,gene_071,drug,6h,1,46.9528843058788
pep_0355,gene_071,drug,6h,2,305.9274861929016
pep_0355,gene_071,drug,6h,3,176.8760767863421
pep_0355,gene_071,drug,6h,4,161.2529228783654
pep_0355,gene_071,drug,6h,5,78.85240094904502
pep_0355,gene_071,drug,6h,6,196.27252055382613
pep_0356,gene_072,ctrl,0h,1,81.30522800250004
pep_0356,gene_072,ctrl,0h,2,58.989863767796635
pep_0356,gene_072,ctrl,0h,3,58.152998093965145
pep_0356,gene_072,ctrl,0h,4,146.37915219459438
pep_0356,gene_072,ctrl,0h,5,45.570520049087634
pep_0356,gene_072,ctrl,0h,6,135.38173294000302
pep_0356,gene_072,ctrl,24h,1,69.69923390320393
pep_0356,gene_072,ctrl,24h,2,134.9945943119999
pep_0356,gene_072,ctrl,24h,3,53.483302459276736
pep_0356,gene_072,ctrl,24h,4,92.87172986244273
pep_0356,gene_072,ctrl,24h,5,67.55510992217073
pep_0356,gene_072,ctrl,24h,6,106.11345338574367
pep_0356,gene_072,ctrl,6h,1,52.99073143045738
pep_0356,gene_072,ctrl,6h,2,69.623828882654
pep_0356,gene_072,ctrl,6h,3,72.76832444283252
pep_0356,gene_072,ctrl,6h,4,122.28184347027633
pep_0356,gene_072,ctrl,6h,5,106.35112883569265
pep_0356,gene_072,ctrl,6h,6,113.80054145826048
pep_0356,gene_072,drug,0h,1,103.61983981125606
pep_0356,gene_072,drug,0h,2,122.98081087264114
pep_0356,gene_072,drug,0h,3,125.19944003797013
pep_0356,gene_072,drug,0h,4,78.08135755186287
pep_0356,gene_072,drug,0h,5,90.78324800128084
pep_0356,gene_072,drug,0h,6,42.32587927355137
pep_0356,gene_072,drug,24h,1,98.30529385387412
pep_0356,gene_072,drug,24h,2,77.51197753057106
pep_0356,gene_072,drug,24h,3,49.74257032970577
pep_0356,gene_072,drug,24h,4,64.47048698547387
pep_0356,gene_072,drug,24h,5,91.24228180686885
pep_0356,gene_072,drug,24h,6,44.6788814831814
pep_0356,gene_072,drug,6h,1,86.56963747436967
pep_0356,gene_072,drug,6h,2,93.50864427143911
pep_0356,gene_072,drug,6h,3,59.27725183194824
pep_0356,gene_072,drug,6h,4,147.64779247990037
pep_0356,gene_072,drug,6h,5,62.22890808688673
pep_0356,gene_072,drug,6h,6,38.7630061281164
pep_0357,gene_072,ctrl,0h,1,150.36425026768802
pep_0357,gene_072,ctrl,0h,2,143.19448702641222
pep_0357,gene_072,ctrl,0h,3,110.4885515838588
pep_0357,gene_072,ctrl,0h,4,92.4354632751802
pep_0357,gene_072,ctrl,0h,5,171.36540054361456
pep_0357,gene_072,ctrl,0h,6,138.9964964351149
pep_0357,gene_072,ctrl,24h,1,90.51564449382829
pep_0357,gene_072,ctrl,24h,2,94.08744163018109
pep_0357,gene_072,ctrl,24h,3,79.98223804128101
pep_0357,gene_072,ctrl,24h,4,129.7909008215244
pep_0357,gene_072,ctrl,24h,5,115.32247590393413
pep_0357,gene_072,ctrl,24h,6,86.27776624732499
pep_0357,gene_072,ctrl,6h,1,112.93535171883264
pep_0357,gene_072,ctrl,6h,2,133.06076045781785
pep_0357,gene_072,ctrl,6h,3,79.93017661240093
pep_0357,gene_072,ctrl,6h,4,46.94619718985162
pep_0357,gene_072,ctrl,6h,5,83.93038699864958
pep_0357,gene_072,ctrl,6h,6,99.00202709124456
pep_0357,gene_072,drug,0h,1,171.06097792802186
pep_0357,gene_072,drug,0h,2,138.82817737099077
pep_0357,gene_072,drug,0h,3,115.05657074198737
pep_0357,gene_072,drug,0h,4,84.27416918252187
pep_0357,gene_072,drug,0h,5,75.58133024787729
pep_0357,gene_072,drug,0h,6,90.55656851677934
pep_0357,gene_072,drug,24h,1,86.6505787743152
pep_0357,gene_072,drug,24h,2,54.53040646373048
pep_0357,gene_072,drug,24h,3,88.63300279946249
pep_0357,gene_072,drug,24h,4,112.3343911477847
pep_0357,gene_072,drug,24h,5,75.51147881416439
pep_0357,gene_072,drug,24h,6,117.91116353796247
pep_0357,gene_072,drug,6h,1,79.76998846855967
pep_0357,gene_072,drug,6h,2,75.27007297670029
pep_0357,gene_072,drug,6h,3,120.67585520122931
pep_0357,gene_072,drug,6h,4,90.33789112217042
pep_0357,gene_072,drug,6h,5,115.61588270245679
pep_0357,gene_072,drug,6h,6,92.5565533036875
pep_0358,gene_072,ctrl,0h,1,35.06120843348539
pep_0358,gene_072,ctrl,0h,2,42.46406220408781
pep_0358,gene_072,ctrl,0h,3,34.23656691388651
pep_0358,gene_072,ctrl,0h,4,56.96178996920007
pep_0358,gene_072,ctrl,0h,5,66.07464935328667
pep_0358,gene_072,ctrl,0h,6,20.20941121534627
pep_0358,gene_072,ctrl,24h,1,18.258017478096193
pep_0358,gene_072,ctrl,24h,2,54.23687867034897
pep_0358,gene_072,ctrl,24h,3,50.38035988876443
pep_0358,gene_072,ctrl,24h,4,21.824319678600418
pep_0358,gene_072,ctrl,24h,5,77.64497514231736
pep_0358,gene_072,ctrl,24h,6,66.62789102923716
pep_0358,gene_072,ctrl,6h,1,82.70083830414457
pep_0358,gene_072,ctrl,6h,2,86.86029263542649
pep_0358,gene_072,ctrl,6h,3,72.90117227622073
pep_0358,gene_072,ctrl,6h,4,47.54551296097978
pep_0358,gene_072,ctrl,6h,5,43.92992097264248
pep_0358,gene_072,ctrl,6h,6,59.454536232166994
pep_0358,gene_072,drug,0h,1,51.57613011707493
pep_0358,gene_072,drug,0h,2,27.7199115806675
pep_0358,gene_072,drug,0h,3,56.49724245592186
pep_0358,gene_072,drug,0h,4,82.06700653380626
pep_0358,gene_072,drug,0h,5,43.441552240583114
pep_0358,gene_072,drug,0h,6,38.36863592527654
pep_0358,gene_072,drug,24h,1,17.839509999289387
pep_0358,gene_072,drug,24h,2,53.19561299823278
pep_0358,gene_072,drug,24h,3,12.112451744001934
pep_0358,gene_072,drug,24h,4,23.233982289351683
pep_0358,gene_072,drug,24h,5,20.661717184739597
pep_0358,gene_072,drug,24h,6,105.89961612750803
pep_0358,gene_072,drug,6h,1,68.47901258575068
pep_0358,gene_072,drug,6h,2,22.927798645734438
pep_0358,gene_072,drug,6h,3,29.533030669028605
pep_0358,gene_072,drug,6h,4,39.2531897215183
pep_0358,gene_072,drug,6h,5,33.29871396176329
pep_0358,gene_072,drug,6h,6,32.440319399850985
pep_0359,gene_072,ctrl,0h,1,78.97502316440634
pep_0359,gene_072,ctrl,0h,2,84.95358003283954
pep_0359,gene_072,ctrl,0h,3,103.21626259161212
pep_0359,gene_072,ctrl,0h,4,110.15082353687379
pep_0359,gene_072,ctrl,0h,5,79.31765009650917
pep_0359,gene_072,ctrl,0h,6,90.07897065772158
pep_0359,gene_072,ctrl,24h,1,146.43138317531296
pep_0359,gene_072,ctrl,24h,2,74.35200522493312
pep_0359,gene_072,ctrl,24h,3,120.31188349668015
pep_0359,gene_072,ctrl,24h,4,95.91738809151447
pep_0359,gene_072,ctrl,24h,5,52.696955289903585
pep_0359,gene_072,ctrl,24h,6,35.09022951455283
pep_0359,gene_072,ctrl,6h,1,86.87706720647427
pep_0359,gene_072,ctrl,6h,2,43.2331986028804
pep_0359,gene_072,ctrl,6h,3,74.38844377710875
pep_0359,gene_072,ctrl,6h,4,121.96798532597745
pep_0359,gene_072,ctrl,6h,5,168.66461390262523
pep_0359,gene_072,ctrl,6h,6,107.48128922852666
pep_0359,gene_072,drug,0h,1,117.79850697265319
pep_0359,gene_072,drug,0h,2,86.63879426886052
pep_0359,gene_072,drug,0h,3,86.75923702280868
pep_0359,gene_072,drug,0h,4,135.74549415724215
pep_0359,gene_072,drug,0h,5,92.56656877121978
pep_0359,gene_072,drug,0h,6,135.2884152836496
pep_0359,gene_072,drug,24h,1,60.17784842411674
pep_0359,gene_072,drug,24h,2,68.02207175071136
pep_0359,gene_072,drug,24h,3,43.117734545030515
pep_0359,gene_072,drug,24h,4,122.3713035533421
pep_0359,gene_072,drug,24h,5,105.16987988919071
pep_0359,gene_072,drug,24h,6,174.56502554087885
pep_0359,gene_072,drug,6h,1,62.229728630659004
pep_0359,gene_072,drug,6h,2,115.67915050048728
pep_0359,gene_072,drug,6h,3,125.31142837642854
pep_0359,gene_072,drug,6h,4,98.08929993834367
pep_0359,gene_072,drug,6h,5,156.74555978209733
pep_0359,gene_072,drug,6h,6,119.54152493499733
pep_0360,gene_072,ctrl,0h,1,168.0860731522007
pep_0360,gene_072,ctrl,0h,2,112.71334197558394
pep_0360,gene_072,ctrl,0h,3,96.38290249455451
pep_0360,gene_072,ctrl,0h,4,83.98124268522365
pep_0360,gene_072,ctrl,0h,5,81.99412909258719
pep_0360,gene_072,ctrl,0h,6,100.54090573923081
pep_0360,gene_072,ctrl,24h,1,67.73735067295206
pep_0360,gene_072,ctrl,24h,2,81.99306958790906
pep_0360,gene_072,ctrl,24h,3,127.47298683600823
pep_0360,gene_072,ctrl,24h,4,177.45085948695248
pep_0360,gene_072,ctrl,24h,5,95.83874855809054
pep_0360,gene_072,ctrl,24h,6,152.7125474043394
pep_0360,gene_072,ctrl,6h,1,57.15342362044851
pep_0360,gene_072,ctrl,6h,2,97.90479333942159
pep_0360,gene_072,ctrl,6h,3,121.57585763089881
pep_0360,gene_072,ctrl,6h,4,59.36847646777813
pep_0360,gene_072,ctrl,6h,5,100.79651404135524
pep_0360,gene_072,ctrl,6h,6,50.43955826524703
pep_0360,gene_072,drug,0h,1,71.30588675125102
pep_0360,gene_072,drug,0h,2,101.27970074883837
pep_0360,gene_072,drug,0h,3,140.11055118969665
pep_0360,gene_072,drug,0h,4,126.88541425288952
pep_0360,gene_072,drug,0h,5,43.690065896944105
pep_0360,gene_072,drug,0h,6,120.17346349845585
pep_0360,gene_072,drug,24h,1,71.9600856668485
pep_0360,gene_072,drug,24h,2,133.12160964656098
pep_0360,gene_072,drug,24h,3,127.92446702698797
pep_0360,gene_072,drug,24h,4,123.74401107238444
pep_0360,gene_072,drug,24h,5,110.97133724954966
pep_0360,gene_072,drug,24h,6,48.672574409376665
pep_0360,gene_072,drug,6h,1,87.02333230358872
pep_0360,gene_072,drug,6h,2,33.75038692663244
pep_0360,gene_072,drug,6h,3,102.11124981178548
pep_0360,gene_072,drug,6h,4,115.74819918184042
pep_0360,gene_072,drug,6h,5,114.03620810921514
pep_0360,gene_072,drug,6h,6,205.34481094564285
pep_0361,gene_073,ctrl,0h,1,101.05152058938954
pep_0361,gene_073,ctrl,0h,2,43.92024868603084
pep_0361,gene_073,ctrl,0h,3,79.8339761396864
pep_0361,gene_073,ctrl,0h,4,68.72406412977067
pep_0361,gene_073,ctrl,0h,5,82.27197255689971
pep_0361,gene_073,ctrl,0h,6,139.26138966027534
pep_0361,gene_073,ctrl,24h,1,74.19611383598698
pep_0361,gene_073,ctrl,24h,2,90.14732640489507
pep_0361,gene_073,ctrl,24h,3,90.73976289437576
pep_0361,gene_073,ctrl,24h,4,116.50886234184716
pep_0361,gene_073,ctrl,24h,5,105.34934336303567
pep_0361,gene_073,ctrl,24h,6,102.99694288776477
pep_0361,gene_073,ctrl,6h,1,31.011579056390676
pep_0361,gene_073,ctrl,6h,2,106.63067845211356
pep_0361,gene_073,ctrl,6h,3,69.82076692789848
pep_0361,gene_073,ctrl,6h,4,51.1803088933877
pep_0361,gene_073,ctrl,6h,5,43.12334963138437
pep_0361,gene_073,ctrl,6h,6,75.80615899662719
pep_0361,gene_073,drug,0h,1,62.069751255750376
pep_0361,gene_073,drug,0h,2,62.00965779878862
pep_0361,gene_073,drug,0h,3,62.642645564913195
pep_0361,gene_073,drug,0h,4,111.09033916092821
pep_0361,gene_073,drug,0h,5,35.57474983819893
pep_0361,gene_073,drug,0h,6,67.6250261553875
pep_0361,gene_073,drug,24h,1,53.272512321331185
pep_0361,gene_073,drug,24h,2,98.85624607355831
pep_0361,gene_073,drug,24h,3,87.73416697090687
pep_0361,gene_073,drug,24h,4,58.702900267372634
pep_0361,gene_073,drug,24h,5,62.854790062369815
pep_0361,gene_073,drug,24h,6,176.43814223631435
pep_0361,gene_073,drug,6h,1,59.0023252571991
pep_0361,gene_073,drug,6h,2,52.96216286198653
pep_0361,gene_073,drug,6h,3,100.07427076024503
pep_0361,gene_073,drug,6h,4,75.43893610338222
pep_0361,gene_073,drug,6h,5,60.429099412577024
pep_0361,gene_073,drug,6h,6,122.5457826216339
pep_0362,gene_073,ctrl,0h,1,87.00764817074769
pep_0362,gene_073,ctrl,0h,2,71.83931840710352
pep_0362,gene_073,ctrl,0h,3,74.84098373737952
pep_0362,gene_073,ctrl,0h,4,55.712839952994194
pep_0362,gene_073,ctrl,0h,5,110.26680122177125
pep_0362,gene_073,ctrl,0h,6,85.80677535455095
pep_0362,gene_073,ctrl,24h,1,27.686191239911945
pep_0362,gene_073,ctrl,24h,2,98.33532867852264
pep_0362,gene_073,ctrl,24h,3,89.98311608374694
pep_0362,gene_073,ctrl,24h,4,63.84177316516212
pep_0362,gene_073,ctrl,24h,5,59.40815014522385
pep_0362,gene_073,ctrl,24h,6,148.72216299929275
pep_0362,gene_073,ctrl,6h,1,22.20985060943404
pep_0362,gene_073,ctrl,6h,2,39.321445676984155
pep_0362,gene_073,ctrl,6h,3,41.24268533963766
pep_0362,gene_073,ctrl,6h,4,113.41420433345424
pep_0362,gene_073,ctrl,6h,5,59.70706526498338
pep_0362,gene_073,ctrl,6h,6,73.27889181224276
pep_0362,gene_073,drug,0h,1,87.78581184872468
pep_0362,gene_073,drug,0h,2,70.50261756469176
pep_0362,gene_073,drug,0h,3,103.78982309999331
pep_0362,gene_073,drug,0h,4,68.03126898919056
pep_0362,gene_073,drug,0h,5,62.47159445082981
pep_0362,gene_073,drug,0h,6,67.76267116892824
pep_0362,gene_073,drug,24h,1,62.705994355507485
pep_0362,gene_073,drug,24h,2,48.321820168685605
pep_0362,gene_073,drug,24h,3,45.401300710280665
pep_0362,gene_073,drug,24h,4,118.5561296348018
pep_0362,gene_073,drug,24h,5,47.56560157028698
pep_0362,gene_073,drug,24h,6,80.33279870665397
pep_0362,gene_073,drug,6h,1,70.09426513384929
pep_0362,gene_073,drug,6h,2,109.20784411627619
pep_0362,gene_073,drug,6h,3,84.24726776750538
pep_0362,gene_073,drug,6h,4,60.358667674925435
pep_0362,gene_073,drug,6h,5,109.23533154902177
pep_0362,gene_073,drug,6h,6,59.809627735086465
pep_0363,gene_073,ctrl,0h,1,78.13174674937298
pep_0363,gene_073,ctrl,0h,2,81.35340946528386
pep_0363,gene_073,ctrl,0h,3,84.04194040882464
pep_0363,gene_073,ctrl,0h,4,145.79826634628213
pep_0363,gene_073,ctrl,0h,5,67.48531603259102
pep_0363,gene_073,ctrl,0h,6,87.9841727711843
pep_0363,gene_073,ctrl,24h,1,85.6984307657428
pep_0363,gene_073,ctrl,24h,2,51.36298246878585
pep_0363,gene_073,ctrl,24h,3,75.33318353697064
pep_0363,gene_073,ctrl,24h,4,89.0102778492546
pep_0363,gene_073,ctrl,24h,5,69.33237566451224
pep_0363,gene_073,ctrl,24h,6,110.38420874946603
pep_0363,gene_073,ctrl,6h,1,111.08572755003036
pep_0363,gene_073,ctrl,6h,2,65.58126312860492
pep_0363,gene_073,ctrl,6h,3,134.2233221027649
pep_0363,gene_073,ctrl,6h,4,76.42310755556538
pep_0363,gene_073,ctrl,6h,5,120.00223273640741
pep_0363,gene_073,ctrl,6h,6,65.65081148001387
pep_0363,gene_073,drug,0h,1,92.89739378174835
pep_0363,gene_073,drug,0h,2,57.927861965359995
pep_0363,gene_073,drug,0h,3,83.56365509761282
pep_0363,gene_073,drug,0h,4,118.54433071367372
pep_0363,gene_073,drug,0h,5,63.33495828468885
pep_0363,gene_073,drug,0h,6,87.84722388143686
pep_0363,gene_073,drug,24h,1,61.214634043013106
pep_0363,gene_073,drug,24h,2,78.00923876416802
pep_0363,gene_073,drug,24h,3,53.199857722098194
pep_0363,gene_073,drug,24h,4,134.17463412940324
pep_0363,gene_073,drug,24h,5,80.19937156258445
pep_0363,gene_073,drug,24h,6,89.69470200064418
pep_0363,gene_073,drug,6h,1,119.88967713544248
pep_0363,gene_073,drug,6h,2,109.75870884627574
pep_0363,gene_073,drug,6h,3,56.43416554553657
pep_0363,gene_073,drug,6h,4,89.76751644564845
pep_0363,gene_073,drug,6h,5,124.15457219997901
pep_0363,gene_073,drug,6h,6,72.98587974027059
pep_0364,gene_073,ctrl,0h,1,45.70506874828951
pep_0364,gene_073,ctrl,0h,2,49.57757275450667
pep_0364,gene_073,ctrl,0h,3,73.54496919681283
pep_0364,gene_073,ctrl,0h,4,78.44986476096882
pep_0364,gene_073,ctrl,0h,5,59.2841713230714
pep_0364,gene_073,ctrl,0h,6,44.138973229022156
pep_0364,gene_073,ctrl,24h,1,77.00904523096091
pep_0364,gene_073,ctrl,24h,2,92.49770691827574
pep_0364,gene_073,ctrl,24h,3,59.48065630980322
pep_0364,gene_073,ctrl,24h,4,141.7777679771551
pep_0364,gene_073,ctrl,24h,5,107.34288951202579
pep_0364,gene_073,ctrl,24h,6,45.15046306229899
pep_0364,gene_073,ctrl,6h,1,46.69327282277023
pep_0364,gene_073,ctrl,6h,2,145.15075127010633
pep_0364,gene_073,ctrl,6h,3,124.66114104394931
pep_0364,gene_073,ctrl,6h,4,30.29246233496375
pep_0364,gene_073,ctrl,6h,5,46.3949165286892
pep_0364,gene_073,ctrl,6h,6,44.20573023124366
pep_0364,gene_073,drug,0h,1,111.22246941219933
pep_0364,gene_073,drug,0h,2,91.62863559612757
pep_0364,gene_073,drug,0h,3,50.916391780132855
pep_0364,gene_073,drug,0h,4,111.72698422446061
pep_0364,gene_073,drug,0h,5,31.864817751804512
pep_0364,gene_073,drug,0h,6,97.18138293359321
pep_0364,gene_073,drug,24h,1,48.30461858175071
pep_0364,gene_073,drug,24h,2,91.59875629260121
pep_0364,gene_073,drug,24h,3,37.92464153832851
pep_0364,gene_073,drug,24h,4,35.99357472770449
pep_0364,gene_073,drug,24h,5,60.27973974706457
pep_0364,gene_073,drug,24h,6,50.921691928470196
pep_0364,gene_073,drug,6h,1,119.02855859085255
pep_0364,gene_073,drug,6h,2,23.207439420058257
pep_0364,gene_073,drug,6h,3,87.0667922254579
pep_0364,gene_073,drug,6h,4,63.45947177496616
pep_0364,gene_073,drug,6h,5,91.3985481288314
pep_0364,gene_073,drug,6h,6,63.84480532364153
pep_0365,gene_073,ctrl,0h,1,48.41517519246989
pep_0365,gene_073,ctrl,0h,2,47.18627335134527
pep_0365,gene_073,ctrl,0h,3,64.36560464068707
pep_0365,gene_073,ctrl,0h,4,55.526818429232435
pep_0365,gene_073,ctrl,0h,5,65.42253040542495
pep_0365,gene_073,ctrl,0h,6,99.35067204183187
pep_0365,gene_073,ctrl,24h,1,89.61984722339994
pep_0365,gene_073,ctrl,24h,2,127.62859521678052
pep_0365,gene_073,ctrl,24h,3,68.56679948720678
pep_0365,gene_073,ctrl,24h,4,114.4025002429862
pep_0365,gene_073,ctrl,24h,5,57.89747331503781
pep_0365,gene_073,ctrl,24h,6,45.23907591729899
pep_0365,gene_073,ctrl,6h,1,90.05059917907309
pep_0365,gene_073,ctrl,6h,2,67.19208849831497
pep_0365,gene_073,ctrl,6h,3,88.31358633094281
pep_0365,gene_073,ctrl,6h,4,56.67466072842097
pep_0365,gene_073,ctrl,6h,5,74.74044991244473
pep_0365,gene_073,ctrl,6h,6,101.2022029172867
pep_0365,gene_073,drug,0h,1,44.138115188518654
pep_0365,gene_073,drug,0h,2,56.58161194440809
pep_0365,gene_073,drug,0h,3,28.594849988714394
pep_0365,gene_073,drug,0h,4,45.033430446588426
pep_0365,gene_073,drug,0h,5,52.6074377534317
pep_0365,gene_073,drug,0h,6,113.55054610866286
pep_0365,gene_073,drug,24h,1,87.3224897742517
pep_0365,gene_073,drug,24h,2,105.27720582738533
pep_0365,gene_073,drug,24h,3,58.82187544783968
pep_0365,gene_073,drug,24h,4,54.37438301489976
pep_0365,gene_073,drug,24h,5,47.20756948244157
pep_0365,gene_073,drug,24h,6,58.58999894645839
pep_0365,gene_073,drug,6h,1,54.04270831891498
pep_0365,gene_073,drug,6h,2,53.1272610199282
pep_0365,gene_073,drug,6h,3,47.06788658364232
pep_0365,gene_073,drug,6h,4,47.30430070344285
pep_0365,gene_073,drug,6h,5,49.88712330011608
pep_0365,gene_073,drug,6h,6,51.366510243905665
pep_0366,gene_074,ctrl,0h,1,31.87902254205807
pep_0366,gene_074,ctrl,0h,2,54.84539159641298
pep_0366,gene_074,ctrl,0h,3,58.49406251812876
pep_0366,gene_074,ctrl,0h,4,55.09891243509567
pep_0366,gene_074,ctrl,0h,5,58.47362153774362
pep_0366,gene_074,ctrl,0h,6,71.84109260076058
pep_0366,gene_074,ctrl,24h,1,64.65834093659707
pep_0366,gene_074,ctrl,24h,2,27.362635518952228
pep_0366,gene_074,ctrl,24h,3,51.66356714338319
pep_0366,gene_074,ctrl,24h,4,61.08476963436453
pep_0366,gene_074,ctrl,24h,5,96.08132564270846
pep_0366,gene_074,ctrl,24h,6,68.44186774641909
pep_0366,gene_074,ctrl,6h,1,66.56631562368845
pep_0366,gene_074,ctrl,6h,2,21.857094458303493
pep_0366,gene_074,ctrl,6h,3,31.111628780204075
pep_0366,gene_074,ctrl,6h,4,54.86592492366219
pep_0366,gene_074,ctrl,6h,5,78.72983037356714
pep_0366,gene_074,ctrl,6h,6,52.772236044637566
pep_0366,gene_074,drug,0h,1,27.683180143874768
pep_0366,gene_074,drug,0h,2,26.29722994495373
pep_0366,gene_074,drug,0h,3,63.66008515426489
pep_0366,gene_074,drug,0h,4,16.505959266884354
pep_0366,gene_074,drug,0h,5,51.89800097565111
pep_0366,gene_074,drug,0h,6,60.66348984870154
pep_0366,gene_074,drug,24h,1,55.61852703158621
pep_0366,gene_074,drug,24h,2,23.73623856119749
pep_0366,gene_074,drug,24h,3,79.97664895244286
pep_0366,gene_074,drug,24h,4,64.92796123042194
pep_0366,gene_074,drug,24h,5,87.00476175760814
pep_0366,gene_074,drug,24h,6,54.52208262534571
pep_0366,gene_074,drug,6h,1,64.72379862536097
pep_0366,gene_074,drug,6h,2,58.93553737146558
pep_0366,gene_074,drug,6h,3,26.673892825231682
pep_0366,gene_074,drug,6h,4,112.15467227792686
pep_0366,gene_074,drug,6h,5,54.56158667883148
pep_0366,gene_074,drug,6h,6,64.56428262735956
pep_0367,gene_074,ctrl,0h,1,140.06532330600191
pep_0367,gene_074,ctrl,0h,2,74.32146948888996
pep_0367,gene_074,ctrl,0h,3,118.87638396977133
pep_0367,gene_074,ctrl,0h,4,63.70319212954764
pep_0367,gene_074,ctrl,0h,5,71.66028895654352
pep_0367,gene_074,ctrl,0h,6,94.84450548851201
pep_0367,gene_074,ctrl,24h,1,107.74996307275111
pep_0367,gene_074,ctrl,24h,2,170.3828685506143
pep_0367,gene_074,ctrl,24h,3,105.95311255060936
pep_0367,gene_074,ctrl,24h,4,145.0615896067917
pep_0367,gene_074,ctrl,24h,5,119.42586205867978
pep_0367,gene_074,ctrl,24h,6,95.00447633828766
pep_0367,gene_074,ctrl,6h,1,111.71434929464593
pep_0367,gene_074,ctrl,6h,2,53.388856920471284
pep_0367,gene_074,ctrl,6h,3,140.65102397117732
pep_0367,gene_074,ctrl,6h,4,129.11169016629145
pep_0367,gene_074,ctrl,6h,5,39.036031118353726
pep_0367,gene_074,ctrl,6h,6,79.64241505713939
pep_0367,gene_074,drug,0h,1,66.56332599994997
pep_0367,gene_074,drug,0h,2,115.14873798737179
pep_0367,gene_074,drug,0h,3,95.67635195129735
pep_0367,gene_074,drug,0h,4,154.25204779316894
pep_0367,gene_074,drug,0h,5,125.75784458125486
pep_0367,gene_074,drug,0h,6,68.25846067398865
pep_0367,gene_074,drug,24h,1,143.3424325408666
pep_0367,gene_074,drug,24h,2,86.41079971532302
pep_0367,gene_074,drug,24h,3,174.76829799936093
pep_0367,gene_074,drug,24h,4,117.52843378130987
pep_0367,gene_074,drug,24h,5,97.85676776522739
pep_0367,gene_074,drug,24h,6,119.3363636169144
pep_0367,gene_074,drug,6h,1,145.36999735302322
pep_0367,gene_074,drug,6h,2,124.11080438971688
pep_0367,gene_074,drug,6h,3,75.27198711514941
pep_0367,gene_074,drug,6h,4,168.90736686921767
pep_0367,gene_074,drug,6h,5,39.03046135913819
pep_0367,gene_074,drug,6h,6,88.63953886525711
pep_0368,gene_074,ctrl,0h,1,113.38248228898834
pep_0368,gene_074,ctrl,0h,2,103.00520026682888
pep_0368,gene_074,ctrl,0h,3,169.69111705202693
pep_0368,gene_074,ctrl,0h,4,105.64840298292596
pep_0368,gene_074,ctrl,0h,5,95.9524037490557
pep_0368,gene_074,ctrl,0h,6,101.48380291693849
pep_0368,gene_074,ctrl,24h,1,118.67749097144237
pep_0368,gene_074,ctrl,24h,2,184.4517047327572
pep_0368,gene_074,ctrl,24h,3,159.3873536849622
pep_0368,gene_074,ctrl,24h,4,86.19178297955034
pep_0368,gene_074,ctrl,24h,5,125.52382328902013
pep_0368,gene_074,ctrl,24h,6,103.93604240635605
pep_0368,gene_074,ctrl,6h,1,178.79275638985052
pep_0368,gene_074,ctrl,6h,2,114.31105805135583
pep_0368,gene_074,ctrl,6h,3,106.4755494319283
pep_0368,gene_074,ctrl,6h,4,212.96545748878364
pep_0368,gene_074,ctrl,6h,5,129.48881483297902
pep_0368,gene_074,ctrl,6h,6,186.16156725436835
pep_0368,gene_074,drug,0h,1,44.803066526979876
pep_0368,gene_074,drug,0h,2,185.6572291764578
pep_0368,gene_074,drug,0h,3,109.14675116710406
pep_0368,gene_074,drug,0h,4,148.9213921320125
pep_0368,gene_074,drug,0h,5,98.75228239592562
pep_0368,gene_074,drug,0h,6,129.8684775790299
pep_0368,gene_074,drug,24h,1,121.86447689421027
pep_0368,gene_074,drug,24h,2,78.33186873833459
pep_0368,gene_074,drug,24h,3,80.17991629838166
pep_0368,gene_074,drug,24h,4,140.99110405964336
pep_0368,gene_074,drug,24h,5,95.88866759274173
pep_0368,gene_074,drug,24h,6,188.43127594305616
pep_0368,gene_074,drug,6h,1,118.11831257735642
pep_0368,gene_074,drug,6h,2,99.58870317871938
pep_0368,gene_074,drug,6h,3,188.7390839385979
pep_0368,gene_074,drug,6h,4,96.69287577856366
pep_0368,gene_074,drug,6h,5,169.47473367007478
pep_0368,gene_074,drug,6h,6,150.31933300299377
pep_0369,gene_074,ctrl,0h,1,57.61023938072208
pep_0369,gene_074,ctrl,0h,2,57.543331943588605
pep_0369,gene_074,ctrl,0h,3,78.17127414683186
pep_0369,gene_074,ctrl,0h,4,81.67969069852772
pep_0369,gene_074,ctrl,0h,5,52.12445501530979
pep_0369,gene_074,ctrl,0h,6,70.21219093719505
pep_0369,gene_074,ctrl,24h,1,82.7322277356075
pep_0369,gene_074,ctrl,24h,2,46.92562681889269
pep_0369,gene_074,ctrl,24h,3,50.33580294339657
pep_0369,gene_074,ctrl,24h,4,95.59196487028233
pep_0369,gene_074,ctrl,24h,5,88.96162891150584
pep_0369,gene_074,ctrl,24h,6,81.8553501609863
pep_0369,gene_074,ctrl,6h,1,64.36981841659585
pep_0369,gene_074,ctrl,6h,2,63.02858928473384
pep_0369,gene_074,ctrl,6h,3,66.67080606700381
pep_0369,gene_074,ctrl,6h,4,45.2626884709332
pep_0369,gene_074,ctrl,6h,5,78.15763189229217
pep_0369,gene_074,ctrl,6h,6,50.854430579003406
pep_0369,gene_074,drug,0h,1,34.62101246955829
pep_0369,gene_074,drug,0h,2,86.30278007587825
pep_0369,gene_074,drug,0h,3,57.54859592179275
pep_0369,gene_074,drug,0h,4,104.57002648026342
pep_0369,gene_074,drug,0h,5,72.60240624751644
pep_0369,gene_074,drug,0h,6,100.58951928118738
pep_0369,gene_074,drug,24h,1,60.55751143312092
pep_0369,gene_074,drug,24h,2,72.19259823182917
pep_0369,gene_074,drug,24h,3,81.78672633671579
pep_0369,gene_074,drug,24h,4,84.91010749677982
pep_0369,gene_074,drug,24h,5,61.362928637987444
pep_0369,gene_074,drug,24h,6,82.12254475729063
pep_0369,gene_074,drug,6h,1,88.33882810469105
pep_0369,gene_074,drug,6h,2,109.246818800897
pep_0369,gene_074,drug,6h,3,43.60444673670301
pep_0369,gene_074,drug,6h,4,51.72987417480759
pep_0369,gene_074,drug,6h,5,117.8515054098809
pep_0369,gene_074,drug,6h,6,85.73689919861722
pep_0370,gene_074,ctrl,0h,1,54.04065260512313
pep_0370,gene_074,ctrl,0h,2,154.8054084530233
pep_0370,gene_074,ctrl,0h,3,74.48907381785604
pep_0370,gene_074,ctrl,0h,4,72.64106159265796
pep_0370,gene_074,ctrl,0h,5,71.19797098830736
pep_0370,gene_074,ctrl,0h,6,67.28002681749062
pep_0370,gene_074,ctrl,24h,1,90.1115900655762
pep_0370,gene_074,ctrl,24h,2,148.86570366761677
pep_0370,gene_074,ctrl,24h,3,96.73908277315725
pep_0370,gene_074,ctrl,24h,4,164.47775889064297
pep_0370,gene_074,ctrl,24h,5,77.18067206660632
pep_0370,gene_074,ctrl,24h,6,54.60694590870832
pep_0370,gene_074,ctrl,6h,1,74.1884688419852
pep_0370,gene_074,ctrl,6h,2,72.9062624989098
pep_0370,gene_074,ctrl,6h,3,55.57868850942804
pep_0370,gene_074,ctrl,6h,4,136.68701585939667
pep_0370,gene_074,ctrl,6h,5,111.2758714567789
pep_0370,gene_074,ctrl,6h,6,127.4357196006201
pep_0370,gene_074,drug,0h,1,80.78505159681492
pep_0370,gene_074,drug,0h,2,57.98545923380688
pep_0370,gene_074,drug,0h,3,164.55034408824233
pep_0370,gene_074,drug,0h,4,87.05623777557896
pep_0370,gene_074,drug,0h,5,147.25081755380882
pep_0370,gene_074,drug,0h,6,70.49256742226352
pep_0370,gene_074,drug,24h,1,122.24623994678038
pep_0370,gene_074,drug,24h,2,112.22233328184385
pep_0370,gene_074,drug,24h,3,87.4692231648499
pep_0370,gene_074,drug,24h,4,91.85895204122785
pep_0370,gene_074,drug,24h,5,185.73623651482305
pep_0370,gene_074,drug,24h,6,105.60053367932268
pep_0370,gene_074,drug,6h,1,61.185535328751236
pep_0370,gene_074,drug,6h,2,117.35980293627436
pep_0370,gene_074,drug,6h,3,95.78319726097322
pep_0370,gene_074,drug,6h,4,90.74875456139846
pep_0370,gene_074,drug,6h,5,86.23979338538031
pep_0370,gene_074,drug,6h,6,144.71080791690989
pep_0371,gene_075,ctrl,0h,1,180.63978398077234
pep_0371,gene_075,ctrl,0h,2,133.46242842863444
pep_0371,gene_075,ctrl,0h,3,92.5521408929624
pep_0371,gene_075,ctrl,0h,4,146.6910315444255
pep_0371,gene_075,ctrl,0h,5,183.25135695377801
pep_0371,gene_075,ctrl,0h,6,258.40246350203927
pep_0371,gene_075,ctrl,24h,1,138.92563899279185
pep_0371,gene_075,ctrl,24h,2,172.46069293021122
pep_0371,gene_075,ctrl,24h,3,201.71026721870183
pep_0371,gene_075,ctrl,24h,4,243.0304211178278
pep_0371,gene_075,ctrl,24h,5,74.41502213858435
pep_0371,gene_075,ctrl,24h,6,95.12921185696838
pep_0371,gene_075,ctrl,6h,1,204.88264234073938
pep_0371,gene_075,ctrl,6h,2,258.61556373981574
pep_0371,gene_075,ctrl,6h,3,213.7642597164373
pep_0371,gene_075,ctrl,6h,4,145.30028745965882
pep_0371,gene_075,ctrl,6h,5,167.22429792107906
pep_0371,gene_075,ctrl,6h,6,276.56003432035044
pep_0371,gene_075,drug,0h,1,278.16069350428444
pep_0371,gene_075,drug,0h,2,127.73824363214386
pep_0371,gene_075,drug,0h,3,140.06792585758984
pep_0371,gene_075,drug,0h,4,113.42752684447831
pep_0371,gene_075,drug,0h,5,122.44505963589107
pep_0371,gene_075,drug,0h,6,178.94162618803185
pep_0371,gene_075,drug,24h,1,182.97205566610796
pep_0371,gene_075,drug,24h,2,128.3828999706118
pep_0371,gene_075,drug,24h,3,183.9985197903278
pep_0371,gene_075,drug,24h,4,197.7469099427271
pep_0371,gene_075,drug,24h,5,170.55992747086574
pep_0371,gene_075,drug,24h,6,181.92568813178184
pep_0371,gene_075,drug,6h,1,200.5297808909384
pep_0371,gene_075,drug,6h,2,115.40000956670329
pep_0371,gene_075,drug,6h,3,275.0318682911465
pep_0371,gene_075,drug,6h,4,134.91496394381238
pep_0371,gene_075,drug,6h,5,121.84807322269992
pep_0371,gene_075,drug,6h,6,180.268558082216
pep_0372,gene_075,ctrl,0h,1,66.18705062126118
pep_0372,gene_075,ctrl,0h,2,76.9404332301773
pep_0372,gene_075,ctrl,0h,3,61.75364083714477
pep_0372,gene_075,ctrl,0h,4,48.182347601369
pep_0372,gene_075,ctrl,0h,5,62.36489285250173
pep_0372,gene_075,ctrl,0h,6,60.313190834364896
pep_0372,gene_075,ctrl,24h,1,91.28766774647487
pep_0372,gene_075,ctrl,24h,2,72.92615210417222
pep_0372,gene_075,ctrl,24h,3,38.21114118643913
pep_0372,gene_075,ctrl,24h,4,53.58948340701391
pep_0372,gene_075,ctrl,24h,5,71.40255074117667
pep_0372,gene_075,ctrl,24h,6,88.60195265444541
pep_0372,gene_075,ctrl,6h,1,48.48702252934634
pep_0372,gene_075,ctrl,6h,2,110.64040372056611
pep_0372,gene_075,ctrl,6h,3,53.56401850351578
pep_0372,gene_075,ctrl,6h,4,70.65008629980765
pep_0372,gene_075,ctrl,6h,5,65.8602345631123
pep_0372,gene_075,ctrl,6h,6,39.689152918428874
pep_0372,gene_075,drug,0h,1,75.60053613248485
pep_0372,gene_075,drug,0h,2,45.076447761146376
pep_0372,gene_075,drug,0h,3,74.57376026549257
pep_0372,gene_075,drug,0h,4,45.53325096901759
pep_0372,gene_075,drug,0h,5,39.57621377319983
pep_0372,gene_075,drug,0h,6,51.590238671269624
pep_0372,gene_075,drug,24h,1,120.23805687672936
pep_0372,gene_075,drug,24h,2,41.336817320037845
pep_0372,gene_075,drug,24h,3,74.97717188733631
pep_0372,gene_075,drug,24h,4,37.48245711443339
pep_0372,gene_075,drug,24h,5,35.51049156812383
pep_0372,gene_075,drug,24h,6,44.0089201698132
pep_0372,gene_075,drug,6h,1,57.21125851411305
pep_0372,gene_075,drug,6h,2,61.94939508700344
pep_0372,gene_075,drug,6h,3,51.18442630500194
pep_0372,gene_075,drug,6h,4,67.35925484362582
pep_0372,gene_075,drug,6h,5,50.696843554976496
pep_0372,gene_075,drug,6h,6,50.05048479274625
pep_0373,gene_075,ctrl,0h,1,85.02171336011133
pep_0373,gene_075,ctrl,0h,2,128.81511875220002
pep_0373,gene_075,ctrl,0h,3,64.61999917148151
pep_0373,gene_075,ctrl,0h,4,126.79551083850428
pep_0373,gene_075,ctrl,0h,5,145.41013265429902
pep_0373,gene_075,ctrl,0h,6,125.13073890522617
pep_0373,gene_075,ctrl,24h,1,88.5891604534816
pep_0373,gene_075,ctrl,24h,2,98.49437192714666
pep_0373,gene_075,ctrl,24h,3,164.3751871828509
pep_0373,gene_075,ctrl,24h,4,170.33942106212908
pep_0373,gene_075,ctrl,24h,5,125.76312473121536
pep_0373,gene_075,ctrl,24h,6,66.27950984694388
pep_0373,gene_075,ctrl,6h,1,197.61897390173934
pep_0373,gene_075,ctrl,6h,2,80.23477270040564
pep_0373,gene_075,ctrl,6h,3,94.42328264689797
pep_0373,gene_075,ctrl,6h,4,44.11888967706905
pep_0373,gene_075,ctrl,6h,5,79.18096707608086
pep_0373,gene_075,ctrl,6h,6,126.33747699765239
pep_0373,gene_075,drug,0h,1,122.1871028361746
pep_0373,gene_075,drug,0h,2,130.00140299665085
pep_0373,gene_075,drug,0h,3,142.65828575227954
pep_0373,gene_075,drug,0h,4,117.87735934879957
pep_0373,gene_075,drug,0h,5,74.13055963647797
pep_0373,gene_075,drug,0h,6,79.50742837012368
pep_0373,gene_075,drug,24h,1,61.61025274783995
pep_0373,gene_075,drug,24h,2,214.65365657827564
pep_0373,gene_075,drug,24h,3,129.2888366545508
pep_0373,gene_075,drug,24h,4,75.4479916135249
pep_0373,gene_075,drug,24h,5,137.58660220246
pep_0373,gene_075,drug,24h,6,196.5843222452013
pep_0373,gene_075,drug,6h,1,73.72558364347849
pep_0373,gene_075,drug,6h,2,92.27590215493434
pep_0373,gene_075,drug,6h,3,74.62205961428768
pep_0373,gene_075,drug,6h,4,102.3367554182505
pep_0373,gene_075,drug,6h,5,134.6888225977171
pep_0373,gene_075,drug,6h,6,94.41418824598908
pep_0374,gene_075,ctrl,0h,1,145.76828797002486
pep_0374,gene_075,ctrl,0h,2,72.66815336386954
pep_0374,gene_075,ctrl,0h,3,44.63316622239715
pep_0374,gene_075,ctrl,0h,4,75.6729265830633
pep_0374,gene_075,ctrl,0h,5,106.22020523555179
pep_0374,gene_075,ctrl,0h,6,89.60509634993274
pep_0374,gene_075,ctrl,24h,1,103.75262936755584
pep_0374,gene_075,ctrl,24h,2,115.5349528018714
pep_0374,gene_075,ctrl,24h,3,153.78103275247503
pep_0374,gene_075,ctrl,24h,4,110.25020453375224
pep_0374,gene_075,ctrl,24h,5,197.71131709659318
pep_0374,gene_075,ctrl,24h,6,32.57370181123784
pep_0374,gene_075,ctrl,6h,1,129.20475717795503
pep_0374,gene_075,ctrl,6h,2,133.67539114053204
pep_0374,gene_075,ctrl,6h,3,130.97095842708603
pep_0374,gene_075,ctrl,6h,4,153.99999560458434
pep_0374,gene_075,ctrl,6h,5,138.6588888748685
pep_0374,gene_075,ctrl,6h,6,95.80678387526004
pep_0374,gene_075,drug,0h,1,45.93555857499107
pep_0374,gene_075,drug,0h,2,115.8826502643066
pep_0374,gene_075,drug,0h,3,146.60741917559736
pep_0374,gene_075,drug,0h,4,144.18599105033795
pep_0374,gene_075,drug,0h,5,95.93395734695864
pep_0374,gene_075,drug,0h,6,89.82443971976123
pep_0374,gene_075,drug,24h,1,106.74012021310696
pep_0374,gene_075,drug,24h,2,160.3016283824292
pep_0374,gene_075,drug,24h,3,82.48289126147297
pep_0374,gene_075,drug,24h,4,58.83864435897011
pep_0374,gene_075,drug,24h,5,82.98168386125988
pep_0374,gene_075,drug,24h,6,186.5862683957837
pep_0374,gene_075,drug,6h,1,122.1333757018564
pep_0374,gene_075,drug,6h,2,124.70496588202921
pep_0374,gene_075,drug,6h,3,79.25068190406606
pep_0374,gene_075,drug,6h,4,69.15858011386739
pep_0374,gene_075,drug,6h,5,75.29423492148676
pep_0374,gene_075,drug,6h,6,50.612535150473825
pep_0375,gene_075,ctrl,0h,1,161.57737894319754
pep_0375,gene_075,ctrl,0h,2,65.8898214651558
pep_0375,gene_075,ctrl,0h,3,141.67599953658262
pep_0375,gene_075,ctrl,0h,4,98.23598098471986
pep_0375,gene_075,ctrl,0h,5,119.39947993435831
pep_0375,gene_075,ctrl,0h,6,141.07283115507948
pep_0375,gene_075,ctrl,24h,1,130.91508689039213
pep_0375,gene_075,ctrl,24h,2,165.54369930984996
pep_0375,gene_075,ctrl,24h,3,142.5908622482059
pep_0375,gene_075,ctrl,24h,4,180.95039965146674
pep_0375,gene_075,ctrl,24h,5,188.03960740405077
pep_0375,gene_075,ctrl,24h,6,220.78667021011537
pep_0375,gene_075,ctrl,6h,1,87.2552144957895
pep_0375,gene_075,ctrl,6h,2,119.9580600778206
pep_0375,gene_075,ctrl,6h,3,85.72057796529388
pep_0375,gene_075,ctrl,6h,4,160.8406224391735
pep_0375,gene_075,ctrl,6h,5,173.08818788211366
pep_0375,gene_075,ctrl,6h,6,235.09688096990013
pep_0375,gene_075,drug,0h,1,130.59762530532086
pep_0375,gene_075,drug,0h,2,169.1258240323484
pep_0375,gene_075,drug,0h,3,88.90738990860555
pep_0375,gene_075,drug,0h,4,197.12692221234673
pep_0375,gene_075,drug,0h,5,108.67396381570391
pep_0375,gene_075,drug,0h,6,147.13088976915995
pep_0375,gene_075,drug,24h,1,87.77093715202763
pep_0375,gene_075,drug,24h,2,124.03565877355256
pep_0375,gene_075,drug,24h,3,173.05763275647772
pep_0375,gene_075,drug,24h,4,167.39128743662192
pep_0375,gene_075,drug,24h,5,239.30575858495104
pep_0375,gene_075,drug,24h,6,116.93075562478138
pep_0375,gene_075,drug,6h,1,138.6758736245369
pep_0375,gene_075,drug,6h,2,192.61143986877002
pep_0375,gene_075,drug,6h,3,184.50482551415828
pep_0375,gene_075,drug,6h,4,249.21907105275005
pep_0375,gene_075,drug,6h,5,145.16918061287882
pep_0375,gene_075,drug,6h,6,120.40116358346485
pep_0376,gene_076,ctrl,0h,1,49.411264359896244
pep_0376,gene_076,ctrl,0h,2,27.307844370257605
pep_0376,gene_076,ctrl,0h,3,47.790442422797
pep_0376,gene_076,ctrl,0h,4,73.46245991579433
pep_0376,gene_076,ctrl,0h,5,15.3469179408349
pep_0376,gene_076,ctrl,0h,6,11.817060078119976
pep_0376,gene_076,ctrl,24h,1,64.15547472856761
pep_0376,gene_076,ctrl,24h,2,32.051899661157854
pep_0376,gene_076,ctrl,24h,3,93.41752801076547
pep_0376,gene_076,ctrl,24h,4,45.717252609142484
pep_0376,gene_076,ctrl,24h,5,21.886345111392643
pep_0376,gene_076,ctrl,24h,6,41.37765110035147
pep_0376,gene_076,ctrl,6h,1,56.519279067167496
pep_0376,gene_076,ctrl,6h,2,50.20135638910399
pep_0376,gene_076,ctrl,6h,3,65.1252211055801
pep_0376,gene_076,ctrl,6h,4,30.787813869336507
pep_0376,gene_076,ctrl,6h,5,82.39523758039869
pep_0376,gene_076,ctrl,6h,6,16.90487674393038
pep_0376,gene_076,drug,0h,1,29.05394235197762
pep_0376,gene_076,drug,0h,2,37.14006513949706
pep_0376,gene_076,drug,0h,3,23.836752577264974
pep_0376,gene_076,drug,0h,4,84.87094725994804
pep_0376,gene_076,drug,0h,5,43.81599988114082
pep_0376,gene_076,drug,0h,6,60.35287604210843
pep_0376,gene_076,drug,24h,1,62.57941021370675
pep_0376,gene_076,drug,24h,2,54.08433108978194
pep_0376,gene_076,drug,24h,3,101.74624758579272
pep_0376,gene_076,drug,24h,4,31.49858629046082
pep_0376,gene_076,drug,24h,5,22.7798264811439
pep_0376,gene_076,drug,24h,6,32.94813973780952
pep_0376,gene_076,drug,6h,1,26.852589464560946
pep_0376,gene_076,drug,6h,2,53.14931309508348
pep_0376,gene_076,drug,6h,3,61.58796675589887
pep_0376,gene_076,drug,6h,4,56.24225131543592
pep_0376,gene_076,drug,6h,5,31.43258224105751
pep_0376,gene_076,drug,6h,6,50.254741719993085
pep_0377,gene_076,ctrl,0h,1,149.6525725065304
pep_0377,gene_076,ctrl,0h,2,136.62684665209983
pep_0377,gene_076,ctrl,0h,3,157.63964961590463
pep_0377,gene_076,ctrl,0h,4,185.11127268663535
pep_0377,gene_076,ctrl,0h,5,82.0170541512375
pep_0377,gene_076,ctrl,0h,6,134.39158606474567
pep_0377,gene_076,ctrl,24h,1,138.25643596631338
pep_0377,gene_076,ctrl,24h,2,175.19539879632282
pep_0377,gene_076,ctrl,24h,3,136.8812631490567
pep_0377,gene_076,ctrl,24h,4,286.6959235795677
pep_0377,gene_076,ctrl,24h,5,139.10121169784995
pep_0377,gene_076,ctrl,24h,6,155.89115823614264
pep_0377,gene_076,ctrl,6h,1,121.34185957959775
pep_0377,gene_076,ctrl,6h,2,156.84727060991466
pep_0377,gene_076,ctrl,6h,3,119.54015983459277
pep_0377,gene_076,ctrl,6h,4,187.6043364991664
pep_0377,gene_076,ctrl,6h,5,182.25435722151437
pep_0377,gene_076,ctrl,6h,6,95.60611036826057
pep_0377,gene_076,drug,0h,1,163.89984604112607
pep_0377,gene_076,drug,0h,2,189.47816475278083
pep_0377,gene_076,drug,0h,3,97.82244986179136
pep_0377,gene_076,drug,0h,4,124.85564397383298
pep_0377,gene_076,drug,0h,5,153.2915901689453
pep_0377,gene_076,drug,0h,6,190.77931407629077
pep_0377,gene_076,drug,24h,1,190.10733332901148
pep_0377,gene_076,drug,24h,2,165.80245010518547
pep_0377,gene_076,drug,24h,3,210.0304063783206
pep_0377,gene_076,drug,24h,4,162.83903575619001
pep_0377,gene_076,drug,24h,5,211.13056229353327
pep_0377,gene_076,drug,24h,6,140.5238903069146
pep_0377,gene_076,drug,6h,1,150.67184608225776
pep_0377,gene_076,drug,6h,2,259.2094290891067
pep_0377,gene_076,drug,6h,3,60.421174662875536
pep_0377,gene_076,drug,6h,4,100.75986099966732
pep_0377,gene_076,drug,6h,5,89.95013955332595
pep_0377,gene_076,drug,6h,6,124.80787809223139
pep_0378,gene_076,ctrl,0h,1,20.137237076389265
pep_0378,gene_076,ctrl,0h,2,NA
pep_0378,gene_076,ctrl,0h,3,29.61566205055032
pep_0378,gene_076,ctrl,0h,4,40.014062644878685
pep_0378,gene_076,ctrl,0h,5,56.39540817051115
pep_0378,gene_076,ctrl,0h,6,52.84127273078302
pep_0378,gene_076,ctrl,24h,1,85.71610012422269
pep_0378,gene_076,ctrl,24h,2,51.463046596525146
pep_0378,gene_076,ctrl,24h,3,69.96037567501276
pep_0378,gene_076,ctrl,24h,4,70.61105784833015
pep_0378,gene_076,ctrl,24h,5,15.07899432869661
pep_0378,gene_076,ctrl,24h,6,37.20970178566093
pep_0378,gene_076,ctrl,6h,1,51.88832276439217
pep_0378,gene_076,ctrl,6h,2,70.08832263378882
pep_0378,gene_076,ctrl,6h,3,54.11814078966784
pep_0378,gene_076,ctrl,6h,4,9.186886974564425
pep_0378,gene_076,ctrl,6h,5,53.395540984512195
pep_0378,gene_076,ctrl,6h,6,91.917079791634
pep_0378,gene_076,drug,0h,1,50.78718537331155
pep_0378,gene_076,drug,0h,2,32.507564604132675
pep_0378,gene_076,drug,0h,3,67.46897228496792
pep_0378,gene_076,drug,0h,4,69.49717945608089
pep_0378,gene_076,drug,0h,5,22.400469447781216
pep_0378,gene_076,drug,0h,6,79.84433640155005
pep_0378,gene_076,drug,24h,1,37.432239452946106
pep_0378,gene_076,drug,24h,2,17.491051808233575
pep_0378,gene_076,drug,24h,3,50.82303623999688
pep_0378,gene_076,drug,24h,4,84.10491454920393
pep_0378,gene_076,drug,24h,5,38.60210107873372
pep_0378,gene_076,drug,24h,6,32.92270692698626
pep_0378,gene_076,drug,6h,1,105.42164106752527
pep_0378,gene_076,drug,6h,2,54.12184524944276
pep_0378,gene_076,drug,6h,3,53.26719769275892
pep_0378,gene_076,drug,6h,4,35.49075555729499
pep_0378,gene_076,drug,6h,5,46.13021847396924
pep_0378,gene_076,drug,6h,6,43.573695582964866
pep_0379,gene_076,ctrl,0h,1,83.36680507309505
pep_0379,gene_076,ctrl,0h,2,45.84992508231987
pep_0379,gene_076,ctrl,0h,3,44.21123657496452
pep_0379,gene_076,ctrl,0h,4,24.163845500936066
pep_0379,gene_076,ctrl,0h,5,43.80449866086503
pep_0379,gene_076,ctrl,0h,6,29.101327939550867
pep_0379,gene_076,ctrl,24h,1,41.421071173242254
pep_0379,gene_076,ctrl,24h,2,20.38144942543687
pep_0379,gene_076,ctrl,24h,3,21.053219151665875
pep_0379,gene_076,ctrl,24h,4,34.77261575108965
pep_0379,gene_076,ctrl,24h,5,40.09028019496057
pep_0379,gene_076,ctrl,24h,6,31.573953901252754
pep_0379,gene_076,ctrl,6h,1,17.40736646278361
pep_0379,gene_076,ctrl,6h,2,14.949045383116038
pep_0379,gene_076,ctrl,6h,3,44.31251561743343
pep_0379,gene_076,ctrl,6h,4,28.438443723661106
pep_0379,gene_076,ctrl,6h,5,27.263062277143
pep_0379,gene_076,ctrl,6h,6,45.22865361092116
pep_0379,gene_076,drug,0h,1,64.15766354347153
pep_0379,gene_076,drug,0h,2,35.544027173122984
pep_0379,gene_076,drug,0h,3,30.78797265910579
pep_0379,gene_076,drug,0h,4,59.171891555380675
pep_0379,gene_076,drug,0h,5,36.984578498344426
pep_0379,gene_076,drug,0h,6,111.11059903269626
pep_0379,gene_076,drug,24h,1,36.522155682895715
pep_0379,gene_076,drug,24h,2,40.07888693540219
pep_0379,gene_076,drug,24h,3,64.71623063590094
pep_0379,gene_076,drug,24h,4,42.936510718969686
pep_0379,gene_076,drug,24h,5,33.48085169124434
pep_0379,gene_076,drug,24h,6,11.998365119828438
pep_0379,gene_076,drug,6h,1,69.43954999231221
pep_0379,gene_076,drug,6h,2,60.17649766994929
pep_0379,gene_076,drug,6h,3,50.54547509008374
pep_0379,gene_076,drug,6h,4,50.34295176513618
pep_0379,gene_076,drug,6h,5,58.95964686548679
pep_0379,gene_076,drug,6h,6,20.785598889330544
pep_0380,gene_076,ctrl,0h,1,77.52766890962656
pep_0380,gene_076,ctrl,0h,2,172.16226085154048
pep_0380,gene_076,ctrl,0h,3,96.71304967805293
pep_0380,gene_076,ctrl,0h,4,85.99048394637147
pep_0380,gene_076,ctrl,0h,5,87.8489033273012
pep_0380,gene_076,ctrl,0h,6,40.26532458109127
pep_0380,gene_076,ctrl,24h,1,50.057125929593845
pep_0380,gene_076,ctrl,24h,2,39.72008924484854
pep_0380,gene_076,ctrl,24h,3,72.82133409801403
pep_0380,gene_076,ctrl,24h,4,44.42845658526666
pep_0380,gene_076,ctrl,24h,5,12.640775492561437
pep_0380,gene_076,ctrl,24h,6,58.530314757007986
pep_0380,gene_076,ctrl,6h,1,68.40085908762286
pep_0380,gene_076,ctrl,6h,2,66.10897977844954
pep_0380,gene_076,ctrl,6h,3,84.65187417156612
pep_0380,gene_076,ctrl,6h,4,92.31093396913447
pep_0380,gene_076,ctrl,6h,5,164.37195327886232
pep_0380,gene_076,ctrl,6h,6,70.24078783595449
pep_0380,gene_076,drug,0h,1,76.70653670778977
pep_0380,gene_076,drug,0h,2,125.61445933520992
pep_0380,gene_076,drug,0h,3,67.0986349505425
pep_0380,gene_076,drug,0h,4,91.72100229923207
pep_0380,gene_076,drug,0h,5,95.54644745610459
pep_0380,gene_076,drug,0h,6,34.543585960281426
pep_0380,gene_076,drug,24h,1,55.23542537121749
pep_0380,gene_076,drug,24h,2,75.54575696490433
pep_0380,gene_076,drug,24h,3,43.91660594622765
pep_0380,gene_076,drug,24h,4,70.99873133462883
pep_0380,gene_076,drug,24h,5,35.957760001702646
pep_0380,gene_076,drug,24h,6,50.16963233137294
pep_0380,gene_076,drug,6h,1,34.510060573526864
pep_0380,gene_076,drug,6h,2,34.150790200951526
pep_0380,gene_076,drug,6h,3,37.56560093200136
pep_0380,gene_076,drug,6h,4,38.18095682950742
pep_0380,gene_076,drug,6h,5,57.819734704515035
pep_0380,gene_076,drug,6h,6,119.44944390002489
pep_0381,gene_077,ctrl,0h,1,43.42714932702306
pep_0381,gene_077,ctrl,0h,2,81.66907507384781
pep_0381,gene_077,ctrl,0h,3,114.49103112033696
pep_0381,gene_077,ctrl,0h,4,90.32856583520173
pep_0381,gene_077,ctrl,0h,5,103.79015396828912
pep_0381,gene_077,ctrl,0h,6,67.82310398190256
pep_0381,gene_077,ctrl,24h,1,57.812843380681166
pep_0381,gene_077,ctrl,24h,2,65.74145834680449
pep_0381,gene_077,ctrl,24h,3,98.08207960883193
pep_0381,gene_077,ctrl,24h,4,72.16206491476721
pep_0381,gene_077,ctrl,24h,5,63.95683702342624
pep_0381,gene_077,ctrl,24h,6,98.63883333611946
pep_0381,gene_077,ctrl,6h,1,34.84896119971341
pep_0381,gene_077,ctrl,6h,2,91.78364156132243
pep_0381,gene_077,ctrl,6h,3,40.11973337952223
pep_0381,gene_077,ctrl,6h,4,102.40935843762689
pep_0381,gene_077,ctrl,6h,5,51.79018514205326
pep_0381,gene_077,ctrl,6h,6,87.16023258722106
pep_0381,gene_077,drug,0h,1,68.5493954691141
pep_0381,gene_077,drug,0h,2,68.3850202024696
pep_0381,gene_077,drug,0h,3,130.49629478966276
pep_0381,gene_077,drug,0h,4,36.42707493047254
pep_0381,gene_077,drug,0h,5,56.18680063234497
pep_0381,gene_077,drug,0h,6,38.19132122849458
pep_0381,gene_077,drug,24h,1,75.15038504594722
pep_0381,gene_077,drug,24h,2,51.48565214211505
pep_0381,gene_077,drug,24h,3,107.6495366055242
pep_0381,gene_077,drug,24h,4,76.11139074034848
pep_0381,gene_077,drug,24h,5,101.92704806662027
pep_0381,gene_077,drug,24h,6,108.64937746489433
pep_0381,gene_077,drug,6h,1,133.21189911100444
pep_0381,gene_077,drug,6h,2,96.77159931641755
pep_0381,gene_077,drug,6h,3,98.0694551912683
pep_0381,gene_077,drug,6h,4,69.73615657971231
pep_0381,gene_077,drug,6h,5,120.37445977517133
pep_0381,gene_077,drug,6h,6,135.34237944794438
pep_0382,gene_077,ctrl,0h,1,84.8462058887153
pep_0382,gene_077,ctrl,0h,2,94.29131963800515
pep_0382,gene_077,ctrl,0h,3,72.55494318256271
pep_0382,gene_077,ctrl,0h,4,82.20008747440166
pep_0382,gene_077,ctrl,0h,5,108.34066638220843
pep_0382,gene_077,ctrl,0h,6,64.55377493537522
pep_0382,gene_077,ctrl,24h,1,75.92092025054534
pep_0382,gene_077,ctrl,24h,2,98.43348281046008
pep_0382,gene_077,ctrl,24h,3,164.74448690201928
pep_0382,gene_077,ctrl,24h,4,60.736502143407904
pep_0382,gene_077,ctrl,24h,5,48.80009619373358
pep_0382,gene_077,ctrl,24h,6,84.88420136210132
pep_0382,gene_077,ctrl,6h,1,84.71271684497013
pep_0382,gene_077,ctrl,6h,2,77.58017795556458
pep_0382,gene_077,ctrl,6h,3,47.430863298112875
pep_0382,gene_077,ctrl,6h,4,138.3427401270293
pep_0382,gene_077,ctrl,6h,5,137.96433858149126
pep_0382,gene_077,ctrl,6h,6,108.78266849753163
pep_0382,gene_077,drug,0h,1,79.01224765877912
pep_0382,gene_077,drug,0h,2,114.65831471925178
pep_0382,gene_077,drug,0h,3,53.23895536218761
pep_0382,gene_077,drug,0h,4,126.31217248086882
pep_0382,gene_077,drug,0h,5,69.90519845309035
pep_0382,gene_077,drug,0h,6,80.16078727342844
pep_0382,gene_077,drug,24h,1,22.82892962032853
pep_0382,gene_077,drug,24h,2,195.91037702571654
pep_0382,gene_077,drug,24h,3,104.80506289055576
pep_0382,gene_077,drug,24h,4,180.4176673542333
pep_0382,gene_077,drug,24h,5,73.6290041423901
pep_0382,gene_077,drug,24h,6,125.29820898216647
pep_0382,gene_077,drug,6h,1,129.16078570703883
pep_0382,gene_077,drug,6h,2,76.2075301777379
pep_0382,gene_077,drug,6h,3,143.24875328167417
pep_0382,gene_077,drug,6h,4,93.31561817222872
pep_0382,gene_077,drug,6h,5,73.54540355690838
pep_0382,gene_077,drug,6h,6,84.93449322716654
pep_0383,gene_077,ctrl,0h,1,65.11726062079936
pep_0383,gene_077,ctrl,0h,2,68.37559904434818
pep_0383,gene_077,ctrl,0h,3,93.67864581850671
pep_0383,gene_077,ctrl,0h,4,55.06250613419585
pep_0383,gene_077,ctrl,0h,5,63.3348849523836
pep_0383,gene_077,ctrl,0h,6,31.594361453390423
pep_0383,gene_077,ctrl,24h,1,58.40433149676686
pep_0383,gene_077,ctrl,24h,2,46.99304917086875
pep_0383,gene_077,ctrl,24h,3,58.07156020543457
pep_0383,gene_077,ctrl,24h,4,34.28147736441444
pep_0383,gene_077,ctrl,24h,5,103.28903011069335
pep_0383,gene_077,ctrl,24h,6,76.92459442611054
pep_0383,gene_077,ctrl,6h,1,34.115900128168256
pep_0383,gene_077,ctrl,6h,2,102.1053335413023
pep_0383,gene_077,ctrl,6h,3,41.483596930310064
pep_0383,gene_077,ctrl,6h,4,95.23146884134741
pep_0383,gene_077,ctrl,6h,5,56.90986527435751
pep_0383,gene_077,ctrl,6h,6,97.79664711730675
pep_0383,gene_077,drug,0h,1,69.80604704615301
pep_0383,gene_077,drug,0h,2,27.05778746388161
pep_0383,gene_077,drug,0h,3,90.54654482620107
pep_0383,gene_077,drug,0h,4,33.24198547131165
pep_0383,gene_077,drug,0h,5,106.18945117834778
pep_0383,gene_077,drug,0h,6,60.95061119579493
pep_0383,gene_077,drug,24h,1,64.70797208098416
pep_0383,gene_077,drug,24h,2,30.166202737732632
pep_0383,gene_077,drug,24h,3,78.50524784432304
pep_0383,gene_077,drug,24h,4,47.59850063034593
pep_0383,gene_077,drug,24h,5,88.37622702988946
pep_0383,gene_077,drug,24h,6,69.80811789571183
pep_0383,gene_077,drug,6h,1,27.712217075947592
pep_0383,gene_077,drug,6h,2,56.906441822047455
pep_0383,gene_077,drug,6h,3,33.20670590903038
pep_0383,gene_077,drug,6h,4,53.92111584158143
pep_0383,gene_077,drug,6h,5,83.85507054010812
pep_0383,gene_077,drug,6h,6,54.86359982365777
pep_0384,gene_077,ctrl,0h,1,151.34326895813584
pep_0384,gene_077,ctrl,0h,2,117.95007572289165
pep_0384,gene_077,ctrl,0h,3,119.96447767786813
pep_0384,gene_077,ctrl,0h,4,73.87253060944958
pep_0384,gene_077,ctrl,0h,5,145.56380862609515
pep_0384,gene_077,ctrl,0h,6,99.6552067971121
pep_0384,gene_077,ctrl,24h,1,163.39074645600928
pep_0384,gene_077,ctrl,24h,2,122.31331010518099
pep_0384,gene_077,ctrl,24h,3,129.41898338734754
pep_0384,gene_077,ctrl,24h,4,98.9310535271007
pep_0384,gene_077,ctrl,24h,5,228.8123808979347
pep_0384,gene_077,ctrl,24h,6,130.55876638793703
pep_0384,gene_077,ctrl,6h,1,162.5408789347752
pep_0384,gene_077,ctrl,6h,2,123.4032751773665
pep_0384,gene_077,ctrl,6h,3,252.45866472155927
pep_0384,gene_077,ctrl,6h,4,149.1418410458137
pep_0384,gene_077,ctrl,6h,5,67.44161431473023
pep_0384,gene_077,ctrl,6h,6,82.14751341909502
pep_0384,gene_077,drug,0h,1,153.42842173775372
pep_0384,gene_077,drug,0h,2,112.7072249034629
pep_0384,gene_077,drug,0h,3,147.71366409409762
pep_0384,gene_077,drug,0h,4,206.80631580814722
pep_0384,gene_077,drug,0h,5,150.17666453984103
pep_0384,gene_077,drug,0h,6,179.98727264422587
pep_0384,gene_077,drug,24h,1,74.38407979875258
pep_0384,gene_077,drug,24h,2,184.22288059223766
pep_0384,gene_077,drug,24h,3,138.01641440869577
pep_0384,gene_077,drug,24h,4,108.83198775374363
pep_0384,gene_077,drug,24h,5,118.192562202093
pep_0384,gene_077,drug,24h,6,139.94997112700332
pep_0384,gene_077,drug,6h,1,89.55989269042078
pep_0384,gene_077,drug,6h,2,97.73993802688555
pep_0384,gene_077,drug,6h,3,86.89157031177612
pep_0384,gene_077,drug,6h,4,104.20952902380306
pep_0384,gene_077,drug,6h,5,85.51102566409398
pep_0384,gene_077,drug,6h,6,162.78902419764654
pep_0385,gene_077,ctrl,0h,1,180.90656843766143
pep_0385,gene_077,ctrl,0h,2,163.8157694018505
pep_0385,gene_077,ctrl,0h,3,116.0120702704744
pep_0385,gene_077,ctrl,0h,4,78.804147589338
pep_0385,gene_077,ctrl,0h,5,122.744845274647
pep_0385,gene_077,ctrl,0h,6,145.37360027934756
pep_0385,gene_077,ctrl,24h,1,50.63679959757927
pep_0385,gene_077,ctrl,24h,2,84.48083961541988
pep_0385,gene_077,ctrl,24h,3,165.7776882343535
pep_0385,gene_077,ctrl,24h,4,132.73155103832758
pep_0385,gene_077,ctrl,24h,5,131.2717082988111
pep_0385,gene_077,ctrl,24h,6,306.74926578612366
pep_0385,gene_077,ctrl,6h,1,100.73307078893883
pep_0385,gene_077,ctrl,6h,2,138.64563171548494
pep_0385,gene_077,ctrl,6h,3,64.3780036548805
pep_0385,gene_077,ctrl,6h,4,169.85811354521383
pep_0385,gene_077,ctrl,6h,5,65.586826294427
pep_0385,gene_077,ctrl,6h,6,101.69010511528955
pep_0385,gene_077,drug,0h,1,62.3942115202189
pep_0385,gene_077,drug,0h,2,156.99667088915214
pep_0385,gene_077,drug,0h,3,133.68134891461762
pep_0385,gene_077,drug,0h,4,149.19822746827268
pep_0385,gene_077,drug,0h,5,159.6308843724413
pep_0385,gene_077,drug,0h,6,149.72789462728534
pep_0385,gene_077,drug,24h,1,78.75234380533709
pep_0385,gene_077,drug,24h,2,193.56413739419412
pep_0385,gene_077,drug,24h,3,172.75745743345647
pep_0385,gene_077,drug,24h,4,163.88661252127136
pep_0385,gene_077,drug,24h,5,165.88051959309277
pep_0385,gene_077,drug,24h,6,266.16337286866946
pep_0385,gene_077,drug,6h,1,122.0595332582348
pep_0385,gene_077,drug,6h,2,90.75858789583116
pep_0385,gene_077,drug,6h,3,105.11725079536737
pep_0385,gene_077,drug,6h,4,199.389727173534
pep_0385,gene_077,drug,6h,5,160.4950470104212
pep_0385,gene_077,drug,6h,6,132.20157968964224
pep_0386,gene_078,ctrl,0h,1,119.08728431364868
pep_0386,gene_078,ctrl,0h,2,154.25637873810453
pep_0386,gene_078,ctrl,0h,3,142.6442284954314
pep_0386,gene_078,ctrl,0h,4,95.52002537198354
pep_0386,gene_078,ctrl,0h,5,92.47507489570013
pep_0386,gene_078,ctrl,0h,6,91.62844093080682
pep_0386,gene_078,ctrl,24h,1,76.40194920740886
pep_0386,gene_078,ctrl,24h,2,124.5811362326601
pep_0386,gene_078,ctrl,24h,3,185.27630903715072
pep_0386,gene_078,ctrl,24h,4,137.0458207951699
pep_0386,gene_078,ctrl,24h,5,67.05129920609562
pep_0386,gene_078,ctrl,24h,6,52.55827859192666
pep_0386,gene_078,ctrl,6h,1,126.5326430802767
pep_0386,gene_078,ctrl,6h,2,170.4177119585611
pep_0386,gene_078,ctrl,6h,3,89.26517478238614
pep_0386,gene_078,ctrl,6h,4,83.40295920860198
pep_0386,gene_078,ctrl,6h,5,123.544689040279
pep_0386,gene_078,ctrl,6h,6,108.93141054495437
pep_0386,gene_078,drug,0h,1,69.81975414112755
pep_0386,gene_078,drug,0h,2,164.15423976904938
pep_0386,gene_078,drug,0h,3,59.70456585513189
pep_0386,gene_078,drug,0h,4,113.54881496683583
pep_0386,gene_078,drug,0h,5,136.6496190527746
pep_0386,gene_078,drug,0h,6,107.88079564293164
pep_0386,gene_078,drug,24h,1,35.16625504634354
pep_0386,gene_078,drug,24h,2,125.07122435562032
pep_0386,gene_078,drug,24h,3,147.42889832249
pep_0386,gene_078,drug,24h,4,127.8318332713068
pep_0386,gene_078,drug,24h,5,127.02727576296705
pep_0386,gene_078,drug,24h,6,140.4279960325178
pep_0386,gene_078,drug,6h,1,94.55045048989837
pep_0386,gene_078,drug,6h,2,78.3710439209744
pep_0386,gene_078,drug,6h,3,81.29642533578942
pep_0386,gene_078,drug,6h,4,131.33225599678184
pep_0386,gene_078,drug,6h,5,118.5038047021839
pep_0386,gene_078,drug,6h,6,93.91636133448729
pep_0387,gene_078,ctrl,0h,1,118.5158269216751
pep_0387,gene_078,ctrl,0h,2,135.51305178240398
pep_0387,gene_078,ctrl,0h,3,194.14581297401006
pep_0387,gene_078,ctrl,0h,4,168.0944736110193
pep_0387,gene_078,ctrl,0h,5,147.2317174368858
pep_0387,gene_078,ctrl,0h,6,208.51689350261995
pep_0387,gene_078,ctrl,24h,1,132.5735625552341
pep_0387,gene_078,ctrl,24h,2,89.59684724725862
pep_0387,gene_078,ctrl,24h,3,144.76712713543628
pep_0387,gene_078,ctrl,24h,4,82.66768742370077
pep_0387,gene_078,ctrl,24h,5,90.39215075423284
pep_0387,gene_078,ctrl,24h,6,140.87023917616239
pep_0387,gene_078,ctrl,6h,1,48.6660225911425
pep_0387,gene_078,ctrl,6h,2,223.42301664956702
pep_0387,gene_078,ctrl,6h,3,95.65113813404317
pep_0387,gene_078,ctrl,6h,4,113.29564395756246
pep_0387,gene_078,ctrl,6h,5,221.74956433199662
pep_0387,gene_078,ctrl,6h,6,74.79008695502418
pep_0387,gene_078,drug,0h,1,162.3139438605411
pep_0387,gene_078,drug,0h,2,141.93348194112602
pep_0387,gene_078,drug,0h,3,202.5166724588469
pep_0387,gene_078,drug,0h,4,89.58071505573177
pep_0387,gene_078,drug,0h,5,85.40778241612283
pep_0387,gene_078,drug,0h,6,124.3150576000107
pep_0387,gene_078,drug,24h,1,183.76396653511117
pep_0387,gene_078,drug,24h,2,90.93430241273111
pep_0387,gene_078,drug,24h,3,154.44864910598554
pep_0387,gene_078,drug,24h,4,108.02624652985978
pep_0387,gene_078,drug,24h,5,160.89049795923634
pep_0387,gene_078,drug,24h,6,164.47651728125035
pep_0387,gene_078,drug,6h,1,109.79532358541523
pep_0387,gene_078,drug,6h,2,99.14378261406367
pep_0387,gene_078,drug,6h,3,92.64286814692517
pep_0387,gene_078,drug,6h,4,134.68691837325204
pep_0387,gene_078,drug,6h,5,214.39869437443528
pep_0387,gene_078,drug,6h,6,95.43162042869115
pep_0388,gene_078,ctrl,0h,1,52.11683568895311
pep_0388,gene_078,ctrl,0h,2,97.00934410626557
pep_0388,gene_078,ctrl,0h,3,24.481535308877177
pep_0388,gene_078,ctrl,0h,4,90.99339149740307
pep_0388,gene_078,ctrl,0h,5,90.64107127237948
pep_0388,gene_078,ctrl,0h,6,109.2892501863395
pep_0388,gene_078,ctrl,24h,1,28.770778480682942
pep_0388,gene_078,ctrl,24h,2,53.802624100403165
pep_0388,gene_078,ctrl,24h,3,137.75388924522534
pep_0388,gene_078,ctrl,24h,4,74.34250711694132
pep_0388,gene_078,ctrl,24h,5,126.05440079324308
pep_0388,gene_078,ctrl,24h,6,115.36299498514859
pep_0388,gene_078,ctrl,6h,1,45.93840208572776
pep_0388,gene_078,ctrl,6h,2,72.53592521924959
pep_0388,gene_078,ctrl,6h,3,52.804160394737
pep_0388,gene_078,ctrl,6h,4,87.0673303866031
pep_0388,gene_078,ctrl,6h,5,92.46553680784183
pep_0388,gene_078,ctrl,6h,6,64.991942677361
pep_0388,gene_078,drug,0h,1,102.80954960605422
pep_0388,gene_078,drug,0h,2,42.19905429451922
pep_0388,gene_078,drug,0h,3,38.80268610309394
pep_0388,gene_078,drug,0h,4,95.33399131805042
pep_0388,gene_078,drug,0h,5,175.5321617912143
pep_0388,gene_078,drug,0h,6,77.47072878817431
pep_0388,gene_078,drug,24h,1,29.907664202324685
pep_0388,gene_078,drug,24h,2,124.07903751366193
pep_0388,gene_078,drug,24h,3,61.164686125262335
pep_0388,gene_078,drug,24h,4,47.547616069367045
pep_0388,gene_078,drug,24h,5,67.60104871689045
pep_0388,gene_078,drug,24h,6,117.19588493897646
pep_0388,gene_078,drug,6h,1,61.34953434463122
pep_0388,gene_078,drug,6h,2,56.22304093309936
pep_0388,gene_078,drug,6h,3,184.03972962607259
pep_0388,gene_078,drug,6h,4,31.916781270072477
pep_0388,gene_078,drug,6h,5,141.8481172635509
pep_0388,gene_078,drug,6h,6,116.10287520233531
pep_0389,gene_078,ctrl,0h,1,49.026150788995906
pep_0389,gene_078,ctrl,0h,2,68.11846484537112
pep_0389,gene_078,ctrl,0h,3,37.11011148606333
pep_0389,gene_078,ctrl,0h,4,52.701400427715726
pep_0389,gene_078,ctrl,0h,5,47.9712441933999
pep_0389,gene_078,ctrl,0h,6,68.11875352913157
pep_0389,gene_078,ctrl,24h,1,75.88104093540355
pep_0389,gene_078,ctrl,24h,2,101.90336155048193
pep_0389,gene_078,ctrl,24h,3,67.38266717193382
pep_0389,gene_078,ctrl,24h,4,45.178966798218816
pep_0389,gene_078,ctrl,24h,5,56.93607864978042
pep_0389,gene_078,ctrl,24h,6,31.319665874639384
pep_0389,gene_078,ctrl,6h,1,73.84834368066242
pep_0389,gene_078,ctrl,6h,2,90.08397738434535
pep_0389,gene_078,ctrl,6h,3,16.662180010472564
pep_0389,gene_078,ctrl,6h,4,70.54721818121497
pep_0389,gene_078,ctrl,6h,5,52.48852882492612
pep_0389,gene_078,ctrl,6h,6,55.919652342629966
pep_0389,gene_078,drug,0h,1,54.48897693307067
pep_0389,gene_078,drug,0h,2,41.11572020515991
pep_0389,gene_078,drug,0h,3,55.53108253614076
pep_0389,gene_078,drug,0h,4,48.90735288275048
pep_0389,gene_078,drug,0h,5,29.144832788215833
pep_0389,gene_078,drug,0h,6,68.78306888935415
pep_0389,gene_078,drug,24h,1,33.48270957332455
pep_0389,gene_078,drug,24h,2,56.16714832830369
pep_0389,gene_078,drug,24h,3,50.13723623448089
pep_0389,gene_078,drug,24h,4,24.419479409830853
pep_0389,gene_078,drug,24h,5,59.12163707738275
pep_0389,gene_078,drug,24h,6,27.222188081188587
pep_0389,gene_078,drug,6h,1,86.59467988397797
pep_0389,gene_078,drug,6h,2,64.6457217681081
pep_0389,gene_078,drug,6h,3,50.90451365248999
pep_0389,gene_078,drug,6h,4,78.99513044307491
pep_0389,gene_078,drug,6h,5,69.74699871158651
pep_0389,gene_078,drug,6h,6,30.612035444343594
pep_0390,gene_078,ctrl,0h,1,153.26348817237889
pep_0390,gene_078,ctrl,0h,2,127.78048615591271
pep_0390,gene_078,ctrl,0h,3,173.86604665372755
pep_0390,gene_078,ctrl,0h,4,252.6992317100102
pep_0390,gene_078,ctrl,0h,5,79.97572393944463
pep_0390,gene_078,ctrl,0h,6,42.79500218811527
pep_0390,gene_078,ctrl,24h,1,115.56103973664827
pep_0390,gene_078,ctrl,24h,2,170.26576973938472
pep_0390,gene_078,ctrl,24h,3,71.10349430122513
pep_0390,gene_078,ctrl,24h,4,68.37565242984486
pep_0390,gene_078,ctrl,24h,5,70.4625878825964
pep_0390,gene_078,ctrl,24h,6,102.77656005072639
pep_0390,gene_078,ctrl,6h,1,38.678724646827845
pep_0390,gene_078,ctrl,6h,2,128.07221575676078
pep_0390,gene_078,ctrl,6h,3,94.06431057930035
pep_0390,gene_078,ctrl,6h,4,40.18780792323233
pep_0390,gene_078,ctrl,6h,5,167.75094653234544
pep_0390,gene_078,ctrl,6h,6,86.8191663937814
pep_0390,gene_078,drug,0h,1,72.21145055130201
pep_0390,gene_078,drug,0h,2,74.72637235420964
pep_0390,gene_078,drug,0h,3,93.32944726378544
pep_0390,gene_078,drug,0h,4,34.10893102698583
pep_0390,gene_078,drug,0h,5,94.37458650609202
pep_0390,gene_078,drug,0h,6,87.27974790232565
pep_0390,gene_078,drug,24h,1,64.30347940358165
pep_0390,gene_078,drug,24h,2,86.80336293984922
pep_0390,gene_078,drug,24h,3,65.3642412917761
pep_0390,gene_078,drug,24h,4,126.60268791252219
pep_0390,gene_078,drug,24h,5,107.0770540909359
pep_0390,gene_078,drug,24h,6,72.50304054845844
pep_0390,gene_078,drug,6h,1,77.0325245119682
pep_0390,gene_078,drug,6h,2,134.4167092885022
pep_0390,gene_078,drug,6h,3,92.63462004790745
pep_0390,gene_078,drug,6h,4,117.39803383847986
pep_0390,gene_078,drug,6h,5,127.21883593641377
pep_0390,gene_078,drug,6h,6,98.8516004272065
pep_0391,gene_079,ctrl,0h,1,150.3045513089232
pep_0391,gene_079,ctrl,0h,2,188.915225933934
pep_0391,gene_079,ctrl,0h,3,186.66656499702918
pep_0391,gene_079,ctrl,0h,4,145.9711616609307
pep_0391,gene_079,ctrl,0h,5,127.0681675386934
pep_0391,gene_079,ctrl,0h,6,163.9679806624232
pep_0391,gene_079,ctrl,24h,1,237.14800988465652
pep_0391,gene_079,ctrl,24h,2,127.3507800626089
pep_0391,gene_079,ctrl,24h,3,200.29483061604077
pep_0391,gene_079,ctrl,24h,4,152.52730001372612
pep_0391,gene_079,ctrl,24h,5,100.73299269836644
pep_0391,gene_079,ctrl,24h,6,245.46857669175213
pep_0391,gene_079,ctrl,6h,1,183.31065699291872
pep_0391,gene_079,ctrl,6h,2,106.99545191197923
pep_0391,gene_079,ctrl,6h,3,153.71499205814465
pep_0391,gene_079,ctrl,6h,4,144.28264652101208
pep_0391,gene_079,ctrl,6h,5,142.6954447014355
pep_0391,gene_079,ctrl,6h,6,96.38273559435268
pep_0391,gene_079,drug,0h,1,117.66096012954453
pep_0391,gene_079,drug,0h,2,192.79455451457244
pep_0391,gene_079,drug,0h,3,111.3000580409411
pep_0391,gene_079,drug,0h,4,193.90446573706157
pep_0391,gene_079,drug,0h,5,379.0679198161397
pep_0391,gene_079,drug,0h,6,203.18493139980228
pep_0391,gene_079,drug,24h,1,150.0775000404461
pep_0391,gene_079,drug,24h,2,155.6596725084554
pep_0391,gene_079,drug,24h,3,270.0318080800109
pep_0391,gene_079,drug,24h,4,190.7480275334911
pep_0391,gene_079,drug,24h,5,95.33547064631095
pep_0391,gene_079,drug,24h,6,225.43393414932052
pep_0391,gene_079,drug,6h,1,98.44679329185185
pep_0391,gene_079,drug,6h,2,172.46388579210208
pep_0391,gene_079,drug,6h,3,195.4041295854419
pep_0391,gene_079,drug,6h,4,105.49228895579382
pep_0391,gene_079,drug,6h,5,106.80351451030572
pep_0391,gene_079,drug,6h,6,216.5413994332842
pep_0392,gene_079,ctrl,0h,1,313.04439159033547
pep_0392,gene_079,ctrl,0h,2,148.95748575865773
pep_0392,gene_079,ctrl,0h,3,192.3298769572696
pep_0392,gene_079,ctrl,0h,4,106.38890029569292
pep_0392,gene_079,ctrl,0h,5,155.81426912685885
pep_0392,gene_079,ctrl,0h,6,78.98576927717178
pep_0392,gene_079,ctrl,24h,1,285.75743287076386
pep_0392,gene_079,ctrl,24h,2,162.9560290498149
pep_0392,gene_079,ctrl,24h,3,101.93061421830807
pep_0392,gene_079,ctrl,24h,4,199.7107834293018
pep_0392,gene_079,ctrl,24h,5,337.13667811159166
pep_0392,gene_079,ctrl,24h,6,77.52713105031816
pep_0392,gene_079,ctrl,6h,1,152.12260268394056
pep_0392,gene_079,ctrl,6h,2,107.8874427882072
pep_0392,gene_079,ctrl,6h,3,310.69387449591613
pep_0392,gene_079,ctrl,6h,4,81.59865196465609
pep_0392,gene_079,ctrl,6h,5,352.7174112895905
pep_0392,gene_079,ctrl,6h,6,181.1565135306124
pep_0392,gene_079,drug,0h,1,158.11621338719624
pep_0392,gene_079,drug,0h,2,172.84310518368525
pep_0392,gene_079,drug,0h,3,127.65681428035442
pep_0392,gene_079,drug,0h,4,119.13109599834382
pep_0392,gene_079,drug,0h,5,81.39219620382305
pep_0392,gene_079,drug,0h,6,111.19060351875422
pep_0392,gene_079,drug,24h,1,216.25752011818537
pep_0392,gene_079,drug,24h,2,183.9226579222317
pep_0392,gene_079,drug,24h,3,137.15818111290596
pep_0392,gene_079,drug,24h,4,127.82159489612198
pep_0392,gene_079,drug,24h,5,187.82980799954785
pep_0392,gene_079,drug,24h,6,150.52821484558194
pep_0392,gene_079,drug,6h,1,177.30368237330558
pep_0392,gene_079,drug,6h,2,194.02987692438433
pep_0392,gene_079,drug,6h,3,112.36182224039982
pep_0392,gene_079,drug,6h,4,118.10595564517477
pep_0392,gene_079,drug,6h,5,132.00422265445852
pep_0392,gene_079,drug,6h,6,152.2838665356183
pep_0393,gene_079,ctrl,0h,1,32.73998129977069
pep_0393,gene_079,ctrl,0h,2,54.84982678962015
pep_0393,gene_079,ctrl,0h,3,27.644846355363114
pep_0393,gene_079,ctrl,0h,4,55.80414627513786
pep_0393,gene_079,ctrl,0h,5,50.92924077282283
pep_0393,gene_079,ctrl,0h,6,36.51783333334659
pep_0393,gene_079,ctrl,24h,1,92.03323985190727
pep_0393,gene_079,ctrl,24h,2,48.62935333537051
pep_0393,gene_079,ctrl,24h,3,40.19433462006189
pep_0393,gene_079,ctrl,24h,4,53.52303299698488
pep_0393,gene_079,ctrl,24h,5,36.06622844870234
pep_0393,gene_079,ctrl,24h,6,106.47168274824365
pep_0393,gene_079,ctrl,6h,1,61.955112676614974
pep_0393,gene_079,ctrl,6h,2,64.60706826746153
pep_0393,gene_079,ctrl,6h,3,37.474288585518345
pep_0393,gene_079,ctrl,6h,4,47.0061555972223
pep_0393,gene_079,ctrl,6h,5,54.17282454011999
pep_0393,gene_079,ctrl,6h,6,102.12888763802039
pep_0393,gene_079,drug,0h,1,35.48933830671863
pep_0393,gene_079,drug,0h,2,43.466748124492284
pep_0393,gene_079,drug,0h,3,55.008966610977645
pep_0393,gene_079,drug,0h,4,78.46028423589497
pep_0393,gene_079,drug,0h,5,55.83966765704921
pep_0393,gene_079,drug,0h,6,29.041933809911708
pep_0393,gene_079,drug,24h,1,42.62989114657937
pep_0393,gene_079,drug,24h,2,24.097697811568672
pep_0393,gene_079,drug,24h,3,49.42926170646236
pep_0393,gene_079,drug,24h,4,41.896178505917675
pep_0393,gene_079,drug,24h,5,42.44761385916746
pep_0393,gene_079,drug,24h,6,24.328059847743315
pep_0393,gene_079,drug,6h,1,47.37496248137272
pep_0393,gene_079,drug,6h,2,40.287333053189684
pep_0393,gene_079,drug,6h,3,52.19395013281822
pep_0393,gene_079,drug,6h,4,18.241645501693938
pep_0393,gene_079,drug,6h,5,55.32900493206626
pep_0393,gene_079,drug,6h,6,18.422267838869683
pep_0394,gene_079,ctrl,0h,1,82.3634691999564
pep_0394,gene_079,ctrl,0h,2,37.67915524305966
pep_0394,gene_079,ctrl,0h,3,130.35201956019372
pep_0394,gene_079,ctrl,0h,4,45.52336612502593
pep_0394,gene_079,ctrl,0h,5,27.09417283536553
pep_0394,gene_079,ctrl,0h,6,34.48662319799849
pep_0394,gene_079,ctrl,24h,1,62.12961290080884
pep_0394,gene_079,ctrl,24h,2,23.679386143373605
pep_0394,gene_079,ctrl,24h,3,66.46329851867483
pep_0394,gene_079,ctrl,24h,4,117.30506611278027
pep_0394,gene_079,ctrl,24h,5,77.79485520453687
pep_0394,gene_079,ctrl,24h,6,40.13138542338348
pep_0394,gene_079,ctrl,6h,1,47.90395144664827
pep_0394,gene_079,ctrl,6h,2,38.33727503754738
pep_0394,gene_079,ctrl,6h,3,69.93670754044359
pep_0394,gene_079,ctrl,6h,4,40.40616649446175
pep_0394,gene_079,ctrl,6h,5,154.49232813226476
pep_0394,gene_079,ctrl,6h,6,34.10827688600176
pep_0394,gene_079,drug,0h,1,47.56399820366326
pep_0394,gene_079,drug,0h,2,51.953385867387965
pep_0394,gene_079,drug,0h,3,18.500897632072473
pep_0394,gene_079,drug,0h,4,73.62440608775213
pep_0394,gene_079,drug,0h,5,41.098309596047514
pep_0394,gene_079,drug,0h,6,62.704102244335736
pep_0394,gene_079,drug,24h,1,57.25895133356719
pep_0394,gene_079,drug,24h,2,38.15950947200611
pep_0394,gene_079,drug,24h,3,48.56742006800263
pep_0394,gene_079,drug,24h,4,11.592768676476783
pep_0394,gene_079,drug,24h,5,61.87314348017031
pep_0394,gene_079,drug,24h,6,38.33237706751541
pep_0394,gene_079,drug,6h,1,72.74381137878386
pep_0394,gene_079,drug,6h,2,90.31169842818703
pep_0394,gene_079,drug,6h,3,50.28366579766773
pep_0394,gene_079,drug,6h,4,91.63334471780715
pep_0394,gene_079,drug,6h,5,61.59829550456131
pep_0394,gene_079,drug,6h,6,48.41822356762077
pep_0395,gene_079,ctrl,0h,1,49.28199061014071
pep_0395,gene_079,ctrl,0h,2,13.978021280115643
pep_0395,gene_079,ctrl,0h,3,37.120278048671295
pep_0395,gene_079,ctrl,0h,4,36.30351286784592
pep_0395,gene_079,ctrl,0h,5,43.01439707413063
pep_0395,gene_079,ctrl,0h,6,46.04391346676328
pep_0395,gene_079,ctrl,24h,1,13.808778224229728
pep_0395,gene_079,ctrl,24h,2,53.187906720172016
pep_0395,gene_079,ctrl,24h,3,60.013156838586596
pep_0395,gene_079,ctrl,24h,4,46.22687527880484
pep_0395,gene_079,ctrl,24h,5,7.428834224405959
pep_0395,gene_079,ctrl,24h,6,29.150156545215715
pep_0395,gene_079,ctrl,6h,1,159.46201313074636
pep_0395,gene_079,ctrl,6h,2,89.38601387807131
pep_0395,gene_079,ctrl,6h,3,42.26486792356978
pep_0395,gene_079,ctrl,6h,4,55.11419330427287
pep_0395,gene_079,ctrl,6h,5,20.041957796057492
pep_0395,gene_079,ctrl,6h,6,86.08350085972347
pep_0395,gene_079,drug,0h,1,35.06292971941974
pep_0395,gene_079,drug,0h,2,13.098829266962692
pep_0395,gene_079,drug,0h,3,52.95275974880556
pep_0395,gene_079,drug,0h,4,77.48147392346951
pep_0395,gene_079,drug,0h,5,19.634683310026126
pep_0395,gene_079,drug,0h,6,41.617220567720906
pep_0395,gene_079,drug,24h,1,17.94758230447682
pep_0395,gene_079,drug,24h,2,81.05277093906211
pep_0395,gene_079,drug,24h,3,36.287148715429446
pep_0395,gene_079,drug,24h,4,38.6613253545946
pep_0395,gene_079,drug,24h,5,10.963687985965612
pep_0395,gene_079,drug,24h,6,76.72065868851773
pep_0395,gene_079,drug,6h,1,42.03033269129782
pep_0395,gene_079,drug,6h,2,37.49571071340133
pep_0395,gene_079,drug,6h,3,44.08051108636281
pep_0395,gene_079,drug,6h,4,40.771945490977366
pep_0395,gene_079,drug,6h,5,50.07555506646019
pep_0395,gene_079,drug,6h,6,23.815848359648804
pep_0396,gene_080,ctrl,0h,1,95.46720640735646
pep_0396,gene_080,ctrl,0h,2,69.03676887236799
pep_0396,gene_080,ctrl,0h,3,109.19859776500483
pep_0396,gene_080,ctrl,0h,4,111.03873174506457
pep_0396,gene_080,ctrl,0h,5,63.97326780958504
pep_0396,gene_080,ctrl,0h,6,118.34063441798159
pep_0396,gene_080,ctrl,24h,1,73.28632295382488
pep_0396,gene_080,ctrl,24h,2,109.51177620446873
pep_0396,gene_080,ctrl,24h,3,64.56833620155511
pep_0396,gene_080,ctrl,24h,4,62.81175573122371
pep_0396,gene_080,ctrl,24h,5,117.99243321549321
pep_0396,gene_080,ctrl,24h,6,84.21514831087744
pep_0396,gene_080,ctrl,6h,1,81.04709882625198
pep_0396,gene_080,ctrl,6h,2,58.50927532379406
pep_0396,gene_080,ctrl,6h,3,26.055457026707753
pep_0396,gene_080,ctrl,6h,4,93.92354910317661
pep_0396,gene_080,ctrl,6h,5,96.93931879653252
pep_0396,gene_080,ctrl,6h,6,68.76898949934626
pep_0396,gene_080,drug,0h,1,54.862402337410735
pep_0396,gene_080,drug,0h,2,104.61932711601919
pep_0396,gene_080,drug,0h,3,86.63611780822855
pep_0396,gene_080,drug,0h,4,79.07275526608717
pep_0396,gene_080,drug,0h,5,89.31872533675683
pep_0396,gene_080,drug,0h,6,61.58691541213487
pep_0396,gene_080,drug,24h,1,51.857775414136874
pep_0396,gene_080,drug,24h,2,107.38102992722628
pep_0396,gene_080,drug,24h,3,51.58162156457252
pep_0396,gene_080,drug,24h,4,83.75315246222092
pep_0396,gene_080,drug,24h,5,78.0340168908553
pep_0396,gene_080,drug,24h,6,74.28957798289292
pep_0396,gene_080,drug,6h,1,93.30241182799595
pep_0396,gene_080,drug,6h,2,117.73231960061413
pep_0396,gene_080,drug,6h,3,67.95897768030802
pep_0396,gene_080,drug,6h,4,93.7948843113425
pep_0396,gene_080,drug,6h,5,94.00856278199056
pep_0396,gene_080,drug,6h,6,108.9793331424255
pep_0397,gene_080,ctrl,0h,1,79.22933094697296
pep_0397,gene_080,ctrl,0h,2,53.176741064918474
pep_0397,gene_080,ctrl,0h,3,62.547513468764684
pep_0397,gene_080,ctrl,0h,4,52.80821106499899
pep_0397,gene_080,ctrl,0h,5,57.043527352898955
pep_0397,gene_080,ctrl,0h,6,30.86519612908973
pep_0397,gene_080,ctrl,24h,1,66.02497640884307
pep_0397,gene_080,ctrl,24h,2,29.03109078285476
pep_0397,gene_080,ctrl,24h,3,60.08036685607496
pep_0397,gene_080,ctrl,24h,4,33.8958511997755
pep_0397,gene_080,ctrl,24h,5,37.987989134035594
pep_0397,gene_080,ctrl,24h,6,40.75217561591352
pep_0397,gene_080,ctrl,6h,1,72.31545765957175
pep_0397,gene_080,ctrl,6h,2,105.02365875524578
pep_0397,gene_080,ctrl,6h,3,19.436399438838222
pep_0397,gene_080,ctrl,6h,4,72.26685254633607
pep_0397,gene_080,ctrl,6h,5,62.671091128735625
pep_0397,gene_080,ctrl,6h,6,50.82135457917228
pep_0397,gene_080,drug,0h,1,39.553506474248024
pep_0397,gene_080,drug,0h,2,49.95544945732321
pep_0397,gene_080,drug,0h,3,44.281377476189306
pep_0397,gene_080,drug,0h,4,56.81141618091974
pep_0397,gene_080,drug,0h,5,27.38557784951886
pep_0397,gene_080,drug,0h,6,77.89631424410587
pep_0397,gene_080,drug,24h,1,41.5651605083358
pep_0397,gene_080,drug,24h,2,57.17682423362124
pep_0397,gene_080,drug,24h,3,51.24175006912545
pep_0397,gene_080,drug,24h,4,70.50449824391166
pep_0397,gene_080,drug,24h,5,50.09404267887034
pep_0397,gene_080,drug,24h,6,48.23784396520524
pep_0397,gene_080,drug,6h,1,20.95827752422944
pep_0397,gene_080,drug,6h,2,32.90034104585628
pep_0397,gene_080,drug,6h,3,39.72830159712638
pep_0397,gene_080,drug,6h,4,55.942897464709446
pep_0397,gene_080,drug,6h,5,163.2435000381202
pep_0397,gene_080,drug,6h,6,35.44861543948942
pep_0398,gene_080,ctrl,0h,1,151.71105788142435
pep_0398,gene_080,ctrl,0h,2,69.63256541860159
pep_0398,gene_080,ctrl,0h,3,140.8107454406206
pep_0398,gene_080,ctrl,0h,4,83.14900168802048
pep_0398,gene_080,ctrl,0h,5,77.32367269523864
pep_0398,gene_080,ctrl,0h,6,105.97699078765339
pep_0398,gene_080,ctrl,24h,1,90.90631185805829
pep_0398,gene_080,ctrl,24h,2,130.00761481172503
pep_0398,gene_080,ctrl,24h,3,109.00930849199165
pep_0398,gene_080,ctrl,24h,4,148.31973554175235
pep_0398,gene_080,ctrl,24h,5,111.73580663552035
pep_0398,gene_080,ctrl,24h,6,170.73897449505085
pep_0398,gene_080,ctrl,6h,1,190.89269081571697
pep_0398,gene_080,ctrl,6h,2,83.68153921562224
pep_0398,gene_080,ctrl,6h,3,97.22738208430124
pep_0398,gene_080,ctrl,6h,4,98.94286212560583
pep_0398,gene_080,ctrl,6h,5,163.34307394166083
pep_0398,gene_080,ctrl,6h,6,75.75829459115042
pep_0398,gene_080,drug,0h,1,163.71090080261936
pep_0398,gene_080,drug,0h,2,118.5619950682607
pep_0398,gene_080,drug,0h,3,123.8466091911698
pep_0398,gene_080,drug,0h,4,158.46698601423785
pep_0398,gene_080,drug,0h,5,140.23118970241254
pep_0398,gene_080,drug,0h,6,102.81439655715289
pep_0398,gene_080,drug,24h,1,129.08078696657796
pep_0398,gene_080,drug,24h,2,94.31667544449903
pep_0398,gene_080,drug,24h,3,116.76467319347458
pep_0398,gene_080,drug,24h,4,101.9386382299997
pep_0398,gene_080,drug,24h,5,127.5910837732516
pep_0398,gene_080,drug,24h,6,177.42331745215526
pep_0398,gene_080,drug,6h,1,65.46793250029053
pep_0398,gene_080,drug,6h,2,79.86671032239619
pep_0398,gene_080,drug,6h,3,69.50329302859907
pep_0398,gene_080,drug,6h,4,93.87462709243133
pep_0398,gene_080,drug,6h,5,78.82955611349219
pep_0398,gene_080,drug,6h,6,112.91424959891353
pep_0399,gene_080,ctrl,0h,1,121.15321414702305
pep_0399,gene_080,ctrl,0h,2,126.3189581481412
pep_0399,gene_080,ctrl,0h,3,89.94836143728067
pep_0399,gene_080,ctrl,0h,4,115.12856928621868
pep_0399,gene_080,ctrl,0h,5,193.87679171568695
pep_0399,gene_080,ctrl,0h,6,37.12506289567108
pep_0399,gene_080,ctrl,24h,1,131.9112290308184
pep_0399,gene_080,ctrl,24h,2,199.30101923818702
pep_0399,gene_080,ctrl,24h,3,70.2346433923241
pep_0399,gene_080,ctrl,24h,4,85.48959426138336
pep_0399,gene_080,ctrl,24h,5,94.24498252269565
pep_0399,gene_080,ctrl,24h,6,70.12735453337451
pep_0399,gene_080,ctrl,6h,1,102.18824754808503
pep_0399,gene_080,ctrl,6h,2,104.11628060557426
pep_0399,gene_080,ctrl,6h,3,160.38980541973572
pep_0399,gene_080,ctrl,6h,4,127.34501708169468
pep_0399,gene_080,ctrl,6h,5,147.59507170696725
pep_0399,gene_080,ctrl,6h,6,140.9159894113538
pep_0399,gene_080,drug,0h,1,164.1831773809192
pep_0399,gene_080,drug,0h,2,142.29634876491227
pep_0399,gene_080,drug,0h,3,171.43375585579875
pep_0399,gene_080,drug,0h,4,147.77350707187776
pep_0399,gene_080,drug,0h,5,95.32636147540967
pep_0399,gene_080,drug,0h,6,107.34526350228467
pep_0399,gene_080,drug,24h,1,119.03268121069165
pep_0399,gene_080,drug,24h,2,178.60669170382928
pep_0399,gene_080,drug,24h,3,128.46562544064133
pep_0399,gene_080,drug,24h,4,144.42438899867867
pep_0399,gene_080,drug,24h,5,74.57892327679998
pep_0399,gene_080,drug,24h,6,136.96683011202623
pep_0399,gene_080,drug,6h,1,207.5974190004839
pep_0399,gene_080,drug,6h,2,212.92559217066136
pep_0399,gene_080,drug,6h,3,228.32820826514904
pep_0399,gene_080,drug,6h,4,105.59710708041302
pep_0399,gene_080,drug,6h,5,89.4754500039963
pep_0399,gene_080,drug,6h,6,173.28969568479903
pep_0400,gene_080,ctrl,0h,1,39.08058719291286
pep_0400,gene_080,ctrl,0h,2,101.55706870007374
pep_0400,gene_080,ctrl,0h,3,33.13251742600428
pep_0400,gene_080,ctrl,0h,4,51.579544533699675
pep_0400,gene_080,ctrl,0h,5,25.5442922056081
pep_0400,gene_080,ctrl,0h,6,30.396038316082155
pep_0400,gene_080,ctrl,24h,1,19.85240598434363
pep_0400,gene_080,ctrl,24h,2,29.80497088387612
pep_0400,gene_080,ctrl,24h,3,44.011475891644785
pep_0400,gene_080,ctrl,24h,4,73.58961743948431
pep_0400,gene_080,ctrl,24h,5,44.11370133193711
pep_0400,gene_080,ctrl,24h,6,49.127436814273395
pep_0400,gene_080,ctrl,6h,1,30.105787670186494
pep_0400,gene_080,ctrl,6h,2,44.88250545321067
pep_0400,gene_080,ctrl,6h,3,17.341945938732394
pep_0400,gene_080,ctrl,6h,4,62.06656935674911
pep_0400,gene_080,ctrl,6h,5,54.83881794559993
pep_0400,gene_080,ctrl,6h,6,54.34717998168365
pep_0400,gene_080,drug,0h,1,54.215451253857296
pep_0400,gene_080,drug,0h,2,44.42716308638537
pep_0400,gene_080,drug,0h,3,29.645476126469458
pep_0400,gene_080,drug,0h,4,71.70856783317265
pep_0400,gene_080,drug,0h,5,34.072695048274
pep_0400,gene_080,drug,0h,6,22.96699784424123
pep_0400,gene_080,drug,24h,1,93.02047840606271
pep_0400,gene_080,drug,24h,2,8.024016849141855
pep_0400,gene_080,drug,24h,3,107.13954192562147
pep_0400,gene_080,drug,24h,4,96.32664641506604
pep_0400,gene_080,drug,24h,5,59.331713386342166
pep_0400,gene_080,drug,24h,6,36.49163074565343
pep_0400,gene_080,drug,6h,1,25.45726944465948
pep_0400,gene_080,drug,6h,2,53.47893267932072
pep_0400,gene_080,drug,6h,3,41.17081639019932
pep_0400,gene_080,drug,6h,4,40.55530260107546
pep_0400,gene_080,drug,6h,5,34.41486882690142
pep_0400,gene_080,drug,6h,6,24.227714858046106
pep_0401,gene_081,ctrl,0h,1,47.541415066697006
pep_0401,gene_081,ctrl,0h,2,35.414114378968996
pep_0401,gene_081,ctrl,0h,3,97.5784181761866
pep_0401,gene_081,ctrl,0h,4,46.51538799883711
pep_0401,gene_081,ctrl,0h,5,61.065919425394256
pep_0401,gene_081,ctrl,0h,6,41.3716958861596
pep_0401,gene_081,ctrl,24h,1,68.67940405397569
pep_0401,gene_081,ctrl,24h,2,72.53931014561215
pep_0401,gene_081,ctrl,24h,3,49.75563218880242
pep_0401,gene_081,ctrl,24h,4,43.35104172021568
pep_0401,gene_081,ctrl,24h,5,97.1824198471873
pep_0401,gene_081,ctrl,24h,6,62.52236569922085
pep_0401,gene_081,ctrl,6h,1,68.62475521732647
pep_0401,gene_081,ctrl,6h,2,77.2442999889701
pep_0401,gene_081,ctrl,6h,3,39.52802747324315
pep_0401,gene_081,ctrl,6h,4,48.405064414356694
pep_0401,gene_081,ctrl,6h,5,29.662473056416033
pep_0401,gene_081,ctrl,6h,6,56.61272400797895
pep_0401,gene_081,drug,0h,1,64.97363612881
pep_0401,gene_081,drug,0h,2,110.24560926890574
pep_0401,gene_081,drug,0h,3,30.638936263576095
pep_0401,gene_081,drug,0h,4,88.10246652707389
pep_0401,gene_081,drug,0h,5,55.57147278205811
pep_0401,gene_081,drug,0h,6,62.420366838331724
pep_0401,gene_081,drug,24h,1,68.6194447596446
pep_0401,gene_081,drug,24h,2,58.93077433531302
pep_0401,gene_081,drug,24h,3,59.105437631159084
pep_0401,gene_081,drug,24h,4,86.3176599936248
pep_0401,gene_081,drug,24h,5,42.032978295205645
pep_0401,gene_081,drug,24h,6,42.79282854222154
pep_0401,gene_081,drug,6h,1,27.108446351610095
pep_0401,gene_081,drug,6h,2,57.377735767902124
pep_0401,gene_081,drug,6h,3,51.01831770854617
pep_0401,gene_081,drug,6h,4,51.26240455312945
pep_0401,gene_081,drug,6h,5,28.22688143595139
pep_0401,gene_081,drug,6h,6,29.284329027433728
pep_0402,gene_081,ctrl,0h,1,60.11908112311287
pep_0402,gene_081,ctrl,0h,2,56.77917321199655
pep_0402,gene_081,ctrl,0h,3,56.938934241364024
pep_0402,gene_081,ctrl,0h,4,101.29964608676117
pep_0402,gene_081,ctrl,0h,5,55.0548011978568
pep_0402,gene_081,ctrl,0h,6,74.66732845723277
pep_0402,gene_081,ctrl,24h,1,62.184728532957294
pep_0402,gene_081,ctrl,24h,2,27.921774556554038
pep_0402,gene_081,ctrl,24h,3,63.4327275512958
pep_0402,gene_081,ctrl,24h,4,58.18962310085342
pep_0402,gene_081,ctrl,24h,5,62.452135046679025
pep_0402,gene_081,ctrl,24h,6,38.72415844940018
pep_0402,gene_081,ctrl,6h,1,59.63424903464956
pep_0402,gene_081,ctrl,6h,2,79.29458791069025
pep_0402,gene_081,ctrl,6h,3,82.8925232377094
pep_0402,gene_081,ctrl,6h,4,75.16142802764898
pep_0402,gene_081,ctrl,6h,5,56.30780575287864
pep_0402,gene_081,ctrl,6h,6,51.99761475146403
pep_0402,gene_081,drug,0h,1,82.11417228493629
pep_0402,gene_081,drug,0h,2,92.43715704341986
pep_0402,gene_081,drug,0h,3,103.68637528814854
pep_0402,gene_081,drug,0h,4,81.40578826676057
pep_0402,gene_081,drug,0h,5,86.3403482712681
pep_0402,gene_081,drug,0h,6,100.52785357006265
pep_0402,gene_081,drug,24h,1,58.671153285071156
pep_0402,gene_081,drug,24h,2,55.93579733816213
pep_0402,gene_081,drug,24h,3,59.57795247385808
pep_0402,gene_081,drug,24h,4,21.760011218838578
pep_0402,gene_081,drug,24h,5,43.46994701158825
pep_0402,gene_081,drug,24h,6,88.1306945146795
pep_0402,gene_081,drug,6h,1,37.470806780248004
pep_0402,gene_081,drug,6h,2,67.22442359695656
pep_0402,gene_081,drug,6h,3,68.27247380471422
pep_0402,gene_081,drug,6h,4,64.80363080083691
pep_0402,gene_081,drug,6h,5,37.87353191738482
pep_0402,gene_081,drug,6h,6,49.55230476616705
pep_0403,gene_081,ctrl,0h,1,62.36822973252896
pep_0403,gene_081,ctrl,0h,2,71.88562153845862
pep_0403,gene_081,ctrl,0h,3,120.62535730930334
pep_0403,gene_081,ctrl,0h,4,113.75925518919247
pep_0403,gene_081,ctrl,0h,5,41.005154438743055
pep_0403,gene_081,ctrl,0h,6,46.706695348177284
pep_0403,gene_081,ctrl,24h,1,35.26207406577997
pep_0403,gene_081,ctrl,24h,2,114.67998556604088
pep_0403,gene_081,ctrl,24h,3,57.903950827935184
pep_0403,gene_081,ctrl,24h,4,89.8201008640595
pep_0403,gene_081,ctrl,24h,5,68.83477635786483
pep_0403,gene_081,ctrl,24h,6,62.968293601587355
pep_0403,gene_081,ctrl,6h,1,91.0672776901797
pep_0403,gene_081,ctrl,6h,2,58.755481581036634
pep_0403,gene_081,ctrl,6h,3,38.695958289179174
pep_0403,gene_081,ctrl,6h,4,123.50438091609834
pep_0403,gene_081,ctrl,6h,5,87.55282987443418
pep_0403,gene_081,ctrl,6h,6,88.83603576446978
pep_0403,gene_081,drug,0h,1,87.07487012610389
pep_0403,gene_081,drug,0h,2,72.96591332539617
pep_0403,gene_081,drug,0h,3,60.78850142234326
pep_0403,gene_081,drug,0h,4,49.5958441716068
pep_0403,gene_081,drug,0h,5,60.156196364049606
pep_0403,gene_081,drug,0h,6,96.01192183669633
pep_0403,gene_081,drug,24h,1,57.487707390509335
pep_0403,gene_081,drug,24h,2,92.77967696968275
pep_0403,gene_081,drug,24h,3,63.928616729674225
pep_0403,gene_081,drug,24h,4,85.68719835664395
pep_0403,gene_081,drug,24h,5,86.05038332913745
pep_0403,gene_081,drug,24h,6,90.97660402201964
pep_0403,gene_081,drug,6h,1,43.57806614499566
pep_0403,gene_081,drug,6h,2,35.24650120551098
pep_0403,gene_081,drug,6h,3,112.60243476828472
pep_0403,gene_081,drug,6h,4,71.69878997597067
pep_0403,gene_081,drug,6h,5,84.90248685626753
pep_0403,gene_081,drug,6h,6,81.89656382795928
pep_0404,gene_081,ctrl,0h,1,73.79939991766649
pep_0404,gene_081,ctrl,0h,2,98.5802249536116
pep_0404,gene_081,ctrl,0h,3,104.9876539488189
pep_0404,gene_081,ctrl,0h,4,30.96508516793004
pep_0404,gene_081,ctrl,0h,5,105.65987877962552
pep_0404,gene_081,ctrl,0h,6,93.12057409558493
pep_0404,gene_081,ctrl,24h,1,48.99209841658284
pep_0404,gene_081,ctrl,24h,2,79.4633703496611
pep_0404,gene_081,ctrl,24h,3,81.51172785578821
pep_0404,gene_081,ctrl,24h,4,43.50846396473859
pep_0404,gene_081,ctrl,24h,5,55.476753454400104
pep_0404,gene_081,ctrl,24h,6,35.95052309777635
pep_0404,gene_081,ctrl,6h,1,174.33137779143092
pep_0404,gene_081,ctrl,6h,2,24.760502920756487
pep_0404,gene_081,ctrl,6h,3,149.04658731893207
pep_0404,gene_081,ctrl,6h,4,99.38756398561615
pep_0404,gene_081,ctrl,6h,5,43.60597932980599
pep_0404,gene_081,ctrl,6h,6,34.20422585423336
pep_0404,gene_081,drug,0h,1,35.85590901172838
pep_0404,gene_081,drug,0h,2,109.44102217683486
pep_0404,gene_081,drug,0h,3,47.53939091523661
pep_0404,gene_081,drug,0h,4,52.54796826300577
pep_0404,gene_081,drug,0h,5,96.05749583064654
pep_0404,gene_081,drug,0h,6,44.063316016249075
pep_0404,gene_081,drug,24h,1,123.44838651866641
pep_0404,gene_081,drug,24h,2,45.183021605415824
pep_0404,gene_081,drug,24h,3,82.1446993746287
pep_0404,gene_081,drug,24h,4,44.62113987298892
pep_0404,gene_081,drug,24h,5,75.65399558481022
pep_0404,gene_081,drug,24h,6,51.54115062715803
pep_0404,gene_081,drug,6h,1,63.84261902598278
pep_0404,gene_081,drug,6h,2,31.34516119272687
pep_0404,gene_081,drug,6h,3,89.17918214451575
pep_0404,gene_081,drug,6h,4,70.80188121589696
pep_0404,gene_081,drug,6h,5,52.56722340455366
pep_0404,gene_081,drug,6h,6,123.48872287074826
pep_0405,gene_081,ctrl,0h,1,52.94292283801695
pep_0405,gene_081,ctrl,0h,2,60.87010084109913
pep_0405,gene_081,ctrl,0h,3,67.15244928193769
pep_0405,gene_081,ctrl,0h,4,68.81826445946963
pep_0405,gene_081,ctrl,0h,5,51.54677770854165
pep_0405,gene_081,ctrl,0h,6,47.36057272057434
pep_0405,gene_081,ctrl,24h,1,100.17164566392997
pep_0405,gene_081,ctrl,24h,2,50.529068924747534
pep_0405,gene_081,ctrl,24h,3,30.390003680512727
pep_0405,gene_081,ctrl,24h,4,37.33203754953395
pep_0405,gene_081,ctrl,24h,5,64.62992802719596
pep_0405,gene_081,ctrl,24h,6,37.91085362919607
pep_0405,gene_081,ctrl,6h,1,67.89748347927092
pep_0405,gene_081,ctrl,6h,2,59.79842614284595
pep_0405,gene_081,ctrl,6h,3,76.31076226551626
pep_0405,gene_081,ctrl,6h,4,26.05409915737978
pep_0405,gene_081,ctrl,6h,5,89.50056251194387
pep_0405,gene_081,ctrl,6h,6,74.242653270144
pep_0405,gene_081,drug,0h,1,101.52688748796426
pep_0405,gene_081,drug,0h,2,32.406407549689
pep_0405,gene_081,drug,0h,3,101.57790063442147
pep_0405,gene_081,drug,0h,4,88.3056296449078
pep_0405,gene_081,drug,0h,5,67.45705772971564
pep_0405,gene_081,drug,0h,6,33.998903927736706
pep_0405,gene_081,drug,24h,1,80.40556168197111
pep_0405,gene_081,drug,24h,2,101.59822218493662
pep_0405,gene_081,drug,24h,3,69.03905158267145
pep_0405,gene_081,drug,24h,4,50.684608819660475
pep_0405,gene_081,drug,24h,5,81.05334512833453
pep_0405,gene_081,drug,24h,6,118.20431540677468
pep_0405,gene_081,drug,6h,1,41.732927270586096
pep_0405,gene_081,drug,6h,2,98.64152258178588
pep_0405,gene_081,drug,6h,3,71.76747556414655
pep_0405,gene_081,drug,6h,4,52.54066354205721
pep_0405,gene_081,drug,6h,5,101.94525992723365
pep_0405,gene_081,drug,6h,6,40.84737757044838
pep_0406,gene_082,ctrl,0h,1,93.5659477248176
pep_0406,gene_082,ctrl,0h,2,81.5170132348946
pep_0406,gene_082,ctrl,0h,3,106.17997580515049
pep_0406,gene_082,ctrl,0h,4,39.87820140228227
pep_0406,gene_082,ctrl,0h,5,50.98553665365431
pep_0406,gene_082,ctrl,0h,6,109.15245262492347
pep_0406,gene_082,ctrl,24h,1,49.44345830313423
pep_0406,gene_082,ctrl,24h,2,75.55601115746013
pep_0406,gene_082,ctrl,24h,3,41.45671807032627
pep_0406,gene_082,ctrl,24h,4,25.672166203271594
pep_0406,gene_082,ctrl,24h,5,87.65664791651699
pep_0406,gene_082,ctrl,24h,6,30.21436885142711
pep_0406,gene_082,ctrl,6h,1,57.16479208369358
pep_0406,gene_082,ctrl,6h,2,73.34518160556674
pep_0406,gene_082,ctrl,6h,3,29.118066994089453
pep_0406,gene_082,ctrl,6h,4,79.17247030939579
pep_0406,gene_082,ctrl,6h,5,64.04118452452812
pep_0406,gene_082,ctrl,6h,6,69.83115008753255
pep_0406,gene_082,drug,0h,1,90.48511213731092
pep_0406,gene_082,drug,0h,2,132.49182023770095
pep_0406,gene_082,drug,0h,3,70.04659559807264
pep_0406,gene_082,drug,0h,4,50.41022069044469
pep_0406,gene_082,drug,0h,5,68.68407590754624
pep_0406,gene_082,drug,0h,6,59.07349288113545
pep_0406,gene_082,drug,24h,1,107.69827929214024
pep_0406,gene_082,drug,24h,2,29.81174339971648
pep_0406,gene_082,drug,24h,3,132.663975052283
pep_0406,gene_082,drug,24h,4,47.7611797153567
pep_0406,gene_082,drug,24h,5,145.5068193275217
pep_0406,gene_082,drug,24h,6,151.21546125611047
pep_0406,gene_082,drug,6h,1,123.67717528561587
pep_0406,gene_082,drug,6h,2,47.37647136125381
pep_0406,gene_082,drug,6h,3,41.1297641239235
pep_0406,gene_082,drug,6h,4,123.41497757737238
pep_0406,gene_082,drug,6h,5,123.24536009851727
pep_0406,gene_082,drug,6h,6,46.238898872985494
pep_0407,gene_082,ctrl,0h,1,71.57987086100754
pep_0407,gene_082,ctrl,0h,2,52.13943735441063
pep_0407,gene_082,ctrl,0h,3,133.114945813242
pep_0407,gene_082,ctrl,0h,4,68.67656169005352
pep_0407,gene_082,ctrl,0h,5,29.971984031032672
pep_0407,gene_082,ctrl,0h,6,27.730430659437083
pep_0407,gene_082,ctrl,24h,1,79.10493063098679
pep_0407,gene_082,ctrl,24h,2,34.66010658416824
pep_0407,gene_082,ctrl,24h,3,55.05817776041364
pep_0407,gene_082,ctrl,24h,4,NA
pep_0407,gene_082,ctrl,24h,5,113.60785949276038
pep_0407,gene_082,ctrl,24h,6,29.031482066035817
pep_0407,gene_082,ctrl,6h,1,54.39848934071736
pep_0407,gene_082,ctrl,6h,2,41.323435985243655
pep_0407,gene_082,ctrl,6h,3,32.12557892894164
pep_0407,gene_082,ctrl,6h,4,12.097558198156905
pep_0407,gene_082,ctrl,6h,5,50.70855147286767
pep_0407,gene_082,ctrl,6h,6,41.41221829445393
pep_0407,gene_082,drug,0h,1,34.7283917719009
pep_0407,gene_082,drug,0h,2,61.07812759543976
pep_0407,gene_082,drug,0h,3,95.43213354405617
pep_0407,gene_082,drug,0h,4,52.79027952108836
pep_0407,gene_082,drug,0h,5,42.93619944770685
pep_0407,gene_082,drug,0h,6,81.81595145238397
pep_0407,gene_082,drug,24h,1,23.876861231054136
pep_0407,gene_082,drug,24h,2,43.197684147597485
pep_0407,gene_082,drug,24h,3,17.21947963115541
pep_0407,gene_082,drug,24h,4,57.47811996202793
pep_0407,gene_082,drug,24h,5,78.27431871360184
pep_0407,gene_082,drug,24h,6,24.99605148294652
pep_0407,gene_082,drug,6h,1,71.36950877933175
pep_0407,gene_082,drug,6h,2,68.82548188217376
pep_0407,gene_082,drug,6h,3,25.05046388008111
pep_0407,gene_082,drug,6h,4,43.1386259069134
pep_0407,gene_082,drug,6h,5,39.95017253567083
pep_0407,gene_082,drug,6h,6,30.151622935878063
pep_0408,gene_082,ctrl,0h,1,109.82072064987226
pep_0408,gene_082,ctrl,0h,2,37.85801324734574
pep_0408,gene_082,ctrl,0h,3,90.72859825960333
pep_0408,gene_082,ctrl,0h,4,49.03769920157641
pep_0408,gene_082,ctrl,0h,5,53.76849749947066
pep_0408,gene_082,ctrl,0h,6,52.57930563703433
pep_0408,gene_082,ctrl,24h,1,70.71912126850745
pep_0408,gene_082,ctrl,24h,2,76.16989264353397
pep_0408,gene_082,ctrl,24h,3,51.08220679460073
pep_0408,gene_082,ctrl,24h,4,28.621723575140276
pep_0408,gene_082,ctrl,24h,5,47.38519467204895
pep_0408,gene_082,ctrl,24h,6,20.94163118446267
pep_0408,gene_082,ctrl,6h,1,88.53179852306903
pep_0408,gene_082,ctrl,6h,2,47.138212423436656
pep_0408,gene_082,ctrl,6h,3,31.590113779556884
pep_0408,gene_082,ctrl,6h,4,46.44428562435693
pep_0408,gene_082,ctrl,6h,5,26.56636798559813
pep_0408,gene_082,ctrl,6h,6,105.65073010394198
pep_0408,gene_082,drug,0h,1,92.07819462265688
pep_0408,gene_082,drug,0h,2,63.1943057997025
pep_0408,gene_082,drug,0h,3,50.89925483475829
pep_0408,gene_082,drug,0h,4,81.10292023937137
pep_0408,gene_082,drug,0h,5,45.603732873961796
pep_0408,gene_082,drug,0h,6,67.05018491576473
pep_0408,gene_082,drug,24h,1,59.59736599027396
pep_0408,gene_082,drug,24h,2,94.91966967638551
pep_0408,gene_082,drug,24h,3,55.89069111629994
pep_0408,gene_082,drug,24h,4,60.7915545443437
pep_0408,gene_082,drug,24h,5,34.141550074470594
pep_0408,gene_082,drug,24h,6,35.872436209145604
pep_0408,gene_082,drug,6h,1,103.41585994069364
pep_0408,gene_082,drug,6h,2,21.59231278243122
pep_0408,gene_082,drug,6h,3,23.938932384975274
pep_0408,gene_082,drug,6h,4,47.69626721095787
pep_0408,gene_082,drug,6h,5,81.00501223438363
pep_0408,gene_082,drug,6h,6,35.10237747425841
pep_0409,gene_082,ctrl,0h,1,26.010307938847347
pep_0409,gene_082,ctrl,0h,2,36.07430007180258
pep_0409,gene_082,ctrl,0h,3,28.431425513219825
pep_0409,gene_082,ctrl,0h,4,55.270752790039914
pep_0409,gene_082,ctrl,0h,5,78.87078908397078
pep_0409,gene_082,ctrl,0h,6,71.45356817721544
pep_0409,gene_082,ctrl,24h,1,44.02018522095955
pep_0409,gene_082,ctrl,24h,2,88.06861198547344
pep_0409,gene_082,ctrl,24h,3,64.83203343761386
pep_0409,gene_082,ctrl,24h,4,103.07504470736934
pep_0409,gene_082,ctrl,24h,5,38.76751221803493
pep_0409,gene_082,ctrl,24h,6,41.258278708296324
pep_0409,gene_082,ctrl,6h,1,93.39232082472408
pep_0409,gene_082,ctrl,6h,2,54.706113826536594
pep_0409,gene_082,ctrl,6h,3,59.39249239679546
pep_0409,gene_082,ctrl,6h,4,39.39935937914415
pep_0409,gene_082,ctrl,6h,5,63.493400851812126
pep_0409,gene_082,ctrl,6h,6,29.045389803699244
pep_0409,gene_082,drug,0h,1,64.67266029593704
pep_0409,gene_082,drug,0h,2,63.20869856499504
pep_0409,gene_082,drug,0h,3,79.62146740121858
pep_0409,gene_082,drug,0h,4,65.92436659675788
pep_0409,gene_082,drug,0h,5,68.98796386594991
pep_0409,gene_082,drug,0h,6,47.93953287989761
pep_0409,gene_082,drug,24h,1,68.45078931638058
pep_0409,gene_082,drug,24h,2,61.89575984651589
pep_0409,gene_082,drug,24h,3,50.76825312706242
pep_0409,gene_082,drug,24h,4,85.67322730999186
pep_0409,gene_082,drug,24h,5,43.078722976880364
pep_0409,gene_082,drug,24h,6,85.22906909318183
pep_0409,gene_082,drug,6h,1,41.70952826279522
pep_0409,gene_082,drug,6h,2,67.59859192394711
pep_0409,gene_082,drug,6h,3,19.010230566618898
pep_0409,gene_082,drug,6h,4,45.021143430652636
pep_0409,gene_082,drug,6h,5,39.429224280295436
pep_0409,gene_082,drug,6h,6,50.44636862597167
pep_0410,gene_082,ctrl,0h,1,174.64368644654425
pep_0410,gene_082,ctrl,0h,2,121.59732840639518
pep_0410,gene_082,ctrl,0h,3,111.03085231384263
pep_0410,gene_082,ctrl,0h,4,150.25471506476478
pep_0410,gene_082,ctrl,0h,5,98.42507530811405
pep_0410,gene_082,ctrl,0h,6,91.78344486186462
pep_0410,gene_082,ctrl,24h,1,102.7380133549408
pep_0410,gene_082,ctrl,24h,2,129.88543267920394
pep_0410,gene_082,ctrl,24h,3,134.4380433617629
pep_0410,gene_082,ctrl,24h,4,99.81757171414216
pep_0410,gene_082,ctrl,24h,5,71.67521416325896
pep_0410,gene_082,ctrl,24h,6,82.62823931694675
pep_0410,gene_082,ctrl,6h,1,73.57375787230308
pep_0410,gene_082,ctrl,6h,2,99.20069558683203
pep_0410,gene_082,ctrl,6h,3,145.85970011547192
pep_0410,gene_082,ctrl,6h,4,101.36019484974214
pep_0410,gene_082,ctrl,6h,5,60.3053184114867
pep_0410,gene_082,ctrl,6h,6,125.73249495691154
pep_0410,gene_082,drug,0h,1,73.62314192076407
pep_0410,gene_082,drug,0h,2,183.26024969828492
pep_0410,gene_082,drug,0h,3,91.97927241833418
pep_0410,gene_082,drug,0h,4,182.70591637248563
pep_0410,gene_082,drug,0h,5,115.75393942756718
pep_0410,gene_082,drug,0h,6,105.66477099567366
pep_0410,gene_082,drug,24h,1,55.20334810539209
pep_0410,gene_082,drug,24h,2,76.04793964237936
pep_0410,gene_082,drug,24h,3,106.94840975162425
pep_0410,gene_082,drug,24h,4,123.05990636058108
pep_0410,gene_082,drug,24h,5,84.4036716593864
pep_0410,gene_082,drug,24h,6,149.29511837636133
pep_0410,gene_082,drug,6h,1,97.13511899879133
pep_0410,gene_082,drug,6h,2,143.11421870245323
pep_0410,gene_082,drug,6h,3,79.29808301954388
pep_0410,gene_082,drug,6h,4,128.2485960769897
pep_0410,gene_082,drug,6h,5,65.90225571417535
pep_0410,gene_082,drug,6h,6,165.0238616299473
pep_0411,gene_083,ctrl,0h,1,118.95477058298586
pep_0411,gene_083,ctrl,0h,2,70.15738221030388
pep_0411,gene_083,ctrl,0h,3,178.85320363301847
pep_0411,gene_083,ctrl,0h,4,184.47391677294837
pep_0411,gene_083,ctrl,0h,5,103.16781438390211
pep_0411,gene_083,ctrl,0h,6,113.6821860004465
pep_0411,gene_083,ctrl,24h,1,82.64377804129421
pep_0411,gene_083,ctrl,24h,2,109.36418790238929
pep_0411,gene_083,ctrl,24h,3,98.90520738139976
pep_0411,gene_083,ctrl,24h,4,114.48330624868736
pep_0411,gene_083,ctrl,24h,5,119.72079093305155
pep_0411,gene_083,ctrl,24h,6,103.22200602854532
pep_0411,gene_083,ctrl,6h,1,99.81015294431437
pep_0411,gene_083,ctrl,6h,2,60.061210768900914
pep_0411,gene_083,ctrl,6h,3,71.63849277346787
pep_0411,gene_083,ctrl,6h,4,108.05858022397132
pep_0411,gene_083,ctrl,6h,5,94.81444990763526
pep_0411,gene_083,ctrl,6h,6,58.20936237175152
pep_0411,gene_083,drug,0h,1,82.13661228562735
pep_0411,gene_083,drug,0h,2,80.06775439257976
pep_0411,gene_083,drug,0h,3,124.10978747238794
pep_0411,gene_083,drug,0h,4,59.087825217197405
pep_0411,gene_083,drug,0h,5,92.57879381888173
pep_0411,gene_083,drug,0h,6,76.14036833191352
pep_0411,gene_083,drug,24h,1,197.9053900941108
pep_0411,gene_083,drug,24h,2,90.18060832142078
pep_0411,gene_083,drug,24h,3,114.99702330141305
pep_0411,gene_083,drug,24h,4,90.94444532757208
pep_0411,gene_083,drug,24h,5,105.71628661096369
pep_0411,gene_083,drug,24h,6,82.69903885227565
pep_0411,gene_083,drug,6h,1,96.60342352434128
pep_0411,gene_083,drug,6h,2,109.7886113489227
pep_0411,gene_083,drug,6h,3,120.27897040687002
pep_0411,gene_083,drug,6h,4,64.84550212824557
pep_0411,gene_083,drug,6h,5,90.98966519386022
pep_0411,gene_083,drug,6h,6,79.82515742250999
pep_0412,gene_083,ctrl,0h,1,71.3986135363494
pep_0412,gene_083,ctrl,0h,2,141.53056378946775
pep_0412,gene_083,ctrl,0h,3,44.9092500284891
pep_0412,gene_083,ctrl,0h,4,140.41553732361575
pep_0412,gene_083,ctrl,0h,5,180.26000230829106
pep_0412,gene_083,ctrl,0h,6,93.98962816119096
pep_0412,gene_083,ctrl,24h,1,75.04793824789762
pep_0412,gene_083,ctrl,24h,2,130.67879096960058
pep_0412,gene_083,ctrl,24h,3,102.67838033758125
pep_0412,gene_083,ctrl,24h,4,69.4806501170144
pep_0412,gene_083,ctrl,24h,5,186.37902882777624
pep_0412,gene_083,ctrl,24h,6,104.22668508094851
pep_0412,gene_083,ctrl,6h,1,70.75077138390593
pep_0412,gene_083,ctrl,6h,2,113.9409623667239
pep_0412,gene_083,ctrl,6h,3,29.878378434195486
pep_0412,gene_083,ctrl,6h,4,88.60741516431169
pep_0412,gene_083,ctrl,6h,5,106.49959806335735
pep_0412,gene_083,ctrl,6h,6,42.58137725356807
pep_0412,gene_083,drug,0h,1,73.21513780992962
pep_0412,gene_083,drug,0h,2,183.03951928434807
pep_0412,gene_083,drug,0h,3,114.93471178825143
pep_0412,gene_083,drug,0h,4,114.79956275888395
pep_0412,gene_083,drug,0h,5,83.55025385801558
pep_0412,gene_083,drug,0h,6,80.74081144481144
pep_0412,gene_083,drug,24h,1,161.63741495392887
pep_0412,gene_083,drug,24h,2,69.48355036594842
pep_0412,gene_083,drug,24h,3,123.64061398004398
pep_0412,gene_083,drug,24h,4,88.94786723295458
pep_0412,gene_083,drug,24h,5,49.91657308029906
pep_0412,gene_083,drug,24h,6,114.52433337286816
pep_0412,gene_083,drug,6h,1,127.09768782596528
pep_0412,gene_083,drug,6h,2,135.90627587188968
pep_0412,gene_083,drug,6h,3,94.13155555132546
pep_0412,gene_083,drug,6h,4,81.03100701728856
pep_0412,gene_083,drug,6h,5,82.63485969374011
pep_0412,gene_083,drug,6h,6,117.91924067621176
pep_0413,gene_083,ctrl,0h,1,30.80948019439332
pep_0413,gene_083,ctrl,0h,2,89.31393246775804
pep_0413,gene_083,ctrl,0h,3,37.696560869189945
pep_0413,gene_083,ctrl,0h,4,46.022488061650705
pep_0413,gene_083,ctrl,0h,5,103.7753543347937
pep_0413,gene_083,ctrl,0h,6,50.65502160544955
pep_0413,gene_083,ctrl,24h,1,69.66489334939418
pep_0413,gene_083,ctrl,24h,2,57.2347362401476
pep_0413,gene_083,ctrl,24h,3,48.921264718368704
pep_0413,gene_083,ctrl,24h,4,82.98665093162447
pep_0413,gene_083,ctrl,24h,5,52.09175151524934
pep_0413,gene_083,ctrl,24h,6,89.74959792912034
pep_0413,gene_083,ctrl,6h,1,88.20912845291292
pep_0413,gene_083,ctrl,6h,2,43.50000411692999
pep_0413,gene_083,ctrl,6h,3,57.71069821109602
pep_0413,gene_083,ctrl,6h,4,63.365758391282206
pep_0413,gene_083,ctrl,6h,5,40.76981773354585
pep_0413,gene_083,ctrl,6h,6,73.30358840870366
pep_0413,gene_083,drug,0h,1,63.664255918680276
pep_0413,gene_083,drug,0h,2,54.24442005204693
pep_0413,gene_083,drug,0h,3,75.62882514705355
pep_0413,gene_083,drug,0h,4,101.0049512597131
pep_0413,gene_083,drug,0h,5,50.83135697816263
pep_0413,gene_083,drug,0h,6,80.10788025799437
pep_0413,gene_083,drug,24h,1,35.29314779709111
pep_0413,gene_083,drug,24h,2,40.96773966217521
pep_0413,gene_083,drug,24h,3,35.90835202881574
pep_0413,gene_083,drug,24h,4,103.24073007170797
pep_0413,gene_083,drug,24h,5,47.463047281911095
pep_0413,gene_083,drug,24h,6,60.20198561379676
pep_0413,gene_083,drug,6h,1,60.31012919601543
pep_0413,gene_083,drug,6h,2,21.442533447946843
pep_0413,gene_083,drug,6h,3,32.78407945681776
pep_0413,gene_083,drug,6h,4,70.64056542502063
pep_0413,gene_083,drug,6h,5,102.34296587219156
pep_0413,gene_083,drug,6h,6,21.82969089557584
pep_0414,gene_083,ctrl,0h,1,98.801704449083
pep_0414,gene_083,ctrl,0h,2,188.03031654936677
pep_0414,gene_083,ctrl,0h,3,211.34363414556486
pep_0414,gene_083,ctrl,0h,4,189.62963551033783
pep_0414,gene_083,ctrl,0h,5,132.13305583083817
pep_0414,gene_083,ctrl,0h,6,79.1897678568853
pep_0414,gene_083,ctrl,24h,1,157.63723333719307
pep_0414,gene_083,ctrl,24h,2,98.09513084084004
pep_0414,gene_083,ctrl,24h,3,115.48677026676532
pep_0414,gene_083,ctrl,24h,4,120.85744947805918
pep_0414,gene_083,ctrl,24h,5,162.37167451859088
pep_0414,gene_083,ctrl,24h,6,131.11527620036972
pep_0414,gene_083,ctrl,6h,1,188.69670148504358
pep_0414,gene_083,ctrl,6h,2,111.45108238806789
pep_0414,gene_083,ctrl,6h,3,174.1274787576265
pep_0414,gene_083,ctrl,6h,4,96.69415372238198
pep_0414,gene_083,ctrl,6h,5,79.13698867702159
pep_0414,gene_083,ctrl,6h,6,199.07545446478466
pep_0414,gene_083,drug,0h,1,129.9114437848052
pep_0414,gene_083,drug,0h,2,226.59330367968698
pep_0414,gene_083,drug,0h,3,130.4911526649661
pep_0414,gene_083,drug,0h,4,118.2049631437082
pep_0414,gene_083,drug,0h,5,263.1589128561953
pep_0414,gene_083,drug,0h,6,77.76620159563679
pep_0414,gene_083,drug,24h,1,126.15999171481204
pep_0414,gene_083,drug,24h,2,138.50490819972634
pep_0414,gene_083,drug,24h,3,98.00336570453483
pep_0414,gene_083,drug,24h,4,127.83812435502469
pep_0414,gene_083,drug,24h,5,178.39289012296743
pep_0414,gene_083,drug,24h,6,109.78352054303484
pep_0414,gene_083,drug,6h,1,133.7905564503537
pep_0414,gene_083,drug,6h,2,202.25523526951775
pep_0414,gene_083,drug,6h,3,140.52560069670162
pep_0414,gene_083,drug,6h,4,147.97985430651548
pep_0414,gene_083,drug,6h,5,60.260636926965624
pep_0414,gene_083,drug,6h,6,217.99470791761922
pep_0415,gene_083,ctrl,0h,1,71.66608046569344
pep_0415,gene_083,ctrl,0h,2,35.498158412276936
pep_0415,gene_083,ctrl,0h,3,86.52016956020785
pep_0415,gene_083,ctrl,0h,4,53.95146443515853
pep_0415,gene_083,ctrl,0h,5,36.78773459990033
pep_0415,gene_083,ctrl,0h,6,33.26252977636554
pep_0415,gene_083,ctrl,24h,1,47.82059882712756
pep_0415,gene_083,ctrl,24h,2,31.37043840849238
pep_0415,gene_083,ctrl,24h,3,58.5575809844499
pep_0415,gene_083,ctrl,24h,4,138.09837564988112
pep_0415,gene_083,ctrl,24h,5,22.257477769838996
pep_0415,gene_083,ctrl,24h,6,61.96133984758546
pep_0415,gene_083,ctrl,6h,1,26.07833844399948
pep_0415,gene_083,ctrl,6h,2,45.36073514221594
pep_0415,gene_083,ctrl,6h,3,90.23684693137598
pep_0415,gene_083,ctrl,6h,4,48.85825521106218
pep_0415,gene_083,ctrl,6h,5,50.85343380649529
pep_0415,gene_083,ctrl,6h,6,74.54771857145678
pep_0415,gene_083,drug,0h,1,21.9874817388223
pep_0415,gene_083,drug,0h,2,42.09297988051318
pep_0415,gene_083,drug,0h,3,43.594195512937404
pep_0415,gene_083,drug,0h,4,67.19903507374724
pep_0415,gene_083,drug,0h,5,47.087058486874405
pep_0415,gene_083,drug,0h,6,29.203562767659147
pep_0415,gene_083,drug,24h,1,52.20803738837565
pep_0415,gene_083,drug,24h,2,41.20984395794478
pep_0415,gene_083,drug,24h,3,74.44872480903604
pep_0415,gene_083,drug,24h,4,46.56756671635287
pep_0415,gene_083,drug,24h,5,23.331632229730854
pep_0415,gene_083,drug,24h,6,46.40865370128282
pep_0415,gene_083,drug,6h,1,65.19899008271241
pep_0415,gene_083,drug,6h,2,105.99468904060375
pep_0415,gene_083,drug,6h,3,42.393528411848386
pep_0415,gene_083,drug,6h,4,43.41906486731776
pep_0415,gene_083,drug,6h,5,46.2499099542727
pep_0415,gene_083,drug,6h,6,34.1202188171332
pep_0416,gene_084,ctrl,0h,1,47.55416815389637
pep_0416,gene_084,ctrl,0h,2,51.585045543260414
pep_0416,gene_084,ctrl,0h,3,47.22296072756675
pep_0416,gene_084,ctrl,0h,4,58.43556006526686
pep_0416,gene_084,ctrl,0h,5,26.24125998743226
pep_0416,gene_084,ctrl,0h,6,28.7793059888768
pep_0416,gene_084,ctrl,24h,1,30.320927350490447
pep_0416,gene_084,ctrl,24h,2,46.80270581720675
pep_0416,gene_084,ctrl,24h,3,29.576671664950698
pep_0416,gene_084,ctrl,24h,4,77.96931704646768
pep_0416,gene_084,ctrl,24h,5,68.9147562008409
pep_0416,gene_084,ctrl,24h,6,26.680924818774546
pep_0416,gene_084,ctrl,6h,1,29.885062010200556
pep_0416,gene_084,ctrl,6h,2,30.081779909799305
pep_0416,gene_084,ctrl,6h,3,36.36075759356383
pep_0416,gene_084,ctrl,6h,4,19.579923826029592
pep_0416,gene_084,ctrl,6h,5,46.53888010190112
pep_0416,gene_084,ctrl,6h,6,66.26884003737744
pep_0416,gene_084,drug,0h,1,54.263151151777315
pep_0416,gene_084,drug,0h,2,23.046967916035566
pep_0416,gene_084,drug,0h,3,48.145730789416334
pep_0416,gene_084,drug,0h,4,59.65864203463072
pep_0416,gene_084,drug,0h,5,38.826228721010665
pep_0416,gene_084,drug,0h,6,36.609424231326045
pep_0416,gene_084,drug,24h,1,69.6529694983488
pep_0416,gene_084,drug,24h,2,31.030817633800137
pep_0416,gene_084,drug,24h,3,45.60991913744942
pep_0416,gene_084,drug,24h,4,31.827802883921358
pep_0416,gene_084,drug,24h,5,77.69615679131552
pep_0416,gene_084,drug,24h,6,10.937029667363472
pep_0416,gene_084,drug,6h,1,51.61325098321516
pep_0416,gene_084,drug,6h,2,25.21303288627659
pep_0416,gene_084,drug,6h,3,35.38736433423726
pep_0416,gene_084,drug,6h,4,40.31774119019039
pep_0416,gene_084,drug,6h,5,28.062791661022153
pep_0416,gene_084,drug,6h,6,30.95309106996976
pep_0417,gene_084,ctrl,0h,1,111.83530023305569
pep_0417,gene_084,ctrl,0h,2,36.06399792491372
pep_0417,gene_084,ctrl,0h,3,59.50520595483068
pep_0417,gene_084,ctrl,0h,4,92.02426681824547
pep_0417,gene_084,ctrl,0h,5,65.1009062173961
pep_0417,gene_084,ctrl,0h,6,57.38243432997123
pep_0417,gene_084,ctrl,24h,1,45.244693773546295
pep_0417,gene_084,ctrl,24h,2,73.20256505696186
pep_0417,gene_084,ctrl,24h,3,100.1316961490201
pep_0417,gene_084,ctrl,24h,4,88.1629106903911
pep_0417,gene_084,ctrl,24h,5,35.922786768606336
pep_0417,gene_084,ctrl,24h,6,85.48015386911271
pep_0417,gene_084,ctrl,6h,1,72.88150618886965
pep_0417,gene_084,ctrl,6h,2,25.776473724161196
pep_0417,gene_084,ctrl,6h,3,107.78362159449696
pep_0417,gene_084,ctrl,6h,4,49.4127668446376
pep_0417,gene_084,ctrl,6h,5,59.48025645204025
pep_0417,gene_084,ctrl,6h,6,38.732999681186165
pep_0417,gene_084,drug,0h,1,73.5756493588418
pep_0417,gene_084,drug,0h,2,103.46233210229023
pep_0417,gene_084,drug,0h,3,90.96421765682034
pep_0417,gene_084,drug,0h,4,92.89060584462372
pep_0417,gene_084,drug,0h,5,89.95785460207969
pep_0417,gene_084,drug,0h,6,96.23142199906918
pep_0417,gene_084,drug,24h,1,141.9613313422089
pep_0417,gene_084,drug,24h,2,88.74733873583348
pep_0417,gene_084,drug,24h,3,88.21282741364935
pep_0417,gene_084,drug,24h,4,50.602720684514416
pep_0417,gene_084,drug,24h,5,90.12172591167544
pep_0417,gene_084,drug,24h,6,61.70970105099261
pep_0417,gene_084,drug,6h,1,109.9347325338868
pep_0417,gene_084,drug,6h,2,60.64105199684841
pep_0417,gene_084,drug,6h,3,33.164630760746675
pep_0417,gene_084,drug,6h,4,88.9026848523786
pep_0417,gene_084,drug,6h,5,54.52628052650054
pep_0417,gene_084,drug,6h,6,48.446109403909375
pep_0418,gene_084,ctrl,0h,1,68.83753199112536
pep_0418,gene_084,ctrl,0h,2,67.24377242035507
pep_0418,gene_084,ctrl,0h,3,272.525820880611
pep_0418,gene_084,ctrl,0h,4,63.019808679339754
pep_0418,gene_084,ctrl,0h,5,106.37469006047168
pep_0418,gene_084,ctrl,0h,6,100.63046603037877
pep_0418,gene_084,ctrl,24h,1,103.39338832316632
pep_0418,gene_084,ctrl,24h,2,124.9345450598754
pep_0418,gene_084,ctrl,24h,3,67.1470038079089
pep_0418,gene_084,ctrl,24h,4,83.24338257474209
pep_0418,gene_084,ctrl,24h,5,97.09791897373992
pep_0418,gene_084,ctrl,24h,6,88.67481251822792
pep_0418,gene_084,ctrl,6h,1,111.40237897195087
pep_0418,gene_084,ctrl,6h,2,144.84314848767775
pep_0418,gene_084,ctrl,6h,3,209.79584549694331
pep_0418,gene_084,ctrl,6h,4,269.53856908967026
pep_0418,gene_084,ctrl,6h,5,185.635655710908
pep_0418,gene_084,ctrl,6h,6,81.57678380387972
pep_0418,gene_084,drug,0h,1,106.65166936701142
pep_0418,gene_084,drug,0h,2,59.665303891082424
pep_0418,gene_084,drug,0h,3,97.54572067373968
pep_0418,gene_084,drug,0h,4,53.00748600073811
pep_0418,gene_084,drug,0h,5,114.0798174834103
pep_0418,gene_084,drug,0h,6,68.20869257350815
pep_0418,gene_084,drug,24h,1,75.19222218590151
pep_0418,gene_084,drug,24h,2,85.97713526610585
pep_0418,gene_084,drug,24h,3,110.62120727500564
pep_0418,gene_084,drug,24h,4,106.13768079992404
pep_0418,gene_084,drug,24h,5,42.023863200979534
pep_0418,gene_084,drug,24h,6,44.286920436091435
pep_0418,gene_084,drug,6h,1,136.38305070991868
pep_0418,gene_084,drug,6h,2,109.39535681256248
pep_0418,gene_084,drug,6h,3,223.6098925569167
pep_0418,gene_084,drug,6h,4,76.1264112816428
pep_0418,gene_084,drug,6h,5,251.21342386139847
pep_0418,gene_084,drug,6h,6,105.16607293084493
pep_0419,gene_084,ctrl,0h,1,91.7432892656046
pep_0419,gene_084,ctrl,0h,2,69.75046397121554
pep_0419,gene_084,ctrl,0h,3,86.26246806526456
pep_0419,gene_084,ctrl,0h,4,75.05657888548548
pep_0419,gene_084,ctrl,0h,5,72.82282641443956
pep_0419,gene_084,ctrl,0h,6,62.847930317765396
pep_0419,gene_084,ctrl,24h,1,59.30310319199612
pep_0419,gene_084,ctrl,24h,2,107.80922471779603
pep_0419,gene_084,ctrl,24h,3,60.73534473108663
pep_0419,gene_084,ctrl,24h,4,61.24418728865507
pep_0419,gene_084,ctrl,24h,5,70.13753090501292
pep_0419,gene_084,ctrl,24h,6,46.57362378120198
pep_0419,gene_084,ctrl,6h,1,72.44673590695056
pep_0419,gene_084,ctrl,6h,2,35.98854008709187
pep_0419,gene_084,ctrl,6h,3,105.56702373477175
pep_0419,gene_084,ctrl,6h,4,92.29130238661371
pep_0419,gene_084,ctrl,6h,5,114.76375755947645
pep_0419,gene_084,ctrl,6h,6,122.50431510256254
pep_0419,gene_084,drug,0h,1,99.21333749299735
pep_0419,gene_084,drug,0h,2,65.36942676394838
pep_0419,gene_084,drug,0h,3,43.19147746450536
pep_0419,gene_084,drug,0h,4,51.27385314153126
pep_0419,gene_084,drug,0h,5,57.50749836028229
pep_0419,gene_084,drug,0h,6,108.79563674186656
pep_0419,gene_084,drug,24h,1,61.44620546154995
pep_0419,gene_084,drug,24h,2,92.41800581424168
pep_0419,gene_084,drug,24h,3,90.82021779991561
pep_0419,gene_084,drug,24h,4,81.38664696510159
pep_0419,gene_084,drug,24h,5,76.36412965921244
pep_0419,gene_084,drug,24h,6,74.19614889068455
pep_0419,gene_084,drug,6h,1,100.62116482335259
pep_0419,gene_084,drug,6h,2,72.73461872499894
pep_0419,gene_084,drug,6h,3,81.88721957982091
pep_0419,gene_084,drug,6h,4,80.66579862296219
pep_0419,gene_084,drug,6h,5,68.94308495064276
pep_0419,gene_084,drug,6h,6,93.3204691458488
pep_0420,gene_084,ctrl,0h,1,82.16717818388632
pep_0420,gene_084,ctrl,0h,2,49.84798343898329
pep_0420,gene_084,ctrl,0h,3,57.403141887757045
pep_0420,gene_084,ctrl,0h,4,75.8451913430951
pep_0420,gene_084,ctrl,0h,5,109.79231663361058
pep_0420,gene_084,ctrl,0h,6,129.27011326269576
pep_0420,gene_084,ctrl,24h,1,67.95735563456039
pep_0420,gene_084,ctrl,24h,2,61.10324520205342
pep_0420,gene_084,ctrl,24h,3,112.07070277433938
pep_0420,gene_084,ctrl,24h,4,74.10479319691375
pep_0420,gene_084,ctrl,24h,5,97.87583790974406
pep_0420,gene_084,ctrl,24h,6,44.64423995541547
pep_0420,gene_084,ctrl,6h,1,133.4170357855233
pep_0420,gene_084,ctrl,6h,2,77.86374288392415
pep_0420,gene_084,ctrl,6h,3,117.51078010091284
pep_0420,gene_084,ctrl,6h,4,74.49216241206699
pep_0420,gene_084,ctrl,6h,5,22.98755611902864
pep_0420,gene_084,ctrl,6h,6,87.29803049991115
pep_0420,gene_084,drug,0h,1,71.5386927451573
pep_0420,gene_084,drug,0h,2,95.84131467651963
pep_0420,gene_084,drug,0h,3,59.69588793631629
pep_0420,gene_084,drug,0h,4,104.33978692931686
pep_0420,gene_084,drug,0h,5,31.170400465583565
pep_0420,gene_084,drug,0h,6,77.26458922091452
pep_0420,gene_084,drug,24h,1,66.66888182409286
pep_0420,gene_084,drug,24h,2,84.44291172613633
pep_0420,gene_084,drug,24h,3,58.346185972792895
pep_0420,gene_084,drug,24h,4,54.773567168964796
pep_0420,gene_084,drug,24h,5,132.30841349212713
pep_0420,gene_084,drug,24h,6,89.8308209189792
pep_0420,gene_084,drug,6h,1,45.113190279863495
pep_0420,gene_084,drug,6h,2,70.3803391681861
pep_0420,gene_084,drug,6h,3,65.74219312819494
pep_0420,gene_084,drug,6h,4,53.51287315717098
pep_0420,gene_084,drug,6h,5,68.52906806578068
pep_0420,gene_084,drug,6h,6,115.32464787795037
pep_0421,gene_085,ctrl,0h,1,77.47422371776605
pep_0421,gene_085,ctrl,0h,2,36.11735105191343
pep_0421,gene_085,ctrl,0h,3,77.70574693932662
pep_0421,gene_085,ctrl,0h,4,80.04547876416493
pep_0421,gene_085,ctrl,0h,5,36.138497463606704
pep_0421,gene_085,ctrl,0h,6,42.329095934812365
pep_0421,gene_085,ctrl,24h,1,47.5878062397815
pep_0421,gene_085,ctrl,24h,2,68.52566951441648
pep_0421,gene_085,ctrl,24h,3,61.516779517574975
pep_0421,gene_085,ctrl,24h,4,63.99956582662535
pep_0421,gene_085,ctrl,24h,5,44.22049200081472
pep_0421,gene_085,ctrl,24h,6,30.885628428686115
pep_0421,gene_085,ctrl,6h,1,85.7883308140309
pep_0421,gene_085,ctrl,6h,2,61.62583763518773
pep_0421,gene_085,ctrl,6h,3,94.08677611332001
pep_0421,gene_085,ctrl,6h,4,60.40492170197977
pep_0421,gene_085,ctrl,6h,5,45.08510721824437
pep_0421,gene_085,ctrl,6h,6,30.523574018450432
pep_0421,gene_085,drug,0h,1,84.2567891616443
pep_0421,gene_085,drug,0h,2,67.46729611699963
pep_0421,gene_085,drug,0h,3,25.521725349378414
pep_0421,gene_085,drug,0h,4,52.03260278158172
pep_0421,gene_085,drug,0h,5,39.91089512966515
pep_0421,gene_085,drug,0h,6,53.7322042366646
pep_0421,gene_085,drug,24h,1,95.366907199738
pep_0421,gene_085,drug,24h,2,112.07327440842184
pep_0421,gene_085,drug,24h,3,31.872246388675375
pep_0421,gene_085,drug,24h,4,79.998202247417
pep_0421,gene_085,drug,24h,5,77.11287657054609
pep_0421,gene_085,drug,24h,6,50.33283773430563
pep_0421,gene_085,drug,6h,1,61.55866228792265
pep_0421,gene_085,drug,6h,2,115.77887270974153
pep_0421,gene_085,drug,6h,3,26.329157940130635
pep_0421,gene_085,drug,6h,4,51.8493783847234
pep_0421,gene_085,drug,6h,5,84.67175371153198
pep_0421,gene_085,drug,6h,6,45.123790619609686
pep_0422,gene_085,ctrl,0h,1,20.089027022284135
pep_0422,gene_085,ctrl,0h,2,18.59230139917732
pep_0422,gene_085,ctrl,0h,3,33.218545104045745
pep_0422,gene_085,ctrl,0h,4,29.946472333891244
pep_0422,gene_085,ctrl,0h,5,77.46592341633117
pep_0422,gene_085,ctrl,0h,6,66.203068398065
pep_0422,gene_085,ctrl,24h,1,56.586900915427506
pep_0422,gene_085,ctrl,24h,2,43.82063214653753
pep_0422,gene_085,ctrl,24h,3,34.461318120703524
pep_0422,gene_085,ctrl,24h,4,35.90507660699662
pep_0422,gene_085,ctrl,24h,5,61.90757347922927
pep_0422,gene_085,ctrl,24h,6,36.55753621980984
pep_0422,gene_085,ctrl,6h,1,20.215070608615505
pep_0422,gene_085,ctrl,6h,2,50.030097541565375
pep_0422,gene_085,ctrl,6h,3,39.32383530847117
pep_0422,gene_085,ctrl,6h,4,22.972918686479787
pep_0422,gene_085,ctrl,6h,5,52.240307298937466
pep_0422,gene_085,ctrl,6h,6,47.759956651162334
pep_0422,gene_085,drug,0h,1,45.62309757631934
pep_0422,gene_085,drug,0h,2,18.186046816878687
pep_0422,gene_085,drug,0h,3,21.695740431976414
pep_0422,gene_085,drug,0h,4,49.96304359188134
pep_0422,gene_085,drug,0h,5,31.571655729112337
pep_0422,gene_085,drug,0h,6,34.88174350161658
pep_0422,gene_085,drug,24h,1,30.162793012827223
pep_0422,gene_085,drug,24h,2,25.729163968141123
pep_0422,gene_085,drug,24h,3,33.61985753220452
pep_0422,gene_085,drug,24h,4,9.397247576344093
pep_0422,gene_085,drug,24h,5,78.10755532605346
pep_0422,gene_085,drug,24h,6,52.25582561090727
pep_0422,gene_085,drug,6h,1,22.564690701637456
pep_0422,gene_085,drug,6h,2,38.81544447813203
pep_0422,gene_085,drug,6h,3,54.18666089012565
pep_0422,gene_085,drug,6h,4,28.805566843941335
pep_0422,gene_085,drug,6h,5,12.16050080540677
pep_0422,gene_085,drug,6h,6,46.21949474178191
pep_0423,gene_085,ctrl,0h,1,93.86449093458562
pep_0423,gene_085,ctrl,0h,2,41.89847248671632
pep_0423,gene_085,ctrl,0h,3,128.12906943946047
pep_0423,gene_085,ctrl,0h,4,81.41906753783445
pep_0423,gene_085,ctrl,0h,5,60.14274263065169
pep_0423,gene_085,ctrl,0h,6,126.80396296249687
pep_0423,gene_085,ctrl,24h,1,51.40070101633081
pep_0423,gene_085,ctrl,24h,2,62.631843783645536
pep_0423,gene_085,ctrl,24h,3,59.32169345828367
pep_0423,gene_085,ctrl,24h,4,123.22340581440112
pep_0423,gene_085,ctrl,24h,5,84.79827065528684
pep_0423,gene_085,ctrl,24h,6,56.72282897400218
pep_0423,gene_085,ctrl,6h,1,64.82782355048053
pep_0423,gene_085,ctrl,6h,2,69.4657826714419
pep_0423,gene_085,ctrl,6h,3,116.81529863927642
pep_0423,gene_085,ctrl,6h,4,63.4779461318346
pep_0423,gene_085,ctrl,6h,5,93.38853067290212
pep_0423,gene_085,ctrl,6h,6,46.56096526280115
pep_0423,gene_085,drug,0h,1,57.635895896317514
pep_0423,gene_085,drug,0h,2,89.60227495502485
pep_0423,gene_085,drug,0h,3,102.1592443896577
pep_0423,gene_085,drug,0h,4,37.01287132567172
pep_0423,gene_085,drug,0h,5,78.64550736284181
pep_0423,gene_085,drug,0h,6,72.80529751998064
pep_0423,gene_085,drug,24h,1,50.98728931387375
pep_0423,gene_085,drug,24h,2,120.89637091150676
pep_0423,gene_085,drug,24h,3,54.52740997048587
pep_0423,gene_085,drug,24h,4,64.59671061057684
pep_0423,gene_085,drug,24h,5,93.32811745090818
pep_0423,gene_085,drug,24h,6,78.04910393179735
pep_0423,gene_085,drug,6h,1,103.09262115142543
pep_0423,gene_085,drug,6h,2,107.42045706762369
pep_0423,gene_085,drug,6h,3,38.65131175970598
pep_0423,gene_085,drug,6h,4,97.81935443729498
pep_0423,gene_085,drug,6h,5,82.60460186043562
pep_0423,gene_085,drug,6h,6,57.08268381770408
pep_0424,gene_085,ctrl,0h,1,66.96842969606429
pep_0424,gene_085,ctrl,0h,2,88.14011811475083
pep_0424,gene_085,ctrl,0h,3,82.88115067828204
pep_0424,gene_085,ctrl,0h,4,56.854755015871845
pep_0424,gene_085,ctrl,0h,5,53.035650973783554
pep_0424,gene_085,ctrl,0h,6,51.75513101377323
pep_0424,gene_085,ctrl,24h,1,31.383919930988124
pep_0424,gene_085,ctrl,24h,2,55.03392905236279
pep_0424,gene_085,ctrl,24h,3,67.34375533484378
pep_0424,gene_085,ctrl,24h,4,35.570612531298025
pep_0424,gene_085,ctrl,24h,5,49.51675083655646
pep_0424,gene_085,ctrl,24h,6,49.56003100824711
pep_0424,gene_085,ctrl,6h,1,56.08034973267003
pep_0424,gene_085,ctrl,6h,2,20.499082860140728
pep_0424,gene_085,ctrl,6h,3,42.02549579994866
pep_0424,gene_085,ctrl,6h,4,95.60914556810425
pep_0424,gene_085,ctrl,6h,5,26.15684234716863
pep_0424,gene_085,ctrl,6h,6,91.303129757582
pep_0424,gene_085,drug,0h,1,70.11587751444205
pep_0424,gene_085,drug,0h,2,65.637606012071
pep_0424,gene_085,drug,0h,3,77.8477878167521
pep_0424,gene_085,drug,0h,4,53.97494140785166
pep_0424,gene_085,drug,0h,5,32.58191386623146
pep_0424,gene_085,drug,0h,6,107.87219156619011
pep_0424,gene_085,drug,24h,1,62.48631740620886
pep_0424,gene_085,drug,24h,2,103.3083884208705
pep_0424,gene_085,drug,24h,3,74.45787107481716
pep_0424,gene_085,drug,24h,4,57.72854131167292
pep_0424,gene_085,drug,24h,5,91.3002049333421
pep_0424,gene_085,drug,24h,6,78.65338455881508
pep_0424,gene_085,drug,6h,1,66.82503308594013
pep_0424,gene_085,drug,6h,2,88.5105787313541
pep_0424,gene_085,drug,6h,3,38.67280543808864
pep_0424,gene_085,drug,6h,4,49.59204914793446
pep_0424,gene_085,drug,6h,5,60.83936098046382
pep_0424,gene_085,drug,6h,6,31.450823869474284
pep_0425,gene_085,ctrl,0h,1,67.64596944223582
pep_0425,gene_085,ctrl,0h,2,65.25456927449962
pep_0425,gene_085,ctrl,0h,3,46.07457792013521
pep_0425,gene_085,ctrl,0h,4,25.404170423178257
pep_0425,gene_085,ctrl,0h,5,41.54207587169829
pep_0425,gene_085,ctrl,0h,6,58.73940821428567
pep_0425,gene_085,ctrl,24h,1,45.9098975319194
pep_0425,gene_085,ctrl,24h,2,46.14830644857591
pep_0425,gene_085,ctrl,24h,3,54.506122763581196
pep_0425,gene_085,ctrl,24h,4,42.15113178318228
pep_0425,gene_085,ctrl,24h,5,25.35165027492088
pep_0425,gene_085,ctrl,24h,6,77.37015463369227
pep_0425,gene_085,ctrl,6h,1,49.26244459956571
pep_0425,gene_085,ctrl,6h,2,40.45932841082515
pep_0425,gene_085,ctrl,6h,3,61.96479898607848
pep_0425,gene_085,ctrl,6h,4,45.05496742321143
pep_0425,gene_085,ctrl,6h,5,46.5910639733529
pep_0425,gene_085,ctrl,6h,6,38.059085644429956
pep_0425,gene_085,drug,0h,1,50.09065324831159
pep_0425,gene_085,drug,0h,2,34.64607528895525
pep_0425,gene_085,drug,0h,3,80.04993933402311
pep_0425,gene_085,drug,0h,4,30.491415538756435
pep_0425,gene_085,drug,0h,5,49.40717265832424
pep_0425,gene_085,drug,0h,6,19.118036382331177
pep_0425,gene_085,drug,24h,1,64.55949243868308
pep_0425,gene_085,drug,24h,2,88.0389931382092
pep_0425,gene_085,drug,24h,3,32.43297515579193
pep_0425,gene_085,drug,24h,4,44.08131091649108
pep_0425,gene_085,drug,24h,5,68.00603251400868
pep_0425,gene_085,drug,24h,6,26.338782841263257
pep_0425,gene_085,drug,6h,1,65.58099729726773
pep_0425,gene_085,drug,6h,2,48.05196502458909
pep_0425,gene_085,drug,6h,3,22.753446585162326
pep_0425,gene_085,drug,6h,4,45.50022569734095
pep_0425,gene_085,drug,6h,5,49.25757526952177
pep_0425,gene_085,drug,6h,6,84.04547708019759
pep_0426,gene_086,ctrl,0h,1,24.750695139082794
pep_0426,gene_086,ctrl,0h,2,61.59621726036109
pep_0426,gene_086,ctrl,0h,3,41.07722380540044
pep_0426,gene_086,ctrl,0h,4,59.525711486492575
pep_0426,gene_086,ctrl,0h,5,56.40259424060604
pep_0426,gene_086,ctrl,0h,6,32.52527170297845
pep_0426,gene_086,ctrl,24h,1,92.84601760586303
pep_0426,gene_086,ctrl,24h,2,28.782921966326764
pep_0426,gene_086,ctrl,24h,3,111.53407824296083
pep_0426,gene_086,ctrl,24h,4,90.91221200429929
pep_0426,gene_086,ctrl,24h,5,45.2358239202743
pep_0426,gene_086,ctrl,24h,6,54.507488721888514
pep_0426,gene_086,ctrl,6h,1,62.667967389641404
pep_0426,gene_086,ctrl,6h,2,65.27359020336392
pep_0426,gene_086,ctrl,6h,3,46.733373906987445
pep_0426,gene_086,ctrl,6h,4,64.83141740882509
pep_0426,gene_086,ctrl,6h,5,91.93355616825184
pep_0426,gene_086,ctrl,6h,6,35.11927818949411
pep_0426,gene_086,drug,0h,1,55.94351990761769
pep_0426,gene_086,drug,0h,2,28.233094467515023
pep_0426,gene_086,drug,0h,3,38.16480860725964
pep_0426,gene_086,drug,0h,4,62.50482535056122
pep_0426,gene_086,drug,0h,5,68.22886747974611
pep_0426,gene_086,drug,0h,6,94.64148921097075
pep_0426,gene_086,drug,24h,1,156.26792722685457
pep_0426,gene_086,drug,24h,2,110.91626135431807
pep_0426,gene_086,drug,24h,3,26.75691523070361
pep_0426,gene_086,drug,24h,4,87.06279639052862
pep_0426,gene_086,drug,24h,5,75.76844880440207
pep_0426,gene_086,drug,24h,6,86.17085733412344
pep_0426,gene_086,drug,6h,1,56.74821881520981
pep_0426,gene_086,drug,6h,2,112.45600532030419
pep_0426,gene_086,drug,6h,3,63.467658849789956
pep_0426,gene_086,drug,6h,4,61.44745384286969
pep_0426,gene_086,drug,6h,5,69.6093427202556
pep_0426,gene_086,drug,6h,6,50.028891791288046
pep_0427,gene_086,ctrl,0h,1,60.189452451330126
pep_0427,gene_086,ctrl,0h,2,50.2282208223726
pep_0427,gene_086,ctrl,0h,3,45.02344547103127
pep_0427,gene_086,ctrl,0h,4,85.9012297579086
pep_0427,gene_086,ctrl,0h,5,82.7130907481169
pep_0427,gene_086,ctrl,0h,6,72.88989960833393
pep_0427,gene_086,ctrl,24h,1,46.984630388299415
pep_0427,gene_086,ctrl,24h,2,63.301050706670004
pep_0427,gene_086,ctrl,24h,3,47.142827454948446
pep_0427,gene_086,ctrl,24h,4,32.0804277688712
pep_0427,gene_086,ctrl,24h,5,45.308948906392125
pep_0427,gene_086,ctrl,24h,6,25.216712398523644
pep_0427,gene_086,ctrl,6h,1,43.07901611198573
pep_0427,gene_086,ctrl,6h,2,94.58525930585817
pep_0427,gene_086,ctrl,6h,3,88.68538648033001
pep_0427,gene_086,ctrl,6h,4,61.81465519146462
pep_0427,gene_086,ctrl,6h,5,44.65164548996735
pep_0427,gene_086,ctrl,6h,6,45.03693777258319
pep_0427,gene_086,drug,0h,1,43.94028361532896
pep_0427,gene_086,drug,0h,2,51.93357441535061
pep_0427,gene_086,drug,0h,3,70.7756810879136
pep_0427,gene_086,drug,0h,4,33.33981663948301
pep_0427,gene_086,drug,0h,5,45.70102055863851
pep_0427,gene_086,drug,0h,6,42.00338606759663
pep_0427,gene_086,drug,24h,1,105.7400908537915
pep_0427,gene_086,drug,24h,2,38.6646493800933
pep_0427,gene_086,drug,24h,3,59.34506076547398
pep_0427,gene_086,drug,24h,4,38.26365331553215
pep_0427,gene_086,drug,24h,5,62.56320039642124
pep_0427,gene_086,drug,24h,6,87.67127174062104
pep_0427,gene_086,drug,6h,1,39.07501164610756
pep_0427,gene_086,drug,6h,2,66.46285049218605
pep_0427,gene_086,drug,6h,3,73.54541721739879
pep_0427,gene_086,drug,6h,4,50.05269464358962
pep_0427,gene_086,drug,6h,5,75.04234796145585
pep_0427,gene_086,drug,6h,6,50.455450692126924
pep_0428,gene_086,ctrl,0h,1,94.78993521655104
pep_0428,gene_086,ctrl,0h,2,55.74871768615745
pep_0428,gene_086,ctrl,0h,3,72.00650750875081
pep_0428,gene_086,ctrl,0h,4,45.15223113068789
pep_0428,gene_086,ctrl,0h,5,43.37378919996925
pep_0428,gene_086,ctrl,0h,6,62.695642736250655
pep_0428,gene_086,ctrl,24h,1,36.404395869911916
pep_0428,gene_086,ctrl,24h,2,21.96429748980894
pep_0428,gene_086,ctrl,24h,3,63.77799161861066
pep_0428,gene_086,ctrl,24h,4,46.221822369866324
pep_0428,gene_086,ctrl,24h,5,45.88533925445725
pep_0428,gene_086,ctrl,24h,6,48.263719849623776
pep_0428,gene_086,ctrl,6h,1,55.47825998737271
pep_0428,gene_086,ctrl,6h,2,76.68171817803085
pep_0428,gene_086,ctrl,6h,3,31.187005152417214
pep_0428,gene_086,ctrl,6h,4,47.79972499374905
pep_0428,gene_086,ctrl,6h,5,90.91547108176495
pep_0428,gene_086,ctrl,6h,6,52.068431681495454
pep_0428,gene_086,drug,0h,1,49.687862195487305
pep_0428,gene_086,drug,0h,2,21.008761153524613
pep_0428,gene_086,drug,0h,3,49.41034030662062
pep_0428,gene_086,drug,0h,4,41.56520634805783
pep_0428,gene_086,drug,0h,5,37.00512172356684
pep_0428,gene_086,drug,0h,6,30.282562531791292
pep_0428,gene_086,drug,24h,1,43.776439568617874
pep_0428,gene_086,drug,24h,2,57.051226238615335
pep_0428,gene_086,drug,24h,3,47.36662337379753
pep_0428,gene_086,drug,24h,4,55.524347155225506
pep_0428,gene_086,drug,24h,5,29.741532579673724
pep_0428,gene_086,drug,24h,6,71.03700977794284
pep_0428,gene_086,drug,6h,1,73.49563490259646
pep_0428,gene_086,drug,6h,2,38.44940037907945
pep_0428,gene_086,drug,6h,3,64.43458396260218
pep_0428,gene_086,drug,6h,4,36.279551205374545
pep_0428,gene_086,drug,6h,5,59.07668462401422
pep_0428,gene_086,drug,6h,6,62.967631656614316
pep_0429,gene_086,ctrl,0h,1,80.3259146098919
pep_0429,gene_086,ctrl,0h,2,51.0224761326062
pep_0429,gene_086,ctrl,0h,3,37.73285813221922
pep_0429,gene_086,ctrl,0h,4,50.78324863397158
pep_0429,gene_086,ctrl,0h,5,60.252131503681184
pep_0429,gene_086,ctrl,0h,6,67.01328813957079
pep_0429,gene_086,ctrl,24h,1,53.05234526639323
pep_0429,gene_086,ctrl,24h,2,83.2106271215138
pep_0429,gene_086,ctrl,24h,3,29.691695092010246
pep_0429,gene_086,ctrl,24h,4,57.13905631151059
pep_0429,gene_086,ctrl,24h,5,35.57563402189547
pep_0429,gene_086,ctrl,24h,6,71.20196856539458
pep_0429,gene_086,ctrl,6h,1,51.25964871499048
pep_0429,gene_086,ctrl,6h,2,35.485265953966476
pep_0429,gene_086,ctrl,6h,3,12.701045900313677
pep_0429,gene_086,ctrl,6h,4,20.406032267313183
pep_0429,gene_086,ctrl,6h,5,37.44569213027526
pep_0429,gene_086,ctrl,6h,6,37.52065037988514
pep_0429,gene_086,drug,0h,1,60.63889903874598
pep_0429,gene_086,drug,0h,2,65.17001753114491
pep_0429,gene_086,drug,0h,3,38.53975494073982
pep_0429,gene_086,drug,0h,4,33.81203761676075
pep_0429,gene_086,drug,0h,5,105.19698653346232
pep_0429,gene_086,drug,0h,6,67.47810859569262
pep_0429,gene_086,drug,24h,1,31.084473239681856
pep_0429,gene_086,drug,24h,2,73.83006469924904
pep_0429,gene_086,drug,24h,3,32.74635261065189
pep_0429,gene_086,drug,24h,4,51.135155339886005
pep_0429,gene_086,drug,24h,5,47.76325819888552
pep_0429,gene_086,drug,24h,6,51.8831093154539
pep_0429,gene_086,drug,6h,1,66.82053167880174
pep_0429,gene_086,drug,6h,2,41.72819565453605
pep_0429,gene_086,drug,6h,3,69.80015172615418
pep_0429,gene_086,drug,6h,4,55.0943172373827
pep_0429,gene_086,drug,6h,5,73.1705128546691
pep_0429,gene_086,drug,6h,6,56.39565092559065
pep_0430,gene_086,ctrl,0h,1,172.4425473778857
pep_0430,gene_086,ctrl,0h,2,115.40586304903766
pep_0430,gene_086,ctrl,0h,3,100.28352247332273
pep_0430,gene_086,ctrl,0h,4,141.83272498854905
pep_0430,gene_086,ctrl,0h,5,105.24802832437922
pep_0430,gene_086,ctrl,0h,6,46.37317809039225
pep_0430,gene_086,ctrl,24h,1,53.751720638055424
pep_0430,gene_086,ctrl,24h,2,139.82232692336243
pep_0430,gene_086,ctrl,24h,3,124.14788638779213
pep_0430,gene_086,ctrl,24h,4,85.28933096726745
pep_0430,gene_086,ctrl,24h,5,102.0868186931025
pep_0430,gene_086,ctrl,24h,6,79.7034102339904
pep_0430,gene_086,ctrl,6h,1,64.96280140609788
pep_0430,gene_086,ctrl,6h,2,106.90583715727429
pep_0430,gene_086,ctrl,6h,3,79.18856798637042
pep_0430,gene_086,ctrl,6h,4,76.63669234674133
pep_0430,gene_086,ctrl,6h,5,133.9055062166087
pep_0430,gene_086,ctrl,6h,6,102.25763171821667
pep_0430,gene_086,drug,0h,1,62.91896999707124
pep_0430,gene_086,drug,0h,2,91.52433441087037
pep_0430,gene_086,drug,0h,3,43.381865504860826
pep_0430,gene_086,drug,0h,4,105.5771653889602
pep_0430,gene_086,drug,0h,5,196.08832182370043
pep_0430,gene_086,drug,0h,6,152.0968258014741
pep_0430,gene_086,drug,24h,1,84.86890929470255
pep_0430,gene_086,drug,24h,2,130.0899031269827
pep_0430,gene_086,drug,24h,3,64.47058164683995
pep_0430,gene_086,drug,24h,4,125.7388937456288
pep_0430,gene_086,drug,24h,5,90.03911510706322
pep_0430,gene_086,drug,24h,6,125.4760065255984
pep_0430,gene_086,drug,6h,1,110.37598263579252
pep_0430,gene_086,drug,6h,2,128.17094548274417
pep_0430,gene_086,drug,6h,3,130.73900559855326
pep_0430,gene_086,drug,6h,4,50.304045012626894
pep_0430,gene_086,drug,6h,5,138.01623460195498
pep_0430,gene_086,drug,6h,6,162.20674051236986
pep_0431,gene_087,ctrl,0h,1,72.99352869367934
pep_0431,gene_087,ctrl,0h,2,93.09019904137432
pep_0431,gene_087,ctrl,0h,3,113.24445003484374
pep_0431,gene_087,ctrl,0h,4,106.95020447192097
pep_0431,gene_087,ctrl,0h,5,57.58676203496791
pep_0431,gene_087,ctrl,0h,6,124.5675448156525
pep_0431,gene_087,ctrl,24h,1,102.36780869696682
pep_0431,gene_087,ctrl,24h,2,114.31287374993106
pep_0431,gene_087,ctrl,24h,3,83.04179746009355
pep_0431,gene_087,ctrl,24h,4,35.759049474792974
pep_0431,gene_087,ctrl,24h,5,92.53263103802232
pep_0431,gene_087,ctrl,24h,6,175.03013964959686
pep_0431,gene_087,ctrl,6h,1,58.51790126175328
pep_0431,gene_087,ctrl,6h,2,105.05506175891017
pep_0431,gene_087,ctrl,6h,3,131.05174524967293
pep_0431,gene_087,ctrl,6h,4,146.6414280163193
pep_0431,gene_087,ctrl,6h,5,63.450884145559414
pep_0431,gene_087,ctrl,6h,6,84.44426419773168
pep_0431,gene_087,drug,0h,1,144.0753013191152
pep_0431,gene_087,drug,0h,2,60.003716246013994
pep_0431,gene_087,drug,0h,3,61.80038079633793
pep_0431,gene_087,drug,0h,4,83.8121529707494
pep_0431,gene_087,drug,0h,5,59.3693333581595
pep_0431,gene_087,drug,0h,6,112.40260681425944
pep_0431,gene_087,drug,24h,1,72.73408001153147
pep_0431,gene_087,drug,24h,2,140.9247989885353
pep_0431,gene_087,drug,24h,3,127.97371803823464
pep_0431,gene_087,drug,24h,4,120.02904372809269
pep_0431,gene_087,drug,24h,5,95.7296982611207
pep_0431,gene_087,drug,24h,6,75.77807090469736
pep_0431,gene_087,drug,6h,1,100.00000527300783
pep_0431,gene_087,drug,6h,2,51.946463257072715
pep_0431,gene_087,drug,6h,3,79.22223695413803
pep_0431,gene_087,drug,6h,4,32.60826743765736
pep_0431,gene_087,drug,6h,5,74.67560229522009
pep_0431,gene_087,drug,6h,6,50.773952408022076
pep_0432,gene_087,ctrl,0h,1,83.74653509781996
pep_0432,gene_087,ctrl,0h,2,76.35361479492039
pep_0432,gene_087,ctrl,0h,3,66.5575561042351
pep_0432,gene_087,ctrl,0h,4,68.00558139891648
pep_0432,gene_087,ctrl,0h,5,107.91221684382194
pep_0432,gene_087,ctrl,0h,6,108.99891791493724
pep_0432,gene_087,ctrl,24h,1,133.79193223409058
pep_0432,gene_087,ctrl,24h,2,48.7300344418339
pep_0432,gene_087,ctrl,24h,3,65.61942875625562
pep_0432,gene_087,ctrl,24h,4,79.90570947221595
pep_0432,gene_087,ctrl,24h,5,31.831217160832725
pep_0432,gene_087,ctrl,24h,6,42.27354242852654
pep_0432,gene_087,ctrl,6h,1,49.17783179151428
pep_0432,gene_087,ctrl,6h,2,61.32111364776706
pep_0432,gene_087,ctrl,6h,3,117.90066470466485
pep_0432,gene_087,ctrl,6h,4,100.21330734678648
pep_0432,gene_087,ctrl,6h,5,54.796580481301916
pep_0432,gene_087,ctrl,6h,6,48.293619685429086
pep_0432,gene_087,drug,0h,1,29.299697516296654
pep_0432,gene_087,drug,0h,2,57.545735273436335
pep_0432,gene_087,drug,0h,3,76.82860116017527
pep_0432,gene_087,drug,0h,4,62.872206047766966
pep_0432,gene_087,drug,0h,5,128.63694083982585
pep_0432,gene_087,drug,0h,6,44.54941176774933
pep_0432,gene_087,drug,24h,1,35.98088423513344
pep_0432,gene_087,drug,24h,2,67.54515005264757
pep_0432,gene_087,drug,24h,3,80.32506155682678
pep_0432,gene_087,drug,24h,4,49.054043943276575
pep_0432,gene_087,drug,24h,5,38.2920207343819
pep_0432,gene_087,drug,24h,6,83.22876458515323
pep_0432,gene_087,drug,6h,1,92.43927923681208
pep_0432,gene_087,drug,6h,2,87.28972446234437
pep_0432,gene_087,drug,6h,3,53.35671502359954
pep_0432,gene_087,drug,6h,4,81.12753817083639
pep_0432,gene_087,drug,6h,5,59.20761658844416
pep_0432,gene_087,drug,6h,6,79.06051427997828
pep_0433,gene_087,ctrl,0h,1,172.23487848708007
pep_0433,gene_087,ctrl,0h,2,105.35849524257846
pep_0433,gene_087,ctrl,0h,3,146.52161298764375
pep_0433,gene_087,ctrl,0h,4,92.91550471414457
pep_0433,gene_087,ctrl,0h,5,101.9377410418047
pep_0433,gene_087,ctrl,0h,6,87.65328788276457
pep_0433,gene_087,ctrl,24h,1,155.00346572833362
pep_0433,gene_087,ctrl,24h,2,208.53430006026156
pep_0433,gene_087,ctrl,24h,3,119.11048002448192
pep_0433,gene_087,ctrl,24h,4,188.9708810584667
pep_0433,gene_087,ctrl,24h,5,286.72044275543595
pep_0433,gene_087,ctrl,24h,6,93.37635152293085
pep_0433,gene_087,ctrl,6h,1,101.51733245662845
pep_0433,gene_087,ctrl,6h,2,236.79046490521625
pep_0433,gene_087,ctrl,6h,3,126.63738408835867
pep_0433,gene_087,ctrl,6h,4,129.28326628336967
pep_0433,gene_087,ctrl,6h,5,118.08123173308661
pep_0433,gene_087,ctrl,6h,6,145.0728585926638
pep_0433,gene_087,drug,0h,1,137.1503863327437
pep_0433,gene_087,drug,0h,2,120.36713732305265
pep_0433,gene_087,drug,0h,3,130.24532428119994
pep_0433,gene_087,drug,0h,4,72.55328548201447
pep_0433,gene_087,drug,0h,5,56.5063257961413
pep_0433,gene_087,drug,0h,6,191.21039113818347
pep_0433,gene_087,drug,24h,1,108.69035124485563
pep_0433,gene_087,drug,24h,2,297.85918492268155
pep_0433,gene_087,drug,24h,3,105.28353229072468
pep_0433,gene_087,drug,24h,4,141.96398382703742
pep_0433,gene_087,drug,24h,5,96.8440954362549
pep_0433,gene_087,drug,24h,6,109.63844206645467
pep_0433,gene_087,drug,6h,1,204.72778092266782
pep_0433,gene_087,drug,6h,2,216.84010361515462
pep_0433,gene_087,drug,6h,3,202.35435497731996
pep_0433,gene_087,drug,6h,4,141.11266910326398
pep_0433,gene_087,drug,6h,5,257.7562712685863
pep_0433,gene_087,drug,6h,6,80.50960379488191
pep_0434,gene_087,ctrl,0h,1,116.03560877903679
pep_0434,gene_087,ctrl,0h,2,161.74844590162058
pep_0434,gene_087,ctrl,0h,3,153.28518303428046
pep_0434,gene_087,ctrl,0h,4,66.23438676178196
pep_0434,gene_087,ctrl,0h,5,105.91773576353472
pep_0434,gene_087,ctrl,0h,6,94.63533723594523
pep_0434,gene_087,ctrl,24h,1,93.97852376890285
pep_0434,gene_087,ctrl,24h,2,95.37954628795022
pep_0434,gene_087,ctrl,24h,3,85.82833694448071
pep_0434,gene_087,ctrl,24h,4,34.77279043749833
pep_0434,gene_087,ctrl,24h,5,80.99631952249244
pep_0434,gene_087,ctrl,24h,6,73.03119509338869
pep_0434,gene_087,ctrl,6h,1,66.48079727514846
pep_0434,gene_087,ctrl,6h,2,134.52847292773404
pep_0434,gene_087,ctrl,6h,3,55.661555829752
pep_0434,gene_087,ctrl,6h,4,64.07555731870731
pep_0434,gene_087,ctrl,6h,5,28.533724802181737
pep_0434,gene_087,ctrl,6h,6,112.36693139580272
pep_0434,gene_087,drug,0h,1,35.68162513228798
pep_0434,gene_087,drug,0h,2,126.11062296272483
pep_0434,gene_087,drug,0h,3,31.034773028548276
pep_0434,gene_087,drug,0h,4,55.33556615483849
pep_0434,gene_087,drug,0h,5,60.06172390115778
pep_0434,gene_087,drug,0h,6,141.21775702586612
pep_0434,gene_087,drug,24h,1,90.48195535891662
pep_0434,gene_087,drug,24h,2,92.7544155126896
pep_0434,gene_087,drug,24h,3,114.79737384939702
pep_0434,gene_087,drug,24h,4,148.85466113865135
pep_0434,gene_087,drug,24h,5,28.199843564811424
pep_0434,gene_087,drug,24h,6,92.26078211170493
pep_0434,gene_087,drug,6h,1,142.08528164974194
pep_0434,gene_087,drug,6h,2,94.5883038654755
pep_0434,gene_087,drug,6h,3,93.0647087532486
pep_0434,gene_087,drug,6h,4,100.11838990154178
pep_0434,gene_087,drug,6h,5,76.49959848449735
pep_0434,gene_087,drug,6h,6,107.62940994304718
pep_0435,gene_087,ctrl,0h,1,84.03023216079117
pep_0435,gene_087,ctrl,0h,2,119.14969929859119
pep_0435,gene_087,ctrl,0h,3,100.36307541687181
pep_0435,gene_087,ctrl,0h,4,109.29490652456883
pep_0435,gene_087,ctrl,0h,5,105.16841856192083
pep_0435,gene_087,ctrl,0h,6,74.3238029044754
pep_0435,gene_087,ctrl,24h,1,131.45826615016495
pep_0435,gene_087,ctrl,24h,2,121.15307956270745
pep_0435,gene_087,ctrl,24h,3,123.0278878474739
pep_0435,gene_087,ctrl,24h,4,166.82919341136176
pep_0435,gene_087,ctrl,24h,5,125.15024830935609
pep_0435,gene_087,ctrl,24h,6,150.5338762730513
pep_0435,gene_087,ctrl,6h,1,62.00026082906026
pep_0435,gene_087,ctrl,6h,2,89.94108049437241
pep_0435,gene_087,ctrl,6h,3,143.44049519300546
pep_0435,gene_087,ctrl,6h,4,92.98671863521476
pep_0435,gene_087,ctrl,6h,5,142.61710233174767
pep_0435,gene_087,ctrl,6h,6,58.41835556305508
pep_0435,gene_087,drug,0h,1,89.76665354698864
pep_0435,gene_087,drug,0h,2,103.63282238222052
pep_0435,gene_087,drug,0h,3,130.3204728595522
pep_0435,gene_087,drug,0h,4,145.34311288840388
pep_0435,gene_087,drug,0h,5,117.83176945844131
pep_0435,gene_087,drug,0h,6,114.33291820770825
pep_0435,gene_087,drug,24h,1,204.31210986929938
pep_0435,gene_087,drug,24h,2,90.04376109930041
pep_0435,gene_087,drug,24h,3,81.5355255519798
pep_0435,gene_087,drug,24h,4,55.24973348379216
pep_0435,gene_087,drug,24h,5,120.70261476848238
pep_0435,gene_087,drug,24h,6,105.7702220274043
pep_0435,gene_087,drug,6h,1,116.90144784702153
pep_0435,gene_087,drug,6h,2,88.15049637497046
pep_0435,gene_087,drug,6h,3,92.37064151377714
pep_0435,gene_087,drug,6h,4,184.72906790233068
pep_0435,gene_087,drug,6h,5,118.39018281391404
pep_0435,gene_087,drug,6h,6,140.47592788625803
pep_0436,gene_088,ctrl,0h,1,85.99965837780708
pep_0436,gene_088,ctrl,0h,2,83.25000300237507
pep_0436,gene_088,ctrl,0h,3,60.29372887061614
pep_0436,gene_088,ctrl,0h,4,49.84073902414957
pep_0436,gene_088,ctrl,0h,5,120.1160380827105
pep_0436,gene_088,ctrl,0h,6,91.35650016472025
pep_0436,gene_088,ctrl,24h,1,59.03369124426901
pep_0436,gene_088,ctrl,24h,2,58.96166050480156
pep_0436,gene_088,ctrl,24h,3,86.97271329487866
pep_0436,gene_088,ctrl,24h,4,69.02774542546202
pep_0436,gene_088,ctrl,24h,5,58.85893686619912
pep_0436,gene_088,ctrl,24h,6,42.23204309099079
pep_0436,gene_088,ctrl,6h,1,85.98378993289093
pep_0436,gene_088,ctrl,6h,2,87.85154464307041
pep_0436,gene_088,ctrl,6h,3,73.53479133736204
pep_0436,gene_088,ctrl,6h,4,82.08752916949743
pep_0436,gene_088,ctrl,6h,5,72.76300429978751
pep_0436,gene_088,ctrl,6h,6,39.82081645882311
pep_0436,gene_088,drug,0h,1,32.434271974007864
pep_0436,gene_088,drug,0h,2,65.76724141962654
pep_0436,gene_088,drug,0h,3,50.733106422146214
pep_0436,gene_088,drug,0h,4,87.68637121850041
pep_0436,gene_088,drug,0h,5,41.1481503524086
pep_0436,gene_088,drug,0h,6,34.395550072443186
pep_0436,gene_088,drug,24h,1,15.281626504495835
pep_0436,gene_088,drug,24h,2,54.9651961419426
pep_0436,gene_088,drug,24h,3,62.50177710475965
pep_0436,gene_088,drug,24h,4,39.82614208901883
pep_0436,gene_088,drug,24h,5,33.11912033216769
pep_0436,gene_088,drug,24h,6,37.70866003028333
pep_0436,gene_088,drug,6h,1,32.95575675044835
pep_0436,gene_088,drug,6h,2,73.61387562714792
pep_0436,gene_088,drug,6h,3,28.708953264280222
pep_0436,gene_088,drug,6h,4,82.31324983273274
pep_0436,gene_088,drug,6h,5,71.3393128191002
pep_0436,gene_088,drug,6h,6,108.51578070135541
pep_0437,gene_088,ctrl,0h,1,83.77411897881433
pep_0437,gene_088,ctrl,0h,2,86.1827990243731
pep_0437,gene_088,ctrl,0h,3,66.88083903381998
pep_0437,gene_088,ctrl,0h,4,85.86945678024563
pep_0437,gene_088,ctrl,0h,5,68.08559597423371
pep_0437,gene_088,ctrl,0h,6,80.89879840710923
pep_0437,gene_088,ctrl,24h,1,98.66997889423776
pep_0437,gene_088,ctrl,24h,2,124.77613932363086
pep_0437,gene_088,ctrl,24h,3,35.591018639924776
pep_0437,gene_088,ctrl,24h,4,54.70253633636429
pep_0437,gene_088,ctrl,24h,5,58.82079149454365
pep_0437,gene_088,ctrl,24h,6,69.32599564101685
pep_0437,gene_088,ctrl,6h,1,86.63095344068296
pep_0437,gene_088,ctrl,6h,2,87.86227102390262
pep_0437,gene_088,ctrl,6h,3,99.54968956230218
pep_0437,gene_088,ctrl,6h,4,91.97365165466448
pep_0437,gene_088,ctrl,6h,5,166.03369826410386
pep_0437,gene_088,ctrl,6h,6,58.573821946808685
pep_0437,gene_088,drug,0h,1,125.81203987766446
pep_0437,gene_088,drug,0h,2,52.861216111156196
pep_0437,gene_088,drug,0h,3,45.633960542353506
pep_0437,gene_088,drug,0h,4,36.875084271425514
pep_0437,gene_088,drug,0h,5,94.16894757374934
pep_0437,gene_088,drug,0h,6,33.3812208295073
pep_0437,gene_088,drug,24h,1,88.47682784567797
pep_0437,gene_088,drug,24h,2,64.19262190126771
pep_0437,gene_088,drug,24h,3,94.24174035232897
pep_0437,gene_088,drug,24h,4,90.26959916712283
pep_0437,gene_088,drug,24h,5,96.33167734254837
pep_0437,gene_088,drug,24h,6,70.06914796303573
pep_0437,gene_088,drug,6h,1,26.109817007564207
pep_0437,gene_088,drug,6h,2,72.88118747306618
pep_0437,gene_088,drug,6h,3,121.21826775274498
pep_0437,gene_088,drug,6h,4,80.24523403839859
pep_0437,gene_088,drug,6h,5,96.54245101634481
pep_0437,gene_088,drug,6h,6,68.40404096372737
pep_0438,gene_088,ctrl,0h,1,81.61357258798112
pep_0438,gene_088,ctrl,0h,2,53.482562795217994
pep_0438,gene_088,ctrl,0h,3,53.657349753998275
pep_0438,gene_088,ctrl,0h,4,105.49598666779453
pep_0438,gene_088,ctrl,0h,5,38.29017787575011
pep_0438,gene_088,ctrl,0h,6,41.50019264988894
pep_0438,gene_088,ctrl,24h,1,55.67018373174404
pep_0438,gene_088,ctrl,24h,2,41.40542421443059
pep_0438,gene_088,ctrl,24h,3,24.37551317450586
pep_0438,gene_088,ctrl,24h,4,19.531525692098313
pep_0438,gene_088,ctrl,24h,5,70.5383177950551
pep_0438,gene_088,ctrl,24h,6,115.79486356969043
pep_0438,gene_088,ctrl,6h,1,62.267093919863456
pep_0438,gene_088,ctrl,6h,2,39.85549275472211
pep_0438,gene_088,ctrl,6h,3,50.12496625614609
pep_0438,gene_088,ctrl,6h,4,119.00255814196494
pep_0438,gene_088,ctrl,6h,5,99.0996558766599
pep_0438,gene_088,ctrl,6h,6,28.484000333864596
pep_0438,gene_088,drug,0h,1,22.057641596080042
pep_0438,gene_088,drug,0h,2,33.43282318572625
pep_0438,gene_088,drug,0h,3,43.370341306514575
pep_0438,gene_088,drug,0h,4,63.31773578923241
pep_0438,gene_088,drug,0h,5,45.59315299999045
pep_0438,gene_088,drug,0h,6,26.37615686220949
pep_0438,gene_088,drug,24h,1,44.67724932791321
pep_0438,gene_088,drug,24h,2,84.1973605031966
pep_0438,gene_088,drug,24h,3,26.425355318009494
pep_0438,gene_088,drug,24h,4,37.44920049673672
pep_0438,gene_088,drug,24h,5,59.85864135326283
pep_0438,gene_088,drug,24h,6,71.27585121239329
pep_0438,gene_088,drug,6h,1,84.21329321104481
pep_0438,gene_088,drug,6h,2,51.234509732808306
pep_0438,gene_088,drug,6h,3,78.386569949441
pep_0438,gene_088,drug,6h,4,24.142263346124484
pep_0438,gene_088,drug,6h,5,36.947360359385705
pep_0438,gene_088,drug,6h,6,26.664009302187978
pep_0439,gene_088,ctrl,0h,1,123.25428667926847
pep_0439,gene_088,ctrl,0h,2,83.7046553575988
pep_0439,gene_088,ctrl,0h,3,71.79140763017891
pep_0439,gene_088,ctrl,0h,4,86.31984669330393
pep_0439,gene_088,ctrl,0h,5,37.289896441798376
pep_0439,gene_088,ctrl,0h,6,85.03473850755793
pep_0439,gene_088,ctrl,24h,1,130.81273326187045
pep_0439,gene_088,ctrl,24h,2,83.39636901800554
pep_0439,gene_088,ctrl,24h,3,83.71364704945489
pep_0439,gene_088,ctrl,24h,4,89.47410185947028
pep_0439,gene_088,ctrl,24h,5,119.70290366925964
pep_0439,gene_088,ctrl,24h,6,105.07692791492826
pep_0439,gene_088,ctrl,6h,1,110.74235987584665
pep_0439,gene_088,ctrl,6h,2,70.43863846409981
pep_0439,gene_088,ctrl,6h,3,117.59040320904431
pep_0439,gene_088,ctrl,6h,4,76.12047392807204
pep_0439,gene_088,ctrl,6h,5,97.36567158613386
pep_0439,gene_088,ctrl,6h,6,99.11279504708764
pep_0439,gene_088,drug,0h,1,60.28876707607354
pep_0439,gene_088,drug,0h,2,49.95198818920764
pep_0439,gene_088,drug,0h,3,120.05235864776283
pep_0439,gene_088,drug,0h,4,102.7110528815572
pep_0439,gene_088,drug,0h,5,90.22423907296445
pep_0439,gene_088,drug,0h,6,99.59707515030902
pep_0439,gene_088,drug,24h,1,84.77010472041208
pep_0439,gene_088,drug,24h,2,53.84639340106063
pep_0439,gene_088,drug,24h,3,91.84427470844243
pep_0439,gene_088,drug,24h,4,150.29885218040098
pep_0439,gene_088,drug,24h,5,60.675195351452416
pep_0439,gene_088,drug,24h,6,30.442410903480404
pep_0439,gene_088,drug,6h,1,87.65888035330552
pep_0439,gene_088,drug,6h,2,95.13807002471452
pep_0439,gene_088,drug,6h,3,59.33751951969661
pep_0439,gene_088,drug,6h,4,36.58979515091295
pep_0439,gene_088,drug,6h,5,119.49330592593645
pep_0439,gene_088,drug,6h,6,33.067220879356576
pep_0440,gene_088,ctrl,0h,1,86.3739815436512
pep_0440,gene_088,ctrl,0h,2,48.56078220367881
pep_0440,gene_088,ctrl,0h,3,94.6155810554348
pep_0440,gene_088,ctrl,0h,4,75.76974295251082
pep_0440,gene_088,ctrl,0h,5,55.71451524127323
pep_0440,gene_088,ctrl,0h,6,56.22688410414151
pep_0440,gene_088,ctrl,24h,1,96.74500710221336
pep_0440,gene_088,ctrl,24h,2,47.51008845353973
pep_0440,gene_088,ctrl,24h,3,137.06611653992147
pep_0440,gene_088,ctrl,24h,4,67.23970513866702
pep_0440,gene_088,ctrl,24h,5,29.48837273300809
pep_0440,gene_088,ctrl,24h,6,56.557107846542074
pep_0440,gene_088,ctrl,6h,1,97.80128733669727
pep_0440,gene_088,ctrl,6h,2,51.25664799054607
pep_0440,gene_088,ctrl,6h,3,100.03112351578099
pep_0440,gene_088,ctrl,6h,4,55.11565456430964
pep_0440,gene_088,ctrl,6h,5,60.72527439364298
pep_0440,gene_088,ctrl,6h,6,56.626761690497204
pep_0440,gene_088,drug,0h,1,74.93282808951942
pep_0440,gene_088,drug,0h,2,193.05230488849608
pep_0440,gene_088,drug,0h,3,68.41882403110407
pep_0440,gene_088,drug,0h,4,84.59119652832469
pep_0440,gene_088,drug,0h,5,63.74944017298377
pep_0440,gene_088,drug,0h,6,79.50192622413364
pep_0440,gene_088,drug,24h,1,113.52926591818985
pep_0440,gene_088,drug,24h,2,50.81937820523206
pep_0440,gene_088,drug,24h,3,43.0180648399202
pep_0440,gene_088,drug,24h,4,41.00700571502663
pep_0440,gene_088,drug,24h,5,98.41619733499567
pep_0440,gene_088,drug,24h,6,45.03847420627156
pep_0440,gene_088,drug,6h,1,52.24152498526502
pep_0440,gene_088,drug,6h,2,63.995194167510945
pep_0440,gene_088,drug,6h,3,98.08653134217685
pep_0440,gene_088,drug,6h,4,16.00827424657714
pep_0440,gene_088,drug,6h,5,88.72184195072806
pep_0440,gene_088,drug,6h,6,52.389763393219496
pep_0441,gene_089,ctrl,0h,1,68.52902415443224
pep_0441,gene_089,ctrl,0h,2,42.437095076511184
pep_0441,gene_089,ctrl,0h,3,67.49074980661811
pep_0441,gene_089,ctrl,0h,4,62.69811659341301
pep_0441,gene_089,ctrl,0h,5,82.1663248985782
pep_0441,gene_089,ctrl,0h,6,75.67520617742208
pep_0441,gene_089,ctrl,24h,1,78.97052782953769
pep_0441,gene_089,ctrl,24h,2,46.37200072438849
pep_0441,gene_089,ctrl,24h,3,47.497208280523225
pep_0441,gene_089,ctrl,24h,4,58.58983717487415
pep_0441,gene_089,ctrl,24h,5,50.641987988802974
pep_0441,gene_089,ctrl,24h,6,131.65623375719662
pep_0441,gene_089,ctrl,6h,1,50.39845564299087
pep_0441,gene_089,ctrl,6h,2,31.347250899927882
pep_0441,gene_089,ctrl,6h,3,122.7187143161924
pep_0441,gene_089,ctrl,6h,4,82.36181892621929
pep_0441,gene_089,ctrl,6h,5,72.33158042201408
pep_0441,gene_089,ctrl,6h,6,106.57565217437865
pep_0441,gene_089,drug,0h,1,66.72204521105641
pep_0441,gene_089,drug,0h,2,99.82487547161101
pep_0441,gene_089,drug,0h,3,182.0001854009973
pep_0441,gene_089,drug,0h,4,108.81797356339476
pep_0441,gene_089,drug,0h,5,97.17686785461696
pep_0441,gene_089,drug,0h,6,114.13410551393441
pep_0441,gene_089,drug,24h,1,159.2171056397224
pep_0441,gene_089,drug,24h,2,61.18025886783663
pep_0441,gene_089,drug,24h,3,86.7543286943622
pep_0441,gene_089,drug,24h,4,93.71511453390326
pep_0441,gene_089,drug,24h,5,74.16339044581335
pep_0441,gene_089,drug,24h,6,91.26243202923075
pep_0441,gene_089,drug,6h,1,91.27573666575321
pep_0441,gene_089,drug,6h,2,86.27906183386281
pep_0441,gene_089,drug,6h,3,90.27992881400593
pep_0441,gene_089,drug,6h,4,181.12891249706627
pep_0441,gene_089,drug,6h,5,58.690285827834785
pep_0441,gene_089,drug,6h,6,136.94597707663587
pep_0442,gene_089,ctrl,0h,1,97.46914487024843
pep_0442,gene_089,ctrl,0h,2,34.289691686023225
pep_0442,gene_089,ctrl,0h,3,28.332929527940475
pep_0442,gene_089,ctrl,0h,4,66.38462875028553
pep_0442,gene_089,ctrl,0h,5,30.581250790803598
pep_0442,gene_089,ctrl,0h,6,53.823266253383494
pep_0442,gene_089,ctrl,24h,1,35.166646388744745
pep_0442,gene_089,ctrl,24h,2,60.557062728555174
pep_0442,gene_089,ctrl,24h,3,81.01012532942624
pep_0442,gene_089,ctrl,24h,4,61.0629380580892
pep_0442,gene_089,ctrl,24h,5,59.063364384581675
pep_0442,gene_089,ctrl,24h,6,63.781184607056424
pep_0442,gene_089,ctrl,6h,1,63.61384192448048
pep_0442,gene_089,ctrl,6h,2,60.49552959311073
pep_0442,gene_089,ctrl,6h,3,61.490691359257795
pep_0442,gene_089,ctrl,6h,4,71.6160120410115
pep_0442,gene_089,ctrl,6h,5,18.712292762633396
pep_0442,gene_089,ctrl,6h,6,26.011641733386433
pep_0442,gene_089,drug,0h,1,75.96238726261868
pep_0442,gene_089,drug,0h,2,76.6367572340693
pep_0442,gene_089,drug,0h,3,71.34098634663404
pep_0442,gene_089,drug,0h,4,51.96572129502787
pep_0442,gene_089,drug,0h,5,70.82600037112428
pep_0442,gene_089,drug,0h,6,31.004426704885187
pep_0442,gene_089,drug,24h,1,29.846293953908415
pep_0442,gene_089,drug,24h,2,20.065108507166357
pep_0442,gene_089,drug,24h,3,27.883822186729944
pep_0442,gene_089,drug,24h,4,38.042703084757314
pep_0442,gene_089,drug,24h,5,42.28555753032979
pep_0442,gene_089,drug,24h,6,81.01014289704933
pep_0442,gene_089,drug,6h,1,32.14343712567819
pep_0442,gene_089,drug,6h,2,97.8710780197357
pep_0442,gene_089,drug,6h,3,55.31594143950222
pep_0442,gene_089,drug,6h,4,30.859435460962363
pep_0442,gene_089,drug,6h,5,48.881345965497474
pep_0442,gene_089,drug,6h,6,48.87686436390571
pep_0443,gene_089,ctrl,0h,1,48.3764024166845
pep_0443,gene_089,ctrl,0h,2,172.04532097451943
pep_0443,gene_089,ctrl,0h,3,128.48086718911134
pep_0443,gene_089,ctrl,0h,4,104.45101332250755
pep_0443,gene_089,ctrl,0h,5,62.71342276797327
pep_0443,gene_089,ctrl,0h,6,214.66080010050797
pep_0443,gene_089,ctrl,24h,1,51.63180565085207
pep_0443,gene_089,ctrl,24h,2,58.77973169638866
pep_0443,gene_089,ctrl,24h,3,43.45894715504602
pep_0443,gene_089,ctrl,24h,4,67.22175510493351
pep_0443,gene_089,ctrl,24h,5,49.56092050588691
pep_0443,gene_089,ctrl,24h,6,117.8106507100265
pep_0443,gene_089,ctrl,6h,1,46.45530822972565
pep_0443,gene_089,ctrl,6h,2,31.58788118271814
pep_0443,gene_089,ctrl,6h,3,165.85703398602448
pep_0443,gene_089,ctrl,6h,4,103.96137230544234
pep_0443,gene_089,ctrl,6h,5,53.84520112914012
pep_0443,gene_089,ctrl,6h,6,82.0525251971024
pep_0443,gene_089,drug,0h,1,41.70862319424776
pep_0443,gene_089,drug,0h,2,156.547922099635
pep_0443,gene_089,drug,0h,3,21.16396632965039
pep_0443,gene_089,drug,0h,4,82.87420726447095
pep_0443,gene_089,drug,0h,5,93.90635506665326
pep_0443,gene_089,drug,0h,6,108.6205808349024
pep_0443,gene_089,drug,24h,1,45.45931996921963
pep_0443,gene_089,drug,24h,2,90.56130914333059
pep_0443,gene_089,drug,24h,3,25.45066049565828
pep_0443,gene_089,drug,24h,4,90.15478568600194
pep_0443,gene_089,drug,24h,5,26.88625649482557
pep_0443,gene_089,drug,24h,6,139.48575071848128
pep_0443,gene_089,drug,6h,1,77.68174964787246
pep_0443,gene_089,drug,6h,2,98.62417402153318
pep_0443,gene_089,drug,6h,3,58.62174790472241
pep_0443,gene_089,drug,6h,4,119.25486175116289
pep_0443,gene_089,drug,6h,5,41.91470757707351
pep_0443,gene_089,drug,6h,6,147.26348655940225
pep_0444,gene_089,ctrl,0h,1,70.89118466592902
pep_0444,gene_089,ctrl,0h,2,54.213651799545
pep_0444,gene_089,ctrl,0h,3,35.14802922179419
pep_0444,gene_089,ctrl,0h,4,48.22207673483241
pep_0444,gene_089,ctrl,0h,5,46.68511422928143
pep_0444,gene_089,ctrl,0h,6,63.28083812615846
pep_0444,gene_089,ctrl,24h,1,59.088829076202316
pep_0444,gene_089,ctrl,24h,2,15.301878143485846
pep_0444,gene_089,ctrl,24h,3,57.02394460328487
pep_0444,gene_089,ctrl,24h,4,47.54465517963946
pep_0444,gene_089,ctrl,24h,5,25.986983481125744
pep_0444,gene_089,ctrl,24h,6,63.917635979452754
pep_0444,gene_089,ctrl,6h,1,37.64873374635904
pep_0444,gene_089,ctrl,6h,2,41.27061721550182
pep_0444,gene_089,ctrl,6h,3,43.33780147845277
pep_0444,gene_089,ctrl,6h,4,65.01647050083187
pep_0444,gene_089,ctrl,6h,5,35.74104928373749
pep_0444,gene_089,ctrl,6h,6,46.254096485805455
pep_0444,gene_089,drug,0h,1,58.694121278145126
pep_0444,gene_089,drug,0h,2,45.269720046185924
pep_0444,gene_089,drug,0h,3,21.719403380368224
pep_0444,gene_089,drug,0h,4,50.97223575893529
pep_0444,gene_089,drug,0h,5,27.695953533120974
pep_0444,gene_089,drug,0h,6,41.76233992589504
pep_0444,gene_089,drug,24h,1,48.29824727725684
pep_0444,gene_089,drug,24h,2,105.00145923816731
pep_0444,gene_089,drug,24h,3,38.24647662676207
pep_0444,gene_089,drug,24h,4,80.45516353099188
pep_0444,gene_089,drug,24h,5,69.24384728107715
pep_0444,gene_089,drug,24h,6,26.828433154778807
pep_0444,gene_089,drug,6h,1,80.57729405613053
pep_0444,gene_089,drug,6h,2,35.521567261902966
pep_0444,gene_089,drug,6h,3,45.689531445546564
pep_0444,gene_089,drug,6h,4,39.76139170229855
pep_0444,gene_089,drug,6h,5,58.298755000635474
pep_0444,gene_089,drug,6h,6,25.436330202157126
pep_0445,gene_089,ctrl,0h,1,129.67001627910383
pep_0445,gene_089,ctrl,0h,2,88.72591933158868
pep_0445,gene_089,ctrl,0h,3,81.57776216504033
pep_0445,gene_089,ctrl,0h,4,72.99421360701179
pep_0445,gene_089,ctrl,0h,5,98.09478826529423
pep_0445,gene_089,ctrl,0h,6,65.66314762964784
pep_0445,gene_089,ctrl,24h,1,75.09235903716896
pep_0445,gene_089,ctrl,24h,2,72.1714123987605
pep_0445,gene_089,ctrl,24h,3,93.21337144237452
pep_0445,gene_089,ctrl,24h,4,71.89129598484678
pep_0445,gene_089,ctrl,24h,5,119.84991374761522
pep_0445,gene_089,ctrl,24h,6,41.606191627755514
pep_0445,gene_089,ctrl,6h,1,36.488129644293146
pep_0445,gene_089,ctrl,6h,2,78.10140613343583
pep_0445,gene_089,ctrl,6h,3,118.32908386976857
pep_0445,gene_089,ctrl,6h,4,95.80405932097322
pep_0445,gene_089,ctrl,6h,5,78.52749107315084
pep_0445,gene_089,ctrl,6h,6,20.921710674658907
pep_0445,gene_089,drug,0h,1,102.3775197439608
pep_0445,gene_089,drug,0h,2,66.46917529047215
pep_0445,gene_089,drug,0h,3,147.16710743724892
pep_0445,gene_089,drug,0h,4,55.31879007675249
pep_0445,gene_089,drug,0h,5,88.07153720757671
pep_0445,gene_089,drug,0h,6,126.84315790501721
pep_0445,gene_089,drug,24h,1,54.51961145212674
pep_0445,gene_089,drug,24h,2,69.85435282011072
pep_0445,gene_089,drug,24h,3,76.17290883949686
pep_0445,gene_089,drug,24h,4,113.32994647032882
pep_0445,gene_089,drug,24h,5,99.42713058382158
pep_0445,gene_089,drug,24h,6,84.76350596918316
pep_0445,gene_089,drug,6h,1,59.4120544896838
pep_0445,gene_089,drug,6h,2,150.0398498688232
pep_0445,gene_089,drug,6h,3,51.88287977408692
pep_0445,gene_089,drug,6h,4,143.98926972682463
pep_0445,gene_089,drug,6h,5,59.839790881083836
pep_0445,gene_089,drug,6h,6,110.39178475821191
pep_0446,gene_090,ctrl,0h,1,29.87372013046895
pep_0446,gene_090,ctrl,0h,2,61.236129029413064
pep_0446,gene_090,ctrl,0h,3,129.09953204067057
pep_0446,gene_090,ctrl,0h,4,103.01980923544524
pep_0446,gene_090,ctrl,0h,5,54.18467034260786
pep_0446,gene_090,ctrl,0h,6,45.267435192069584
pep_0446,gene_090,ctrl,24h,1,83.79840705634592
pep_0446,gene_090,ctrl,24h,2,80.40696003378403
pep_0446,gene_090,ctrl,24h,3,74.8118762976685
pep_0446,gene_090,ctrl,24h,4,69.37655761122548
pep_0446,gene_090,ctrl,24h,5,51.06947563828543
pep_0446,gene_090,ctrl,24h,6,89.49284151516468
pep_0446,gene_090,ctrl,6h,1,81.936039782927807
pep_0446,gene_090,ctrl,6h,2,65.9261358903751
pep_0446,gene_090,ctrl,6h,3,55.016143992338165
pep_0446,gene_090,ctrl,6h,4,109.80769523631086
pep_0446,gene_090,ctrl,6h,5,98.25250734506405
pep_0446,gene_090,ctrl,6h,6,53.18500528397538
pep_0446,gene_090,drug,0h,1,88.68921444263677
pep_0446,gene_090,drug,0h,2,68.75453934216412
pep_0446,gene_090,drug,0h,3,34.57562307528585
pep_0446,gene_090,drug,0h,4,34.24837068236442
pep_0446,gene_090,drug,0h,5,50.46412086117498
pep_0446,gene_090,drug,0h,6,77.88417677763644
pep_0446,gene_090,drug,24h,1,31.69345643955101
pep_0446,gene_090,drug,24h,2,46.19215551591699
pep_0446,gene_090,drug,24h,3,98.56884359945417
pep_0446,gene_090,drug,24h,4,85.58682336681065
pep_0446,gene_090,drug,24h,5,42.54220395412807
pep_0446,gene_090,drug,24h,6,119.93655996988537
pep_0446,gene_090,drug,6h,1,95.89697015939633
pep_0446,gene_090,drug,6h,2,106.37975129711583
pep_0446,gene_090,drug,6h,3,78.79629546386408
pep_0446,gene_090,drug,6h,4,97.51021026537006
pep_0446,gene_090,drug,6h,5,98.15126493042608
pep_0446,gene_090,drug,6h,6,79.90238855918697
pep_0447,gene_090,ctrl,0h,1,112.92960298023732
pep_0447,gene_090,ctrl,0h,2,139.07386382247205
pep_0447,gene_090,ctrl,0h,3,66.72562394571139
pep_0447,gene_090,ctrl,0h,4,49.464579025889
pep_0447,gene_090,ctrl,0h,5,106.69154190107065
pep_0447,gene_090,ctrl,0h,6,115.7166947438059
pep_0447,gene_090,ctrl,24h,1,74.96974984405423
pep_0447,gene_090,ctrl,24h,2,76.1362024830623
pep_0447,gene_090,ctrl,24h,3,200.4423595430596
pep_0447,gene_090,ctrl,24h,4,30.962582334348173
pep_0447,gene_090,ctrl,24h,5,81.41451852311229
pep_0447,gene_090,ctrl,24h,6,114.01227803458772
pep_0447,gene_090,ctrl,6h,1,87.07731908072579
pep_0447,gene_090,ctrl,6h,2,109.75887654304991
pep_0447,gene_090,ctrl,6h,3,107.5782413247535
pep_0447,gene_090,ctrl,6h,4,67.97685216008097
pep_0447,gene_090,ctrl,6h,5,90.4375406280778
pep_0447,gene_090,ctrl,6h,6,103.24841613361015
pep_0447,gene_090,drug,0h,1,99.85786932456652
pep_0447,gene_090,drug,0h,2,152.69658358492381
pep_0447,gene_090,drug,0h,3,169.70633419566073
pep_0447,gene_090,drug,0h,4,40.304893785180674
pep_0447,gene_090,drug,0h,5,63.980941074354334
pep_0447,gene_090,drug,0h,6,79.077461940287
pep_0447,gene_090,drug,24h,1,117.49620015527631
pep_0447,gene_090,drug,24h,2,155.16015960099148
pep_0447,gene_090,drug,24h,3,161.7096883023241
pep_0447,gene_090,drug,24h,4,124.76405208952
pep_0447,gene_090,drug,24h,5,96.23891162686327
pep_0447,gene_090,drug,24h,6,146.98284779704147
pep_0447,gene_090,drug,6h,1,52.51010786076776
pep_0447,gene_090,drug,6h,2,139.21105576768275
pep_0447,gene_090,drug,6h,3,61.75403725179526
pep_0447,gene_090,drug,6h,4,179.43038955949248
pep_0447,gene_090,drug,6h,5,53.50216560729554
pep_0447,gene_090,drug,6h,6,70.44427368417772
pep_0448,gene_090,ctrl,0h,1,62.76127951822622
pep_0448,gene_090,ctrl,0h,2,129.77713578135032
pep_0448,gene_090,ctrl,0h,3,93.36000202305384
pep_0448,gene_090,ctrl,0h,4,190.96448080018004
pep_0448,gene_090,ctrl,0h,5,33.99980201833989
pep_0448,gene_090,ctrl,0h,6,109.1692993866757
pep_0448,gene_090,ctrl,24h,1,122.64624905134502
pep_0448,gene_090,ctrl,24h,2,106.85937751135319
pep_0448,gene_090,ctrl,24h,3,175.73087450435239
pep_0448,gene_090,ctrl,24h,4,93.30016234895339
pep_0448,gene_090,ctrl,24h,5,90.60421255619127
pep_0448,gene_090,ctrl,24h,6,182.91761428411797
pep_0448,gene_090,ctrl,6h,1,55.83512549200549
pep_0448,gene_090,ctrl,6h,2,95.18367149271165
pep_0448,gene_090,ctrl,6h,3,69.77444791138987
pep_0448,gene_090,ctrl,6h,4,75.90324422604712
pep_0448,gene_090,ctrl,6h,5,73.71668026015158
pep_0448,gene_090,ctrl,6h,6,73.91605343703674
pep_0448,gene_090,drug,0h,1,95.78478979533045
pep_0448,gene_090,drug,0h,2,102.81917534660796
pep_0448,gene_090,drug,0h,3,88.50329748693113
pep_0448,gene_090,drug,0h,4,109.21717366015403
pep_0448,gene_090,drug,0h,5,95.32237661858203
pep_0448,gene_090,drug,0h,6,89.47531612725889
pep_0448,gene_090,drug,24h,1,66.15041412452379
pep_0448,gene_090,drug,24h,2,134.08498741092225
pep_0448,gene_090,drug,24h,3,70.23717651638076
pep_0448,gene_090,drug,24h,4,125.70823409410657
pep_0448,gene_090,drug,24h,5,100.05788773714546
pep_0448,gene_090,drug,24h,6,106.2883858100109
pep_0448,gene_090,drug,6h,1,95.42543028753062
pep_0448,gene_090,drug,6h,2,107.07115644320119
pep_0448,gene_090,drug,6h,3,110.07219543567906
pep_0448,gene_090,drug,6h,4,142.36368964148951
pep_0448,gene_090,drug,6h,5,90.69156799472671
pep_0448,gene_090,drug,6h,6,84.88375604274971
pep_0449,gene_090,ctrl,0h,1,111.48127506653348
pep_0449,gene_090,ctrl,0h,2,126.78971714065118
pep_0449,gene_090,ctrl,0h,3,91.43435197806146
pep_0449,gene_090,ctrl,0h,4,131.84898340393423
pep_0449,gene_090,ctrl,0h,5,87.88450067043294
pep_0449,gene_090,ctrl,0h,6,129.0096216368747
pep_0449,gene_090,ctrl,24h,1,62.63603565422488
pep_0449,gene_090,ctrl,24h,2,103.87708428064649
pep_0449,gene_090,ctrl,24h,3,68.49513815218867
pep_0449,gene_090,ctrl,24h,4,115.43845449063662
pep_0449,gene_090,ctrl,24h,5,148.48955927152602
pep_0449,gene_090,ctrl,24h,6,119.71685068748553
pep_0449,gene_090,ctrl,6h,1,217.48371043686322
pep_0449,gene_090,ctrl,6h,2,110.59746184098563
pep_0449,gene_090,ctrl,6h,3,117.17787033418152
pep_0449,gene_090,ctrl,6h,4,113.54845471115681
pep_0449,gene_090,ctrl,6h,5,168.9318643432258
pep_0449,gene_090,ctrl,6h,6,112.73117703998325
pep_0449,gene_090,drug,0h,1,66.61855670737613
pep_0449,gene_090,drug,0h,2,161.64415485029429
pep_0449,gene_090,drug,0h,3,89.90264059092516
pep_0449,gene_090,drug,0h,4,117.87148366991732
pep_0449,gene_090,drug,0h,5,162.70772913918475
pep_0449,gene_090,drug,0h,6,130.95368391332565
pep_0449,gene_090,drug,24h,1,126.21535530506512
pep_0449,gene_090,drug,24h,2,100.44152397570184
pep_0449,gene_090,drug,24h,3,93.1279531692885
pep_0449,gene_090,drug,24h,4,89.73278286001151
pep_0449,gene_090,drug,24h,5,135.74607413652916
pep_0449,gene_090,drug,24h,6,75.17991131167389
pep_0449,gene_090,drug,6h,1,124.24193449482829
pep_0449,gene_090,drug,6h,2,43.587703435979336
pep_0449,gene_090,drug,6h,3,201.30314112807832
pep_0449,gene_090,drug,6h,4,109.2956158831659
pep_0449,gene_090,drug,6h,5,129.6060674842339
pep_0449,gene_090,drug,6h,6,49.74961525515033
pep_0450,gene_090,ctrl,0h,1,44.48509468434349
pep_0450,gene_090,ctrl,0h,2,92.43532116501767
pep_0450,gene_090,ctrl,0h,3,60.93596661188228
pep_0450,gene_090,ctrl,0h,4,37.09878107077478
pep_0450,gene_090,ctrl,0h,5,54.459461915402564
pep_0450,gene_090,ctrl,0h,6,63.99336900022545
pep_0450,gene_090,ctrl,24h,1,146.67619381280824
pep_0450,gene_090,ctrl,24h,2,57.20761366673531
pep_0450,gene_090,ctrl,24h,3,87.0217361445682
pep_0450,gene_090,ctrl,24h,4,80.67654064771209
pep_0450,gene_090,ctrl,24h,5,79.36522749262794
pep_0450,gene_090,ctrl,24h,6,51.22926407396731
pep_0450,gene_090,ctrl,6h,1,25.665266883397216
pep_0450,gene_090,ctrl,6h,2,32.886448189250245
pep_0450,gene_090,ctrl,6h,3,54.58967395637449
pep_0450,gene_090,ctrl,6h,4,43.83761843902973
pep_0450,gene_090,ctrl,6h,5,51.6490250028848
pep_0450,gene_090,ctrl,6h,6,72.26800843970489
pep_0450,gene_090,drug,0h,1,26.996823189546802
pep_0450,gene_090,drug,0h,2,40.86701774635143
pep_0450,gene_090,drug,0h,3,15.971649508090417
pep_0450,gene_090,drug,0h,4,16.135322511900434
pep_0450,gene_090,drug,0h,5,54.4604195969872
pep_0450,gene_090,drug,0h,6,65.02444556671469
pep_0450,gene_090,drug,24h,1,15.343052304650783
pep_0450,gene_090,drug,24h,2,61.917980501611936
pep_0450,gene_090,drug,24h,3,51.800671965996266
pep_0450,gene_090,drug,24h,4,66.67167004892299
pep_0450,gene_090,drug,24h,5,112.25136665041116
pep_0450,gene_090,drug,24h,6,18.05927394919398
pep_0450,gene_090,drug,6h,1,80.83306334360427
pep_0450,gene_090,drug,6h,2,66.88005816142818
pep_0450,gene_090,drug,6h,3,36.815626184638774
pep_0450,gene_090,drug,6h,4,38.335364182112635
pep_0450,gene_090,drug,6h,5,18.749704550174833
pep_0450,gene_090,drug,6h,6,32.74424590887669
pep_0451,gene_091,ctrl,0h,1,68.54794291740721
pep_0451,gene_091,ctrl,0h,2,129.48371411388044
pep_0451,gene_091,ctrl,0h,3,143.84460866633214
pep_0451,gene_091,ctrl,0h,4,88.90468618528872
pep_0451,gene_091,ctrl,0h,5,59.86206364764011
pep_0451,gene_091,ctrl,0h,6,94.19161535889438
pep_0451,gene_091,ctrl,24h,1,113.01040606155536
pep_0451,gene_091,ctrl,24h,2,104.47518283689244
pep_0451,gene_091,ctrl,24h,3,95.80002368975241
pep_0451,gene_091,ctrl,24h,4,65.62243941390325
pep_0451,gene_091,ctrl,24h,5,67.45984297820323
pep_0451,gene_091,ctrl,24h,6,82.45988076561189
pep_0451,gene_091,ctrl,6h,1,110.78534884662128
pep_0451,gene_091,ctrl,6h,2,96.1148284993388
pep_0451,gene_091,ctrl,6h,3,88.62926373076674
pep_0451,gene_091,ctrl,6h,4,46.3536083526527
pep_0451,gene_091,ctrl,6h,5,104.54502142832459
pep_0451,gene_091,ctrl,6h,6,79.7023997531234
pep_0451,gene_091,drug,0h,1,63.161529155313275
pep_0451,gene_091,drug,0h,2,82.44792333555486
pep_0451,gene_091,drug,0h,3,49.17384938884896
pep_0451,gene_091,drug,0h,4,113.7747864083546
pep_0451,gene_091,drug,0h,5,63.55082943085932
pep_0451,gene_091,drug,0h,6,174.47363538679227
pep_0451,gene_091,drug,24h,1,65.64050937948939
pep_0451,gene_091,drug,24h,2,88.56220479793912
pep_0451,gene_091,drug,24h,3,87.52079151573638
pep_0451,gene_091,drug,24h,4,77.20287807678108
pep_0451,gene_091,drug,24h,5,121.84398333064912
pep_0451,gene_091,drug,24h,6,138.05113609493424
pep_0451,gene_091,drug,6h,1,158.87836632769833
pep_0451,gene_091,drug,6h,2,53.59957204011457
pep_0451,gene_091,drug,6h,3,86.47600761011098
pep_0451,gene_091,drug,6h,4,118.48448366143634
pep_0451,gene_091,drug,6h,5,111.61858899959883
pep_0451,gene_091,drug,6h,6,50.56896795151483
pep_0452,gene_091,ctrl,0h,1,59.38823555076005
pep_0452,gene_091,ctrl,0h,2,183.54105037309725
pep_0452,gene_091,ctrl,0h,3,120.38599922131823
pep_0452,gene_091,ctrl,0h,4,85.77726242495035
pep_0452,gene_091,ctrl,0h,5,96.31478005533413
pep_0452,gene_091,ctrl,0h,6,193.4397122022531
pep_0452,gene_091,ctrl,24h,1,62.599900285964296
pep_0452,gene_091,ctrl,24h,2,96.2986417687249
pep_0452,gene_091,ctrl,24h,3,114.96352100323699
pep_0452,gene_091,ctrl,24h,4,73.67893145413517
pep_0452,gene_091,ctrl,24h,5,152.42800833169238
pep_0452,gene_091,ctrl,24h,6,123.16805862863656
pep_0452,gene_091,ctrl,6h,1,90.7010732103998
pep_0452,gene_091,ctrl,6h,2,148.73209380985926
pep_0452,gene_091,ctrl,6h,3,102.76175025621087
pep_0452,gene_091,ctrl,6h,4,134.0014054690731
pep_0452,gene_091,ctrl,6h,5,55.06394853919542
pep_0452,gene_091,ctrl,6h,6,92.5610309984635
pep_0452,gene_091,drug,0h,1,136.11419270405764
pep_0452,gene_091,drug,0h,2,86.21894187026614
pep_0452,gene_091,drug,0h,3,53.56935659855116
pep_0452,gene_091,drug,0h,4,92.24355156829144
pep_0452,gene_091,drug,0h,5,112.30971113503308
pep_0452,gene_091,drug,0h,6,101.38057684331295
pep_0452,gene_091,drug,24h,1,78.84859840297086
pep_0452,gene_091,drug,24h,2,150.45392779962904
pep_0452,gene_091,drug,24h,3,90.87686912297978
pep_0452,gene_091,drug,24h,4,109.75766315564785
pep_0452,gene_091,drug,24h,5,64.60314572649163
pep_0452,gene_091,drug,24h,6,52.57504278388675
pep_0452,gene_091,drug,6h,1,145.79707910341975
pep_0452,gene_091,drug,6h,2,115.10944219928834
pep_0452,gene_091,drug,6h,3,164.83567179592796
pep_0452,gene_091,drug,6h,4,126.21849436872344
pep_0452,gene_091,drug,6h,5,80.31714409255913
pep_0452,gene_091,drug,6h,6,120.50714509770694
pep_0453,gene_091,ctrl,0h,1,123.12627297352245
pep_0453,gene_091,ctrl,0h,2,75.13316416706046
pep_0453,gene_091,ctrl,0h,3,76.5191746059113
pep_0453,gene_091,ctrl,0h,4,48.982481601193264
pep_0453,gene_091,ctrl,0h,5,81.39578033246579
pep_0453,gene_091,ctrl,0h,6,57.98080256541151
pep_0453,gene_091,ctrl,24h,1,90.52007400527272
pep_0453,gene_091,ctrl,24h,2,58.111430088386264
pep_0453,gene_091,ctrl,24h,3,59.32506130413097
pep_0453,gene_091,ctrl,24h,4,71.29634511769447
pep_0453,gene_091,ctrl,24h,5,54.16907501957622
pep_0453,gene_091,ctrl,24h,6,81.88663606152654
pep_0453,gene_091,ctrl,6h,1,53.83067836798169
pep_0453,gene_091,ctrl,6h,2,44.114326848014414
pep_0453,gene_091,ctrl,6h,3,72.22549037952074
pep_0453,gene_091,ctrl,6h,4,48.201203802556094
pep_0453,gene_091,ctrl,6h,5,30.72727208380504
pep_0453,gene_091,ctrl,6h,6,55.21499550620761
pep_0453,gene_091,drug,0h,1,90.858850502075
pep_0453,gene_091,drug,0h,2,38.14582900600315
pep_0453,gene_091,drug,0h,3,107.68478434933196
pep_0453,gene_091,drug,0h,4,103.59391164573137
pep_0453,gene_091,drug,0h,5,27.871564638480155
pep_0453,gene_091,drug,0h,6,51.499806205698235
pep_0453,gene_091,drug,24h,1,92.71936523589909
pep_0453,gene_091,drug,24h,2,121.22660124063638
pep_0453,gene_091,drug,24h,3,44.59580166974312
pep_0453,gene_091,drug,24h,4,55.21441616980579
pep_0453,gene_091,drug,24h,5,95.10166896818455
pep_0453,gene_091,drug,24h,6,34.59966419354768
pep_0453,gene_091,drug,6h,1,48.185560546273145
pep_0453,gene_091,drug,6h,2,37.131546940718984
pep_0453,gene_091,drug,6h,3,28.316891813450372
pep_0453,gene_091,drug,6h,4,73.2617797518364
pep_0453,gene_091,drug,6h,5,74.31922921042879
pep_0453,gene_091,drug,6h,6,55.576929420303316
pep_0454,gene_091,ctrl,0h,1,154.3873365903898
pep_0454,gene_091,ctrl,0h,2,123.31225031557487
pep_0454,gene_091,ctrl,0h,3,220.01992284394242
pep_0454,gene_091,ctrl,0h,4,173.97003245008324
pep_0454,gene_091,ctrl,0h,5,174.0987364871045
pep_0454,gene_091,ctrl,0h,6,213.2258716374911
pep_0454,gene_091,ctrl,24h,1,175.5606093099439
pep_0454,gene_091,ctrl,24h,2,140.32422786648587
pep_0454,gene_091,ctrl,24h,3,96.54253530168437
pep_0454,gene_091,ctrl,24h,4,213.3942994591313
pep_0454,gene_091,ctrl,24h,5,99.77634369927156
pep_0454,gene_091,ctrl,24h,6,113.42972910579323
pep_0454,gene_091,ctrl,6h,1,179.02153055242405
pep_0454,gene_091,ctrl,6h,2,123.88407899092655
pep_0454,gene_091,ctrl,6h,3,163.72133643548923
pep_0454,gene_091,ctrl,6h,4,174.34514621072358
pep_0454,gene_091,ctrl,6h,5,79.02087917737234
pep_0454,gene_091,ctrl,6h,6,187.27645035357253
pep_0454,gene_091,drug,0h,1,136.52503951190084
pep_0454,gene_091,drug,0h,2,204.67728556017235
pep_0454,gene_091,drug,0h,3,108.57290232649082
pep_0454,gene_091,drug,0h,4,241.0595152152211
pep_0454,gene_091,drug,0h,5,82.44268849108641
pep_0454,gene_091,drug,0h,6,202.98353038760317
pep_0454,gene_091,drug,24h,1,155.7178307881465
pep_0454,gene_091,drug,24h,2,198.19420809639365
pep_0454,gene_091,drug,24h,3,133.48806303684057
pep_0454,gene_091,drug,24h,4,167.64978706557798
pep_0454,gene_091,drug,24h,5,218.68228538562968
pep_0454,gene_091,drug,24h,6,217.57995560504995
pep_0454,gene_091,drug,6h,1,279.1055180871513
pep_0454,gene_091,drug,6h,2,141.26344697043896
pep_0454,gene_091,drug,6h,3,162.31927007061987
pep_0454,gene_091,drug,6h,4,185.1388599626608
pep_0454,gene_091,drug,6h,5,174.51957050706284
pep_0454,gene_091,drug,6h,6,143.367807933059
pep_0455,gene_091,ctrl,0h,1,71.10117801004279
pep_0455,gene_091,ctrl,0h,2,31.233942339517633
pep_0455,gene_091,ctrl,0h,3,83.6550678561297
pep_0455,gene_091,ctrl,0h,4,24.04379831990212
pep_0455,gene_091,ctrl,0h,5,23.80709197170066
pep_0455,gene_091,ctrl,0h,6,54.4291617734971
pep_0455,gene_091,ctrl,24h,1,39.77700589171138
pep_0455,gene_091,ctrl,24h,2,51.039802889855906
pep_0455,gene_091,ctrl,24h,3,55.01910046937559
pep_0455,gene_091,ctrl,24h,4,27.292353251141062
pep_0455,gene_091,ctrl,24h,5,84.11007727384639
pep_0455,gene_091,ctrl,24h,6,43.48052713206258
pep_0455,gene_091,ctrl,6h,1,43.762191327989235
pep_0455,gene_091,ctrl,6h,2,47.10087358161707
pep_0455,gene_091,ctrl,6h,3,40.68632223479014
pep_0455,gene_091,ctrl,6h,4,41.624239701631936
pep_0455,gene_091,ctrl,6h,5,41.639206191005826
pep_0455,gene_091,ctrl,6h,6,34.44481193225805
pep_0455,gene_091,drug,0h,1,43.92263317130763
pep_0455,gene_091,drug,0h,2,81.86049217030883
pep_0455,gene_091,drug,0h,3,67.34586963458638
pep_0455,gene_091,drug,0h,4,NA
pep_0455,gene_091,drug,0h,5,44.14721888572498
pep_0455,gene_091,drug,0h,6,33.94883425509293
pep_0455,gene_091,drug,24h,1,62.308021975578946
pep_0455,gene_091,drug,24h,2,38.826260791348865
pep_0455,gene_091,drug,24h,3,48.4985413202164
pep_0455,gene_091,drug,24h,4,33.58197165890333
pep_0455,gene_091,drug,24h,5,52.875607718376436
pep_0455,gene_091,drug,24h,6,20.09877697882148
pep_0455,gene_091,drug,6h,1,41.138194254161256
pep_0455,gene_091,drug,6h,2,53.021815994292915
pep_0455,gene_091,drug,6h,3,44.12987827970027
pep_0455,gene_091,drug,6h,4,42.188111082404134
pep_0455,gene_091,drug,6h,5,43.83376012057038
pep_0455,gene_091,drug,6h,6,20.185735406495553
pep_0456,gene_092,ctrl,0h,1,216.89091132962827
pep_0456,gene_092,ctrl,0h,2,109.41281614173592
pep_0456,gene_092,ctrl,0h,3,186.18056376409052
pep_0456,gene_092,ctrl,0h,4,109.99949226294304
pep_0456,gene_092,ctrl,0h,5,93.64372591139305
pep_0456,gene_092,ctrl,0h,6,152.76879863754522
pep_0456,gene_092,ctrl,24h,1,44.20066456718915
pep_0456,gene_092,ctrl,24h,2,166.87947241693072
pep_0456,gene_092,ctrl,24h,3,89.31713875498019
pep_0456,gene_092,ctrl,24h,4,163.61879913266773
pep_0456,gene_092,ctrl,24h,5,66.61950918702782
pep_0456,gene_092,ctrl,24h,6,193.45290938337223
pep_0456,gene_092,ctrl,6h,1,150.31365923005148
pep_0456,gene_092,ctrl,6h,2,83.43631295479992
pep_0456,gene_092,ctrl,6h,3,123.10099248121463
pep_0456,gene_092,ctrl,6h,4,177.09964292838674
pep_0456,gene_092,ctrl,6h,5,134.54158270885543
pep_0456,gene_092,ctrl,6h,6,134.09583131303506
pep_0456,gene_092,drug,0h,1,226.07531497787983
pep_0456,gene_092,drug,0h,2,165.64375764970265
pep_0456,gene_092,drug,0h,3,144.36792263281123
pep_0456,gene_092,drug,0h,4,209.38632822217693
pep_0456,gene_092,drug,0h,5,144.34849171947008
pep_0456,gene_092,drug,0h,6,99.3591360168922
pep_0456,gene_092,drug,24h,1,106.44792180696861
pep_0456,gene_092,drug,24h,2,122.5333918024738
pep_0456,gene_092,drug,24h,3,197.93118094643089
pep_0456,gene_092,drug,24h,4,130.1583333813836
pep_0456,gene_092,drug,24h,5,197.81226197493476
pep_0456,gene_092,drug,24h,6,76.63059033361709
pep_0456,gene_092,drug,6h,1,91.1079580546646
pep_0456,gene_092,drug,6h,2,81.12229801597947
pep_0456,gene_092,drug,6h,3,119.51356138654704
pep_0456,gene_092,drug,6h,4,260.86942120459344
pep_0456,gene_092,drug,6h,5,69.46953824368289
pep_0456,gene_092,drug,6h,6,89.28819238319473
pep_0457,gene_092,ctrl,0h,1,191.32922956250493
pep_0457,gene_092,ctrl,0h,2,82.7177606088166
pep_0457,gene_092,ctrl,0h,3,148.58479308119064
pep_0457,gene_092,ctrl,0h,4,182.2757412504213
pep_0457,gene_092,ctrl,0h,5,243.6056778310878
pep_0457,gene_092,ctrl,0h,6,100.61587355621968
pep_0457,gene_092,ctrl,24h,1,166.54084038424094
pep_0457,gene_092,ctrl,24h,2,131.41407086598167
pep_0457,gene_092,ctrl,24h,3,165.9059125315332
pep_0457,gene_092,ctrl,24h,4,169.76982793476407
pep_0457,gene_092,ctrl,24h,5,92.85304334051283
pep_0457,gene_092,ctrl,24h,6,157.20021219859768
pep_0457,gene_092,ctrl,6h,1,133.05120488219268
pep_0457,gene_092,ctrl,6h,2,95.16280710503838
pep_0457,gene_092,ctrl,6h,3,144.37669177588813
pep_0457,gene_092,ctrl,6h,4,114.96422829669521
pep_0457,gene_092,ctrl,6h,5,100.00130646401108
pep_0457,gene_092,ctrl,6h,6,124.58485986101944
pep_0457,gene_092,drug,0h,1,116.24635916025399
pep_0457,gene_092,drug,0h,2,131.82478300515325
pep_0457,gene_092,drug,0h,3,125.81005487803328
pep_0457,gene_092,drug,0h,4,112.34457259207547
pep_0457,gene_092,drug,0h,5,90.00633560376085
pep_0457,gene_092,drug,0h,6,180.38028706598635
pep_0457,gene_092,drug,24h,1,227.15666311739707
pep_0457,gene_092,drug,24h,2,187.7177686824672
pep_0457,gene_092,drug,24h,3,141.65388527384803
pep_0457,gene_092,drug,24h,4,79.04834901118738
pep_0457,gene_092,drug,24h,5,89.38075872630955
pep_0457,gene_092,drug,24h,6,96.42798644982066
pep_0457,gene_092,drug,6h,1,131.60706146869416
pep_0457,gene_092,drug,6h,2,106.5426937014045
pep_0457,gene_092,drug,6h,3,108.61189820416075
pep_0457,gene_092,drug,6h,4,127.83206140203657
pep_0457,gene_092,drug,6h,5,145.66997115710436
pep_0457,gene_092,drug,6h,6,69.49447891548755
pep_0458,gene_092,ctrl,0h,1,101.51497391096372
pep_0458,gene_092,ctrl,0h,2,64.96483227637498
pep_0458,gene_092,ctrl,0h,3,59.104540875138255
pep_0458,gene_092,ctrl,0h,4,37.719431565578454
pep_0458,gene_092,ctrl,0h,5,56.177391578086244
pep_0458,gene_092,ctrl,0h,6,64.51668928617812
pep_0458,gene_092,ctrl,24h,1,82.71824790340808
pep_0458,gene_092,ctrl,24h,2,62.866081714059085
pep_0458,gene_092,ctrl,24h,3,59.57373198180698
pep_0458,gene_092,ctrl,24h,4,75.3618778375755
pep_0458,gene_092,ctrl,24h,5,68.27004394298662
pep_0458,gene_092,ctrl,24h,6,48.1593835100522
pep_0458,gene_092,ctrl,6h,1,61.143672111096905
pep_0458,gene_092,ctrl,6h,2,67.99314779226414
pep_0458,gene_092,ctrl,6h,3,50.33508511902431
pep_0458,gene_092,ctrl,6h,4,39.82995295602209
pep_0458,gene_092,ctrl,6h,5,72.70592523711474
pep_0458,gene_092,ctrl,6h,6,82.2079787746115
pep_0458,gene_092,drug,0h,1,35.85964559241587
pep_0458,gene_092,drug,0h,2,52.92919756862982
pep_0458,gene_092,drug,0h,3,47.71949314431674
pep_0458,gene_092,drug,0h,4,44.17103208085935
pep_0458,gene_092,drug,0h,5,63.71864331588696
pep_0458,gene_092,drug,0h,6,66.65620909448508
pep_0458,gene_092,drug,24h,1,80.31026805700063
pep_0458,gene_092,drug,24h,2,80.65771680985948
pep_0458,gene_092,drug,24h,3,37.865032654618474
pep_0458,gene_092,drug,24h,4,51.02747449927076
pep_0458,gene_092,drug,24h,5,106.51092505618031
pep_0458,gene_092,drug,24h,6,64.01520494726317
pep_0458,gene_092,drug,6h,1,47.59938698753641
pep_0458,gene_092,drug,6h,2,49.00598137635051
pep_0458,gene_092,drug,6h,3,64.86076711083243
pep_0458,gene_092,drug,6h,4,40.60366017401657
pep_0458,gene_092,drug,6h,5,44.046320082470956
pep_0458,gene_092,drug,6h,6,46.965672824526585
pep_0459,gene_092,ctrl,0h,1,98.27189317215978
pep_0459,gene_092,ctrl,0h,2,149.97694518398964
pep_0459,gene_092,ctrl,0h,3,155.4862557316443
pep_0459,gene_092,ctrl,0h,4,153.78551908736034
pep_0459,gene_092,ctrl,0h,5,207.23252665552053
pep_0459,gene_092,ctrl,0h,6,139.8541166674739
pep_0459,gene_092,ctrl,24h,1,84.54476102948267
pep_0459,gene_092,ctrl,24h,2,69.34239734224629
pep_0459,gene_092,ctrl,24h,3,235.34841011944025
pep_0459,gene_092,ctrl,24h,4,226.33469685207953
pep_0459,gene_092,ctrl,24h,5,109.63060672273225
pep_0459,gene_092,ctrl,24h,6,117.48628727622673
pep_0459,gene_092,ctrl,6h,1,98.88686578361015
pep_0459,gene_092,ctrl,6h,2,101.0551005407721
pep_0459,gene_092,ctrl,6h,3,160.59136602398237
pep_0459,gene_092,ctrl,6h,4,154.37938157106728
pep_0459,gene_092,ctrl,6h,5,63.311446523132055
pep_0459,gene_092,ctrl,6h,6,94.40442030667066
pep_0459,gene_092,drug,0h,1,172.46784667626034
pep_0459,gene_092,drug,0h,2,192.60417040967974
pep_0459,gene_092,drug,0h,3,126.09908272246652
pep_0459,gene_092,drug,0h,4,127.16786476424517
pep_0459,gene_092,drug,0h,5,97.90942608524261
pep_0459,gene_092,drug,0h,6,175.40117002772922
pep_0459,gene_092,drug,24h,1,132.1394768370393
pep_0459,gene_092,drug,24h,2,115.9778652727274
pep_0459,gene_092,drug,24h,3,180.60658630160572
pep_0459,gene_092,drug,24h,4,136.97506610507028
pep_0459,gene_092,drug,24h,5,138.6053174084927
pep_0459,gene_092,drug,24h,6,141.58826992741967
pep_0459,gene_092,drug,6h,1,145.0698489914651
pep_0459,gene_092,drug,6h,2,156.63534269543212
pep_0459,gene_092,drug,6h,3,129.08887849961613
pep_0459,gene_092,drug,6h,4,128.70918689447265
pep_0459,gene_092,drug,6h,5,174.95700918013392
pep_0459,gene_092,drug,6h,6,114.30584277186873
pep_0460,gene_092,ctrl,0h,1,172.1542349461933
pep_0460,gene_092,ctrl,0h,2,70.205524145674
pep_0460,gene_092,ctrl,0h,3,90.6750618931693
pep_0460,gene_092,ctrl,0h,4,85.97477568484688
pep_0460,gene_092,ctrl,0h,5,146.4460050435844
pep_0460,gene_092,ctrl,0h,6,81.97308928516132
pep_0460,gene_092,ctrl,24h,1,159.3861290795695
pep_0460,gene_092,ctrl,24h,2,137.7616323791212
pep_0460,gene_092,ctrl,24h,3,149.7609902158545
pep_0460,gene_092,ctrl,24h,4,90.98073794048953
pep_0460,gene_092,ctrl,24h,5,146.98614598228949
pep_0460,gene_092,ctrl,24h,6,169.14104396345599
pep_0460,gene_092,ctrl,6h,1,150.0489026342591
pep_0460,gene_092,ctrl,6h,2,110.28936469369718
pep_0460,gene_092,ctrl,6h,3,121.88950986079988
pep_0460,gene_092,ctrl,6h,4,46.22048404460494
pep_0460,gene_092,ctrl,6h,5,170.00787428793998
pep_0460,gene_092,ctrl,6h,6,149.3392676277905
pep_0460,gene_092,drug,0h,1,117.22639605908232
pep_0460,gene_092,drug,0h,2,168.5468491152902
pep_0460,gene_092,drug,0h,3,87.080839662393
pep_0460,gene_092,drug,0h,4,58.69308577499153
pep_0460,gene_092,drug,0h,5,151.6764710946487
pep_0460,gene_092,drug,0h,6,86.17654147762264
pep_0460,gene_092,drug,24h,1,176.9063676716805
pep_0460,gene_092,drug,24h,2,103.04100229017556
pep_0460,gene_092,drug,24h,3,134.470839043359
pep_0460,gene_092,drug,24h,4,128.5720119762278
pep_0460,gene_092,drug,24h,5,142.18075244470347
pep_0460,gene_092,drug,24h,6,113.38344201166157
pep_0460,gene_092,drug,6h,1,119.15343545112401
pep_0460,gene_092,drug,6h,2,127.16890767350704
pep_0460,gene_092,drug,6h,3,129.44655577842502
pep_0460,gene_092,drug,6h,4,106.79419826913075
pep_0460,gene_092,drug,6h,5,165.10706438003112
pep_0460,gene_092,drug,6h,6,129.68588696656076
pep_0461,gene_093,ctrl,0h,1,62.73292770736954
pep_0461,gene_093,ctrl,0h,2,46.85724874691727
pep_0461,gene_093,ctrl,0h,3,48.8150307031882
pep_0461,gene_093,ctrl,0h,4,54.380996726505785
pep_0461,gene_093,ctrl,0h,5,93.29918279658708
pep_0461,gene_093,ctrl,0h,6,73.34816893887648
pep_0461,gene_093,ctrl,24h,1,57.759378931237364
pep_0461,gene_093,ctrl,24h,2,70.36321584153355
pep_0461,gene_093,ctrl,24h,3,40.08889929499527
pep_0461,gene_093,ctrl,24h,4,40.81320766570803
pep_0461,gene_093,ctrl,24h,5,51.822188588999445
pep_0461,gene_093,ctrl,24h,6,73.22363068913347
pep_0461,gene_093,ctrl,6h,1,68.6087936839777
pep_0461,gene_093,ctrl,6h,2,47.993080322836484
pep_0461,gene_093,ctrl,6h,3,22.185759613497268
pep_0461,gene_093,ctrl,6h,4,46.60436320922362
pep_0461,gene_093,ctrl,6h,5,68.70263826462916
pep_0461,gene_093,ctrl,6h,6,54.19668512371136
pep_0461,gene_093,drug,0h,1,62.37290066660805
pep_0461,gene_093,drug,0h,2,58.6445875454646
pep_0461,gene_093,drug,0h,3,59.50550393555386
pep_0461,gene_093,drug,0h,4,31.96082368511147
pep_0461,gene_093,drug,0h,5,56.05588293525072
pep_0461,gene_093,drug,0h,6,46.66723142077986
pep_0461,gene_093,drug,24h,1,41.76654675063145
pep_0461,gene_093,drug,24h,2,36.703150994088524
pep_0461,gene_093,drug,24h,3,37.693345394460756
pep_0461,gene_093,drug,24h,4,50.83843285850492
pep_0461,gene_093,drug,24h,5,109.35012509343623
pep_0461,gene_093,drug,24h,6,25.82023815777977
pep_0461,gene_093,drug,6h,1,86.68146839266808
pep_0461,gene_093,drug,6h,2,68.28585417246204
pep_0461,gene_093,drug,6h,3,54.51902792729163
pep_0461,gene_093,drug,6h,4,72.0598185906598
pep_0461,gene_093,drug,6h,5,73.41192174363147
pep_0461,gene_093,drug,6h,6,81.5607106415397
pep_0462,gene_093,ctrl,0h,1,68.53811542543257
pep_0462,gene_093,ctrl,0h,2,60.28432217841502
pep_0462,gene_093,ctrl,0h,3,69.22418671247512
pep_0462,gene_093,ctrl,0h,4,90.01773920316022
pep_0462,gene_093,ctrl,0h,5,82.42587529187252
pep_0462,gene_093,ctrl,0h,6,104.15514784435409
pep_0462,gene_093,ctrl,24h,1,73.72827382700152
pep_0462,gene_093,ctrl,24h,2,64.08065395990477
pep_0462,gene_093,ctrl,24h,3,34.08002915172331
pep_0462,gene_093,ctrl,24h,4,104.08954005473753
pep_0462,gene_093,ctrl,24h,5,91.7086665395408
pep_0462,gene_093,ctrl,24h,6,54.817262492323046
pep_0462,gene_093,ctrl,6h,1,31.59582982415565
pep_0462,gene_093,ctrl,6h,2,122.66900391784684
pep_0462,gene_093,ctrl,6h,3,131.41619778031307
pep_0462,gene_093,ctrl,6h,4,70.78766696076525
pep_0462,gene_093,ctrl,6h,5,76.03119592434618
pep_0462,gene_093,ctrl,6h,6,110.90692360767046
pep_0462,gene_093,drug,0h,1,72.66350206611757
pep_0462,gene_093,drug,0h,2,142.0607210168447
pep_0462,gene_093,drug,0h,3,78.75573434208161
pep_0462,gene_093,drug,0h,4,77.19353189204158
pep_0462,gene_093,drug,0h,5,106.20160452751294
pep_0462,gene_093,drug,0h,6,52.59832578509569
pep_0462,gene_093,drug,24h,1,106.4576357317935
pep_0462,gene_093,drug,24h,2,89.19187913947518
pep_0462,gene_093,drug,24h,3,89.26244375558058
pep_0462,gene_093,drug,24h,4,38.37867938036134
pep_0462,gene_093,drug,24h,5,117.27081126104817
pep_0462,gene_093,drug,24h,6,110.8074243861774
pep_0462,gene_093,drug,6h,1,138.88913183250838
pep_0462,gene_093,drug,6h,2,84.1482581983639
pep_0462,gene_093,drug,6h,3,52.4674585389686
pep_0462,gene_093,drug,6h,4,88.24405403301608
pep_0462,gene_093,drug,6h,5,124.71408109078489
pep_0462,gene_093,drug,6h,6,117.28335418401768
pep_0463,gene_093,ctrl,0h,1,52.02093548936838
pep_0463,gene_093,ctrl,0h,2,88.9387097618919
pep_0463,gene_093,ctrl,0h,3,67.741149034125
pep_0463,gene_093,ctrl,0h,4,82.79720582513116
pep_0463,gene_093,ctrl,0h,5,75.12861495639537
pep_0463,gene_093,ctrl,0h,6,44.461958472664186
pep_0463,gene_093,ctrl,24h,1,91.9169514232318
pep_0463,gene_093,ctrl,24h,2,72.89314192719428
pep_0463,gene_093,ctrl,24h,3,64.8504178614094
pep_0463,gene_093,ctrl,24h,4,120.3673012544
pep_0463,gene_093,ctrl,24h,5,42.64419615454378
pep_0463,gene_093,ctrl,24h,6,71.94874539613221
pep_0463,gene_093,ctrl,6h,1,23.23016356306943
pep_0463,gene_093,ctrl,6h,2,53.372915813900796
pep_0463,gene_093,ctrl,6h,3,58.24333494650178
pep_0463,gene_093,ctrl,6h,4,66.90841965589155
pep_0463,gene_093,ctrl,6h,5,95.49573765997316
pep_0463,gene_093,ctrl,6h,6,55.78920090355253
pep_0463,gene_093,drug,0h,1,56.139580808284734
pep_0463,gene_093,drug,0h,2,40.84202311419549
pep_0463,gene_093,drug,0h,3,79.1767411332268
pep_0463,gene_093,drug,0h,4,159.54193382132365
pep_0463,gene_093,drug,0h,5,51.43828694394953
pep_0463,gene_093,drug,0h,6,61.87742375400244
pep_0463,gene_093,drug,24h,1,33.7236663684257
pep_0463,gene_093,drug,24h,2,97.81925377478426
pep_0463,gene_093,drug,24h,3,50.45552641119846
pep_0463,gene_093,drug,24h,4,60.59071030535877
pep_0463,gene_093,drug,24h,5,29.561055324653996
pep_0463,gene_093,drug,24h,6,28.726258963920333
pep_0463,gene_093,drug,6h,1,87.65848329857698
pep_0463,gene_093,drug,6h,2,38.20339697584349
pep_0463,gene_093,drug,6h,3,74.44363836316774
pep_0463,gene_093,drug,6h,4,77.07841499762395
pep_0463,gene_093,drug,6h,5,78.36481762431256
pep_0463,gene_093,drug,6h,6,43.54487278514667
pep_0464,gene_093,ctrl,0h,1,130.37102914964228
pep_0464,gene_093,ctrl,0h,2,85.19625377167256
pep_0464,gene_093,ctrl,0h,3,71.63584017341341
pep_0464,gene_093,ctrl,0h,4,80.10266332497866
pep_0464,gene_093,ctrl,0h,5,44.748374581301206
pep_0464,gene_093,ctrl,0h,6,84.77534940679257
pep_0464,gene_093,ctrl,24h,1,73.04416326920341
pep_0464,gene_093,ctrl,24h,2,80.14627356103348
pep_0464,gene_093,ctrl,24h,3,127.03977059046441
pep_0464,gene_093,ctrl,24h,4,175.38548206432836
pep_0464,gene_093,ctrl,24h,5,131.53016931341367
pep_0464,gene_093,ctrl,24h,6,66.84693734338451
pep_0464,gene_093,ctrl,6h,1,90.38963003787158
pep_0464,gene_093,ctrl,6h,2,82.01183162693629
pep_0464,gene_093,ctrl,6h,3,87.34931646342794
pep_0464,gene_093,ctrl,6h,4,37.34631924235851
pep_0464,gene_093,ctrl,6h,5,28.820653076479484
pep_0464,gene_093,ctrl,6h,6,110.61299717147553
pep_0464,gene_093,drug,0h,1,41.724019976531615
pep_0464,gene_093,drug,0h,2,80.22971661967934
pep_0464,gene_093,drug,0h,3,176.6134425330757
pep_0464,gene_093,drug,0h,4,67.12450483879053
pep_0464,gene_093,drug,0h,5,43.50602948632759
pep_0464,gene_093,drug,0h,6,72.56005758738482
pep_0464,gene_093,drug,24h,1,45.11920154358666
pep_0464,gene_093,drug,24h,2,62.00096219368026
pep_0464,gene_093,drug,24h,3,50.680884560348275
pep_0464,gene_093,drug,24h,4,102.51044214822684
pep_0464,gene_093,drug,24h,5,37.13481807600783
pep_0464,gene_093,drug,24h,6,48.53986004272719
pep_0464,gene_093,drug,6h,1,45.72503895730111
pep_0464,gene_093,drug,6h,2,110.24426901819305
pep_0464,gene_093,drug,6h,3,51.20499398661669
pep_0464,gene_093,drug,6h,4,36.730642424025575
pep_0464,gene_093,drug,6h,5,87.12297423112938
pep_0464,gene_093,drug,6h,6,41.64050662246524
pep_0465,gene_093,ctrl,0h,1,77.02504499667573
pep_0465,gene_093,ctrl,0h,2,86.51740758044382
pep_0465,gene_093,ctrl,0h,3,141.45565999457324
pep_0465,gene_093,ctrl,0h,4,130.82800042309526
pep_0465,gene_093,ctrl,0h,5,100.06383639173278
pep_0465,gene_093,ctrl,0h,6,47.648223686727796
pep_0465,gene_093,ctrl,24h,1,97.23076264930337
pep_0465,gene_093,ctrl,24h,2,108.99244983104397
pep_0465,gene_093,ctrl,24h,3,70.57505086707486
pep_0465,gene_093,ctrl,24h,4,125.91393066367304
pep_0465,gene_093,ctrl,24h,5,77.98384416899626
pep_0465,gene_093,ctrl,24h,6,91.89061958169923
pep_0465,gene_093,ctrl,6h,1,83.38799928297155
pep_0465,gene_093,ctrl,6h,2,139.75776258873435
pep_0465,gene_093,ctrl,6h,3,133.05854232113947
pep_0465,gene_093,ctrl,6h,4,87.29200185103244
pep_0465,gene_093,ctrl,6h,5,57.01197433250315
pep_0465,gene_093,ctrl,6h,6,77.38831588361376
pep_0465,gene_093,drug,0h,1,111.4889867723602
pep_0465,gene_093,drug,0h,2,84.37949442498166
pep_0465,gene_093,drug,0h,3,180.20597484646697
pep_0465,gene_093,drug,0h,4,111.88561205825671
pep_0465,gene_093,drug,0h,5,94.71650224501421
pep_0465,gene_093,drug,0h,6,69.05264891530692
pep_0465,gene_093,drug,24h,1,79.63863954109539
pep_0465,gene_093,drug,24h,2,110.3999027134206
pep_0465,gene_093,drug,24h,3,221.6335304251053
pep_0465,gene_093,drug,24h,4,103.88836462883522
pep_0465,gene_093,drug,24h,5,115.1038069831566
pep_0465,gene_093,drug,24h,6,115.07410263599004
pep_0465,gene_093,drug,6h,1,55.346389763078335
pep_0465,gene_093,drug,6h,2,79.84515135951561
pep_0465,gene_093,drug,6h,3,94.22287492479367
pep_0465,gene_093,drug,6h,4,107.88130669747143
pep_0465,gene_093,drug,6h,5,135.73961795363542
pep_0465,gene_093,drug,6h,6,178.91072526349274
pep_0466,gene_094,ctrl,0h,1,47.42270669824639
pep_0466,gene_094,ctrl,0h,2,59.40422652685899
pep_0466,gene_094,ctrl,0h,3,54.8802713812078
pep_0466,gene_094,ctrl,0h,4,77.37793778852986
pep_0466,gene_094,ctrl,0h,5,68.44345991035338
pep_0466,gene_094,ctrl,0h,6,41.195976564664804
pep_0466,gene_094,ctrl,24h,1,42.85007663459841
pep_0466,gene_094,ctrl,24h,2,35.273832389955956
pep_0466,gene_094,ctrl,24h,3,64.93196381202692
pep_0466,gene_094,ctrl,24h,4,39.330677754169926
pep_0466,gene_094,ctrl,24h,5,75.99054796267545
pep_0466,gene_094,ctrl,24h,6,68.5319758462654
pep_0466,gene_094,ctrl,6h,1,73.82538504195541
pep_0466,gene_094,ctrl,6h,2,24.4838769196486
pep_0466,gene_094,ctrl,6h,3,54.2908665172427
pep_0466,gene_094,ctrl,6h,4,52.2034512065577
pep_0466,gene_094,ctrl,6h,5,51.12002467370221
pep_0466,gene_094,ctrl,6h,6,78.03055882914586
pep_0466,gene_094,drug,0h,1,67.43462491631486
pep_0466,gene_094,drug,0h,2,72.58555498884819
pep_0466,gene_094,drug,0h,3,57.283237241903194
pep_0466,gene_094,drug,0h,4,74.68307302636637
pep_0466,gene_094,drug,0h,5,45.509164676995375
pep_0466,gene_094,drug,0h,6,64.78590930188066
pep_0466,gene_094,drug,24h,1,33.72029383485536
pep_0466,gene_094,drug,24h,2,54.92448424097914
pep_0466,gene_094,drug,24h,3,30.216735137504028
pep_0466,gene_094,drug,24h,4,73.86211623071179
pep_0466,gene_094,drug,24h,5,58.027407237457936
pep_0466,gene_094,drug,24h,6,32.14789002854181
pep_0466,gene_094,drug,6h,1,85.46552145345231
pep_0466,gene_094,drug,6h,2,76.32321082952457
pep_0466,gene_094,drug,6h,3,41.98965154938014
pep_0466,gene_094,drug,6h,4,68.81984899912727
pep_0466,gene_094,drug,6h,5,70.68887557436517
pep_0466,gene_094,drug,6h,6,94.85169583848915
pep_0467,gene_094,ctrl,0h,1,146.8374952078771
pep_0467,gene_094,ctrl,0h,2,164.90724394957923
pep_0467,gene_094,ctrl,0h,3,91.51991665572152
pep_0467,gene_094,ctrl,0h,4,144.99833593510692
pep_0467,gene_094,ctrl,0h,5,152.52728732989695
pep_0467,gene_094,ctrl,0h,6,166.73186800259876
pep_0467,gene_094,ctrl,24h,1,157.4554969336862
pep_0467,gene_094,ctrl,24h,2,104.35269189779422
pep_0467,gene_094,ctrl,24h,3,170.1761406608901
pep_0467,gene_094,ctrl,24h,4,122.24394005477954
pep_0467,gene_094,ctrl,24h,5,78.56485904167937
pep_0467,gene_094,ctrl,24h,6,187.9603515532448
pep_0467,gene_094,ctrl,6h,1,94.37272537144364
pep_0467,gene_094,ctrl,6h,2,212.30492971937377
pep_0467,gene_094,ctrl,6h,3,150.34847928127255
pep_0467,gene_094,ctrl,6h,4,77.02818349724896
pep_0467,gene_094,ctrl,6h,5,121.00605076060751
pep_0467,gene_094,ctrl,6h,6,184.0933056622133
pep_0467,gene_094,drug,0h,1,73.61297676839675
pep_0467,gene_094,drug,0h,2,99.80105424222505
pep_0467,gene_094,drug,0h,3,72.07071895447712
pep_0467,gene_094,drug,0h,4,193.79879428721017
pep_0467,gene_094,drug,0h,5,199.37732477033543
pep_0467,gene_094,drug,0h,6,143.9917662666576
pep_0467,gene_094,drug,24h,1,108.90326822958484
pep_0467,gene_094,drug,24h,2,117.4505333810062
pep_0467,gene_094,drug,24h,3,127.45797569430742
pep_0467,gene_094,drug,24h,4,167.69964381332036
pep_0467,gene_094,drug,24h,5,117.37495161265251
pep_0467,gene_094,drug,24h,6,133.11742539375598
pep_0467,gene_094,drug,6h,1,119.94814731199699
pep_0467,gene_094,drug,6h,2,100.34309705075879
pep_0467,gene_094,drug,6h,3,114.31834739500995
pep_0467,gene_094,drug,6h,4,147.00408850111808
pep_0467,gene_094,drug,6h,5,152.6996221305504
pep_0467,gene_094,drug,6h,6,208.38465907689547
pep_0468,gene_094,ctrl,0h,1,89.97635849948273
pep_0468,gene_094,ctrl,0h,2,87.58033141524317
pep_0468,gene_094,ctrl,0h,3,83.91050386655543
pep_0468,gene_094,ctrl,0h,4,52.613999792909304
pep_0468,gene_094,ctrl,0h,5,54.281425377281735
pep_0468,gene_094,ctrl,0h,6,121.65250775137787
pep_0468,gene_094,ctrl,24h,1,154.66118938686526
pep_0468,gene_094,ctrl,24h,2,80.1314390537342
pep_0468,gene_094,ctrl,24h,3,40.73422001282271
pep_0468,gene_094,ctrl,24h,4,45.97468254358174
pep_0468,gene_094,ctrl,24h,5,46.767816804342374
pep_0468,gene_094,ctrl,24h,6,38.31036373057779
pep_0468,gene_094,ctrl,6h,1,100.83709435129454
pep_0468,gene_094,ctrl,6h,2,74.39760281770769
pep_0468,gene_094,ctrl,6h,3,53.17004990820914
pep_0468,gene_094,ctrl,6h,4,38.195087826640844
pep_0468,gene_094,ctrl,6h,5,115.21997008580128
pep_0468,gene_094,ctrl,6h,6,50.71211207157886
pep_0468,gene_094,drug,0h,1,80.38276439718535
pep_0468,gene_094,drug,0h,2,89.12798973492123
pep_0468,gene_094,drug,0h,3,29.467315949706286
pep_0468,gene_094,drug,0h,4,89.87024368278033
pep_0468,gene_094,drug,0h,5,68.74963778907687
pep_0468,gene_094,drug,0h,6,55.65505886160722
pep_0468,gene_094,drug,24h,1,60.25327567268679
pep_0468,gene_094,drug,24h,2,174.20489560643554
pep_0468,gene_094,drug,24h,3,115.15237058399481
pep_0468,gene_094,drug,24h,4,46.38840971483149
pep_0468,gene_094,drug,24h,5,76.21570073789778
pep_0468,gene_094,drug,24h,6,51.17723478514771
pep_0468,gene_094,drug,6h,1,158.6382241583536
pep_0468,gene_094,drug,6h,2,172.8148869597729
pep_0468,gene_094,drug,6h,3,138.03480744536233
pep_0468,gene_094,drug,6h,4,49.3577313211529
pep_0468,gene_094,drug,6h,5,78.12284938521297
pep_0468,gene_094,drug,6h,6,157.19595429273988
pep_0469,gene_094,ctrl,0h,1,34.33409780609491
pep_0469,gene_094,ctrl,0h,2,49.61945613685542
pep_0469,gene_094,ctrl,0h,3,50.87191549017438
pep_0469,gene_094,ctrl,0h,4,43.0828874383633
pep_0469,gene_094,ctrl,0h,5,25.682307170712264
pep_0469,gene_094,ctrl,0h,6,61.11190454541189
pep_0469,gene_094,ctrl,24h,1,52.830848385655464
pep_0469,gene_094,ctrl,24h,2,38.25456977147364
pep_0469,gene_094,ctrl,24h,3,31.65827804549736
pep_0469,gene_094,ctrl,24h,4,50.05147965453711
pep_0469,gene_094,ctrl,24h,5,40.149753030302634
pep_0469,gene_094,ctrl,24h,6,43.59510346727792
pep_0469,gene_094,ctrl,6h,1,57.57001134603486
pep_0469,gene_094,ctrl,6h,2,36.860188456150134
pep_0469,gene_094,ctrl,6h,3,50.82466284536386
pep_0469,gene_094,ctrl,6h,4,48.19078885395362
pep_0469,gene_094,ctrl,6h,5,56.21014058208198
pep_0469,gene_094,ctrl,6h,6,33.385416658097206
pep_0469,gene_094,drug,0h,1,79.97827631861814
pep_0469,gene_094,drug,0h,2,46.98726016337529
pep_0469,gene_094,drug,0h,3,47.786753383865225
pep_0469,gene_094,drug,0h,4,30.658287428419484
pep_0469,gene_094,drug,0h,5,30.01564138563599
pep_0469,gene_094,drug,0h,6,61.20623014539328
pep_0469,gene_094,drug,24h,1,76.16518376365408
pep_0469,gene_094,drug,24h,2,68.55483916385266
pep_0469,gene_094,drug,24h,3,83.35723911435325
pep_0469,gene_094,drug,24h,4,40.89890638319244
pep_0469,gene_094,drug,24h,5,52.518563484755816
pep_0469,gene_094,drug,24h,6,32.26594554071808
pep_0469,gene_094,drug,6h,1,57.71023457866802
pep_0469,gene_094,drug,6h,2,49.33061139319787
pep_0469,gene_094,drug,6h,3,17.1449465718062
pep_0469,gene_094,drug,6h,4,62.454069635710745
pep_0469,gene_094,drug,6h,5,37.63783779007609
pep_0469,gene_094,drug,6h,6,15.98703729359363
pep_0470,gene_094,ctrl,0h,1,94.4151662341676
pep_0470,gene_094,ctrl,0h,2,200.13863768808997
pep_0470,gene_094,ctrl,0h,3,133.28949592613614
pep_0470,gene_094,ctrl,0h,4,160.25633706549814
pep_0470,gene_094,ctrl,0h,5,116.51020377375411
pep_0470,gene_094,ctrl,0h,6,73.02151251743913
pep_0470,gene_094,ctrl,24h,1,96.37169727202122
pep_0470,gene_094,ctrl,24h,2,111.74264858788838
pep_0470,gene_094,ctrl,24h,3,85.77328045832247
pep_0470,gene_094,ctrl,24h,4,96.07818269888466
pep_0470,gene_094,ctrl,24h,5,58.405132169043235
pep_0470,gene_094,ctrl,24h,6,124.84770445335069
pep_0470,gene_094,ctrl,6h,1,73.29041131851221
pep_0470,gene_094,ctrl,6h,2,152.42604039614406
pep_0470,gene_094,ctrl,6h,3,102.78226695585343
pep_0470,gene_094,ctrl,6h,4,146.7170626239361
pep_0470,gene_094,ctrl,6h,5,54.76488757935132
pep_0470,gene_094,ctrl,6h,6,83.23187133159476
pep_0470,gene_094,drug,0h,1,87.79186038701688
pep_0470,gene_094,drug,0h,2,46.44967481673838
pep_0470,gene_094,drug,0h,3,44.30705263335989
pep_0470,gene_094,drug,0h,4,137.02283209787907
pep_0470,gene_094,drug,0h,5,45.968346765564675
pep_0470,gene_094,drug,0h,6,81.37203115426624
pep_0470,gene_094,drug,24h,1,72.01399031249848
pep_0470,gene_094,drug,24h,2,100.57549495669981
pep_0470,gene_094,drug,24h,3,88.04384645641993
pep_0470,gene_094,drug,24h,4,135.89876178095355
pep_0470,gene_094,drug,24h,5,128.43476616981602
pep_0470,gene_094,drug,24h,6,104.57562904139834
pep_0470,gene_094,drug,6h,1,49.55836556090621
pep_0470,gene_094,drug,6h,2,102.49730093693448
pep_0470,gene_094,drug,6h,3,123.41565485436082
pep_0470,gene_094,drug,6h,4,96.76433258444347
pep_0470,gene_094,drug,6h,5,90.25049805603332
pep_0470,gene_094,drug,6h,6,94.5391465694802
pep_0471,gene_095,ctrl,0h,1,74.99272724347846
pep_0471,gene_095,ctrl,0h,2,30.363664514195822
pep_0471,gene_095,ctrl,0h,3,57.70920440725369
pep_0471,gene_095,ctrl,0h,4,77.54972547456568
pep_0471,gene_095,ctrl,0h,5,106.04837127019373
pep_0471,gene_095,ctrl,0h,6,49.43327586409219
pep_0471,gene_095,ctrl,24h,1,118.4634435604943
pep_0471,gene_095,ctrl,24h,2,73.0215230212437
pep_0471,gene_095,ctrl,24h,3,132.7391291189226
pep_0471,gene_095,ctrl,24h,4,54.92773737240321
pep_0471,gene_095,ctrl,24h,5,52.79660861681395
pep_0471,gene_095,ctrl,24h,6,105.39319080408568
pep_0471,gene_095,ctrl,6h,1,94.51563079974666
pep_0471,gene_095,ctrl,6h,2,109.37736740033951
pep_0471,gene_095,ctrl,6h,3,77.21727566070945
pep_0471,gene_095,ctrl,6h,4,87.97257637470473
pep_0471,gene_095,ctrl,6h,5,78.68231967509269
pep_0471,gene_095,ctrl,6h,6,86.33545064356112
pep_0471,gene_095,drug,0h,1,70.83323970810947
pep_0471,gene_095,drug,0h,2,132.38837457288187
pep_0471,gene_095,drug,0h,3,95.34264259548895
pep_0471,gene_095,drug,0h,4,91.88180256348907
pep_0471,gene_095,drug,0h,5,56.92860012823024
pep_0471,gene_095,drug,0h,6,55.38983754810559
pep_0471,gene_095,drug,24h,1,66.97740820304739
pep_0471,gene_095,drug,24h,2,137.7454190171152
pep_0471,gene_095,drug,24h,3,98.789461789215
pep_0471,gene_095,drug,24h,4,114.38213288930645
pep_0471,gene_095,drug,24h,5,37.748739941061785
pep_0471,gene_095,drug,24h,6,139.67609518119872
pep_0471,gene_095,drug,6h,1,96.53503674512605
pep_0471,gene_095,drug,6h,2,33.25327637679153
pep_0471,gene_095,drug,6h,3,91.96394590451335
pep_0471,gene_095,drug,6h,4,97.16957350309569
pep_0471,gene_095,drug,6h,5,59.67740782864513
pep_0471,gene_095,drug,6h,6,85.30871078341721
pep_0472,gene_095,ctrl,0h,1,34.204208970481936
pep_0472,gene_095,ctrl,0h,2,30.698080429845337
pep_0472,gene_095,ctrl,0h,3,45.12695212417978
pep_0472,gene_095,ctrl,0h,4,70.05554539597267
pep_0472,gene_095,ctrl,0h,5,105.86340858286155
pep_0472,gene_095,ctrl,0h,6,70.28317028795855
pep_0472,gene_095,ctrl,24h,1,57.0059493696997
pep_0472,gene_095,ctrl,24h,2,84.96669924005198
pep_0472,gene_095,ctrl,24h,3,111.00157763846019
pep_0472,gene_095,ctrl,24h,4,35.75963431674407
pep_0472,gene_095,ctrl,24h,5,30.713887523561645
pep_0472,gene_095,ctrl,24h,6,86.86218725192371
pep_0472,gene_095,ctrl,6h,1,61.94440028484143
pep_0472,gene_095,ctrl,6h,2,48.37388368525893
pep_0472,gene_095,ctrl,6h,3,89.9229359827818
pep_0472,gene_095,ctrl,6h,4,63.12032712339674
pep_0472,gene_095,ctrl,6h,5,38.57341348637261
pep_0472,gene_095,ctrl,6h,6,62.706331539682886
pep_0472,gene_095,drug,0h,1,129.61193144120446
pep_0472,gene_095,drug,0h,2,35.584335669260476
pep_0472,gene_095,drug,0h,3,57.597135831290274
pep_0472,gene_095,drug,0h,4,34.635015416171086
pep_0472,gene_095,drug,0h,5,70.11430398995101
pep_0472,gene_095,drug,0h,6,61.52142541430884
pep_0472,gene_095,drug,24h,1,81.58380345133662
pep_0472,gene_095,drug,24h,2,23.662933398645126
pep_0472,gene_095,drug,24h,3,55.03944766885007
pep_0472,gene_095,drug,24h,4,40.279687141957425
pep_0472,gene_095,drug,24h,5,71.84265106525349
pep_0472,gene_095,drug,24h,6,77.44048065685564
pep_0472,gene_095,drug,6h,1,28.717297325324093
pep_0472,gene_095,drug,6h,2,48.962561948068185
pep_0472,gene_095,drug,6h,3,46.27802728807065
pep_0472,gene_095,drug,6h,4,22.724956217524177
pep_0472,gene_095,drug,6h,5,57.38828947646336
pep_0472,gene_095,drug,6h,6,97.26249447933422
pep_0473,gene_095,ctrl,0h,1,44.124023943738415
pep_0473,gene_095,ctrl,0h,2,21.042504259782135
pep_0473,gene_095,ctrl,0h,3,25.65979997234134
pep_0473,gene_095,ctrl,0h,4,75.736744167043
pep_0473,gene_095,ctrl,0h,5,14.326382340417787
pep_0473,gene_095,ctrl,0h,6,23.115174157397146
pep_0473,gene_095,ctrl,24h,1,35.2259840874724
pep_0473,gene_095,ctrl,24h,2,47.50190813065643
pep_0473,gene_095,ctrl,24h,3,30.633890369437648
pep_0473,gene_095,ctrl,24h,4,39.20639521157107
pep_0473,gene_095,ctrl,24h,5,25.121972431878852
pep_0473,gene_095,ctrl,24h,6,56.58084528669996
pep_0473,gene_095,ctrl,6h,1,20.434845243278414
pep_0473,gene_095,ctrl,6h,2,42.66402419217316
pep_0473,gene_095,ctrl,6h,3,26.06697274171225
pep_0473,gene_095,ctrl,6h,4,NA
pep_0473,gene_095,ctrl,6h,5,49.68181338149208
pep_0473,gene_095,ctrl,6h,6,47.61436301342096
pep_0473,gene_095,drug,0h,1,25.633123373209926
pep_0473,gene_095,drug,0h,2,14.998527259712436
pep_0473,gene_095,drug,0h,3,48.63224209026925
pep_0473,gene_095,drug,0h,4,37.758660830555506
pep_0473,gene_095,drug,0h,5,19.73868790530016
pep_0473,gene_095,drug,0h,6,11.443360766844364
pep_0473,gene_095,drug,24h,1,17.032916943632603
pep_0473,gene_095,drug,24h,2,40.39808345610293
pep_0473,gene_095,drug,24h,3,15.260525124406652
pep_0473,gene_095,drug,24h,4,40.48047270906755
pep_0473,gene_095,drug,24h,5,46.180126643424636
pep_0473,gene_095,drug,24h,6,48.73989688375451
pep_0473,gene_095,drug,6h,1,52.48671830516302
pep_0473,gene_095,drug,6h,2,33.96584509718681
pep_0473,gene_095,drug,6h,3,25.79299592134233
pep_0473,gene_095,drug,6h,4,56.23707447495047
pep_0473,gene_095,drug,6h,5,61.096337204882836
pep_0473,gene_095,drug,6h,6,11.56455384090617
pep_0474,gene_095,ctrl,0h,1,56.67718372639761
pep_0474,gene_095,ctrl,0h,2,45.28914323132856
pep_0474,gene_095,ctrl,0h,3,25.11872643271953
pep_0474,gene_095,ctrl,0h,4,63.76578765423112
pep_0474,gene_095,ctrl,0h,5,25.071425666428187
pep_0474,gene_095,ctrl,0h,6,24.71579207480935
pep_0474,gene_095,ctrl,24h,1,52.946360679603806
pep_0474,gene_095,ctrl,24h,2,58.45947131409293
pep_0474,gene_095,ctrl,24h,3,68.76122364157077
pep_0474,gene_095,ctrl,24h,4,32.61772553229167
pep_0474,gene_095,ctrl,24h,5,58.11958924701529
pep_0474,gene_095,ctrl,24h,6,74.2418005715501
pep_0474,gene_095,ctrl,6h,1,87.7948086637756
pep_0474,gene_095,ctrl,6h,2,46.01206336739721
pep_0474,gene_095,ctrl,6h,3,38.923609820265646
pep_0474,gene_095,ctrl,6h,4,50.94621019967322
pep_0474,gene_095,ctrl,6h,5,42.215700860098075
pep_0474,gene_095,ctrl,6h,6,41.19567503381728
pep_0474,gene_095,drug,0h,1,41.891988825562485
pep_0474,gene_095,drug,0h,2,51.601502909454204
pep_0474,gene_095,drug,0h,3,77.09599438688029
pep_0474,gene_095,drug,0h,4,68.69772001908055
pep_0474,gene_095,drug,0h,5,115.65177527362545
pep_0474,gene_095,drug,0h,6,77.3958415558487
pep_0474,gene_095,drug,24h,1,79.42262020667464
pep_0474,gene_095,drug,24h,2,57.7278695488686
pep_0474,gene_095,drug,24h,3,62.28996962837852
pep_0474,gene_095,drug,24h,4,39.84549095351899
pep_0474,gene_095,drug,24h,5,94.92632099817838
pep_0474,gene_095,drug,24h,6,29.619725625021868
pep_0474,gene_095,drug,6h,1,20.48049050253045
pep_0474,gene_095,drug,6h,2,42.693014575967034
pep_0474,gene_095,drug,6h,3,58.60039968050579
pep_0474,gene_095,drug,6h,4,40.531211725134305
pep_0474,gene_095,drug,6h,5,20.244888349561656
pep_0474,gene_095,drug,6h,6,61.376202545040705
pep_0475,gene_095,ctrl,0h,1,58.75520452228049
pep_0475,gene_095,ctrl,0h,2,135.86688392975378
pep_0475,gene_095,ctrl,0h,3,70.35597254886756
pep_0475,gene_095,ctrl,0h,4,129.1375870810815
pep_0475,gene_095,ctrl,0h,5,132.01311745301624
pep_0475,gene_095,ctrl,0h,6,113.04001295222139
pep_0475,gene_095,ctrl,24h,1,117.37119957938674
pep_0475,gene_095,ctrl,24h,2,64.84385191852498
pep_0475,gene_095,ctrl,24h,3,87.54827029915091
pep_0475,gene_095,ctrl,24h,4,84.48870006419953
pep_0475,gene_095,ctrl,24h,5,74.61757200734402
pep_0475,gene_095,ctrl,24h,6,97.56650457710272
pep_0475,gene_095,ctrl,6h,1,87.89343941367912
pep_0475,gene_095,ctrl,6h,2,89.41015377609607
pep_0475,gene_095,ctrl,6h,3,97.79962481779603
pep_0475,gene_095,ctrl,6h,4,40.52710867067099
pep_0475,gene_095,ctrl,6h,5,97.5216565628549
pep_0475,gene_095,ctrl,6h,6,68.41592044400088
pep_0475,gene_095,drug,0h,1,68.59428877473327
pep_0475,gene_095,drug,0h,2,43.594412903830474
pep_0475,gene_095,drug,0h,3,43.52709665990552
pep_0475,gene_095,drug,0h,4,76.76428366983512
pep_0475,gene_095,drug,0h,5,44.45487168079774
pep_0475,gene_095,drug,0h,6,109.68705590496151
pep_0475,gene_095,drug,24h,1,86.93656916491612
pep_0475,gene_095,drug,24h,2,47.99376102176143
pep_0475,gene_095,drug,24h,3,20.971454971816286
pep_0475,gene_095,drug,24h,4,92.09790570267022
pep_0475,gene_095,drug,24h,5,44.33168213496288
pep_0475,gene_095,drug,24h,6,76.62344790742235
pep_0475,gene_095,drug,6h,1,94.39395178607337
pep_0475,gene_095,drug,6h,2,72.69870662944825
pep_0475,gene_095,drug,6h,3,105.26479688136769
pep_0475,gene_095,drug,6h,4,51.04132439982973
pep_0475,gene_095,drug,6h,5,112.4293425020111
pep_0475,gene_095,drug,6h,6,68.67328274149192
pep_0476,gene_096,ctrl,0h,1,146.0283055610192
pep_0476,gene_096,ctrl,0h,2,125.02410824434861
pep_0476,gene_096,ctrl,0h,3,80.87047164032018
pep_0476,gene_096,ctrl,0h,4,148.1113036656817
pep_0476,gene_096,ctrl,0h,5,79.68023145063648
pep_0476,gene_096,ctrl,0h,6,204.50841665377084
pep_0476,gene_096,ctrl,24h,1,83.47577340029046
pep_0476,gene_096,ctrl,24h,2,103.75846271522222
pep_0476,gene_096,ctrl,24h,3,142.12444945051283
pep_0476,gene_096,ctrl,24h,4,150.36573384388709
pep_0476,gene_096,ctrl,24h,5,73.36199445586384
pep_0476,gene_096,ctrl,24h,6,171.76712478343347
pep_0476,gene_096,ctrl,6h,1,92.15072594372131
pep_0476,gene_096,ctrl,6h,2,138.0707626050801
pep_0476,gene_096,ctrl,6h,3,97.3851316156412
pep_0476,gene_096,ctrl,6h,4,179.67444941379938
pep_0476,gene_096,ctrl,6h,5,167.4258722395313
pep_0476,gene_096,ctrl,6h,6,67.72026902364853
pep_0476,gene_096,drug,0h,1,120.99386286604155
pep_0476,gene_096,drug,0h,2,175.30434631517898
pep_0476,gene_096,drug,0h,3,204.15914849238686
pep_0476,gene_096,drug,0h,4,156.53558641230956
pep_0476,gene_096,drug,0h,5,127.72718112253452
pep_0476,gene_096,drug,0h,6,52.327972323766204
pep_0476,gene_096,drug,24h,1,187.9899543985232
pep_0476,gene_096,drug,24h,2,112.50819102884697
pep_0476,gene_096,drug,24h,3,193.93297932080173
pep_0476,gene_096,drug,24h,4,141.5571447886505
pep_0476,gene_096,drug,24h,5,109.93149307427694
pep_0476,gene_096,drug,24h,6,108.78321314020086
pep_0476,gene_096,drug,6h,1,153.94394935339272
pep_0476,gene_096,drug,6h,2,160.968661343425
pep_0476,gene_096,drug,6h,3,145.1773775631169
pep_0476,gene_096,drug,6h,4,215.59537622607377
pep_0476,gene_096,drug,6h,5,152.669088662173
pep_0476,gene_096,drug,6h,6,140.2523416634119
pep_0477,gene_096,ctrl,0h,1,105.37564827844083
pep_0477,gene_096,ctrl,0h,2,193.7974528675625
pep_0477,gene_096,ctrl,0h,3,97.6652625168284
pep_0477,gene_096,ctrl,0h,4,152.7372334965381
pep_0477,gene_096,ctrl,0h,5,148.8797117087245
pep_0477,gene_096,ctrl,0h,6,132.804178713294
pep_0477,gene_096,ctrl,24h,1,80.85276394052238
pep_0477,gene_096,ctrl,24h,2,120.67330774012319
pep_0477,gene_096,ctrl,24h,3,245.00182628488508
pep_0477,gene_096,ctrl,24h,4,193.6437855622309
pep_0477,gene_096,ctrl,24h,5,89.31606493312218
pep_0477,gene_096,ctrl,24h,6,115.38442944746913
pep_0477,gene_096,ctrl,6h,1,160.5745155552503
pep_0477,gene_096,ctrl,6h,2,112.26547817638998
pep_0477,gene_096,ctrl,6h,3,83.9884467343979
pep_0477,gene_096,ctrl,6h,4,137.26232846848018
pep_0477,gene_096,ctrl,6h,5,126.03735133044694
pep_0477,gene_096,ctrl,6h,6,182.15768147823505
pep_0477,gene_096,drug,0h,1,103.53592685430284
pep_0477,gene_096,drug,0h,2,101.84766400576899
pep_0477,gene_096,drug,0h,3,181.75517027424993
pep_0477,gene_096,drug,0h,4,97.23807410064589
pep_0477,gene_096,drug,0h,5,136.89701178638506
pep_0477,gene_096,drug,0h,6,71.78370781104265
pep_0477,gene_096,drug,24h,1,165.29634672926417
pep_0477,gene_096,drug,24h,2,146.3575000157726
pep_0477,gene_096,drug,24h,3,76.13570859311601
pep_0477,gene_096,drug,24h,4,73.06355687330252
pep_0477,gene_096,drug,24h,5,157.60976136564608
pep_0477,gene_096,drug,24h,6,159.88294527019406
pep_0477,gene_096,drug,6h,1,77.91660148057656
pep_0477,gene_096,drug,6h,2,136.83713944356882
pep_0477,gene_096,drug,6h,3,100.40427479988658
pep_0477,gene_096,drug,6h,4,120.12015761447519
pep_0477,gene_096,drug,6h,5,91.01911807454358
pep_0477,gene_096,drug,6h,6,119.41097833688521
pep_0478,gene_096,ctrl,0h,1,27.621204338298895
pep_0478,gene_096,ctrl,0h,2,31.024357671111222
pep_0478,gene_096,ctrl,0h,3,35.153579619144864
pep_0478,gene_096,ctrl,0h,4,29.135019793721774
pep_0478,gene_096,ctrl,0h,5,37.79523914818072
pep_0478,gene_096,ctrl,0h,6,52.283975587254915
pep_0478,gene_096,ctrl,24h,1,77.37170706742043
pep_0478,gene_096,ctrl,24h,2,90.8629039942842
pep_0478,gene_096,ctrl,24h,3,56.25824616531236
pep_0478,gene_096,ctrl,24h,4,16.576075840599675
pep_0478,gene_096,ctrl,24h,5,68.42022948012455
pep_0478,gene_096,ctrl,24h,6,27.56970325208771
pep_0478,gene_096,ctrl,6h,1,17.172332780517934
pep_0478,gene_096,ctrl,6h,2,42.93591158738924
pep_0478,gene_096,ctrl,6h,3,42.268952978223325
pep_0478,gene_096,ctrl,6h,4,19.24440728187598
pep_0478,gene_096,ctrl,6h,5,34.31991338061418
pep_0478,gene_096,ctrl,6h,6,NA
pep_0478,gene_096,drug,0h,1,21.062750252389257
pep_0478,gene_096,drug,0h,2,54.31597104794609
pep_0478,gene_096,drug,0h,3,50.81533206451314
pep_0478,gene_096,drug,0h,4,22.430408038456697
pep_0478,gene_096,drug,0h,5,85.74657794886565
pep_0478,gene_096,drug,0h,6,19.82652622233723
pep_0478,gene_096,drug,24h,1,41.7243610605147
pep_0478,gene_096,drug,24h,2,28.231246201098045
pep_0478,gene_096,drug,24h,3,26.710629558566684
pep_0478,gene_096,drug,24h,4,16.698786668972
pep_0478,gene_096,drug,24h,5,14.795074045413317
pep_0478,gene_096,drug,24h,6,31.627613124058648
pep_0478,gene_096,drug,6h,1,44.72165617249923
pep_0478,gene_096,drug,6h,2,40.821802543178116
pep_0478,gene_096,drug,6h,3,50.507034945680296
pep_0478,gene_096,drug,6h,4,80.15636084301526
pep_0478,gene_096,drug,6h,5,32.01932234517952
pep_0478,gene_096,drug,6h,6,NA
pep_0479,gene_096,ctrl,0h,1,204.2338673880567
pep_0479,gene_096,ctrl,0h,2,189.35984867411534
pep_0479,gene_096,ctrl,0h,3,95.95338768453261
pep_0479,gene_096,ctrl,0h,4,102.00645077698795
pep_0479,gene_096,ctrl,0h,5,149.67709276895707
pep_0479,gene_096,ctrl,0h,6,272.7117125200839
pep_0479,gene_096,ctrl,24h,1,177.37143078517036
pep_0479,gene_096,ctrl,24h,2,198.54550693147465
pep_0479,gene_096,ctrl,24h,3,295.13864965976245
pep_0479,gene_096,ctrl,24h,4,213.51270635207197
pep_0479,gene_096,ctrl,24h,5,146.99124083825936
pep_0479,gene_096,ctrl,24h,6,264.11139662075215
pep_0479,gene_096,ctrl,6h,1,224.51254830762696
pep_0479,gene_096,ctrl,6h,2,290.86646919063776
pep_0479,gene_096,ctrl,6h,3,312.8348398947092
pep_0479,gene_096,ctrl,6h,4,159.62189900640453
pep_0479,gene_096,ctrl,6h,5,183.6733805725458
pep_0479,gene_096,ctrl,6h,6,294.1640196102122
pep_0479,gene_096,drug,0h,1,259.7892701563069
pep_0479,gene_096,drug,0h,2,147.95614408463564
pep_0479,gene_096,drug,0h,3,117.48426434545826
pep_0479,gene_096,drug,0h,4,188.0128942268079
pep_0479,gene_096,drug,0h,5,101.55780076246465
pep_0479,gene_096,drug,0h,6,209.27384180786476
pep_0479,gene_096,drug,24h,1,279.33342881948937
pep_0479,gene_096,drug,24h,2,140.6570000770508
pep_0479,gene_096,drug,24h,3,110.43661204624222
pep_0479,gene_096,drug,24h,4,134.546943905103
pep_0479,gene_096,drug,24h,5,99.2187232346308
pep_0479,gene_096,drug,24h,6,165.58975422628242
pep_0479,gene_096,drug,6h,1,191.05414090159232
pep_0479,gene_096,drug,6h,2,183.65652587810612
pep_0479,gene_096,drug,6h,3,269.7992935625475
pep_0479,gene_096,drug,6h,4,155.6627617896943
pep_0479,gene_096,drug,6h,5,234.0919745837082
pep_0479,gene_096,drug,6h,6,184.87723403821724
pep_0480,gene_096,ctrl,0h,1,119.60074166437278
pep_0480,gene_096,ctrl,0h,2,75.50820267109613
pep_0480,gene_096,ctrl,0h,3,157.72357774910662
pep_0480,gene_096,ctrl,0h,4,111.55595482126922
pep_0480,gene_096,ctrl,0h,5,195.69499536413193
pep_0480,gene_096,ctrl,0h,6,108.72605893621284
pep_0480,gene_096,ctrl,24h,1,200.91583929961953
pep_0480,gene_096,ctrl,24h,2,191.31284921761133
pep_0480,gene_096,ctrl,24h,3,227.4435813894236
pep_0480,gene_096,ctrl,24h,4,160.33569164854623
pep_0480,gene_096,ctrl,24h,5,176.37350807290278
pep_0480,gene_096,ctrl,24h,6,138.67251542935472
pep_0480,gene_096,ctrl,6h,1,131.561142791473
pep_0480,gene_096,ctrl,6h,2,155.84927576033994
pep_0480,gene_096,ctrl,6h,3,229.5294603979931
pep_0480,gene_096,ctrl,6h,4,173.6062227567943
pep_0480,gene_096,ctrl,6h,5,175.27645273785714
pep_0480,gene_096,ctrl,6h,6,197.08002410772946
pep_0480,gene_096,drug,0h,1,155.58976947143913
pep_0480,gene_096,drug,0h,2,177.63845106747252
pep_0480,gene_096,drug,0h,3,77.75278424566574
pep_0480,gene_096,drug,0h,4,169.02043193642933
pep_0480,gene_096,drug,0h,5,139.49260874597906
pep_0480,gene_096,drug,0h,6,171.55499282431617
pep_0480,gene_096,drug,24h,1,203.73072449773522
pep_0480,gene_096,drug,24h,2,146.70298115013165
pep_0480,gene_096,drug,24h,3,280.64801296696754
pep_0480,gene_096,drug,24h,4,103.59869480284678
pep_0480,gene_096,drug,24h,5,158.8705408687548
pep_0480,gene_096,drug,24h,6,199.61454895434548
pep_0480,gene_096,drug,6h,1,346.18931873300335
pep_0480,gene_096,drug,6h,2,148.32481735200633
pep_0480,gene_096,drug,6h,3,145.49024298848482
pep_0480,gene_096,drug,6h,4,152.31607607035158
pep_0480,gene_096,drug,6h,5,150.64513870121058
pep_0480,gene_096,drug,6h,6,178.63864045204383
pep_0481,gene_097,ctrl,0h,1,114.90370797998925
pep_0481,gene_097,ctrl,0h,2,89.75325656454388
pep_0481,gene_097,ctrl,0h,3,63.267828532356695
pep_0481,gene_097,ctrl,0h,4,54.298588977451736
pep_0481,gene_097,ctrl,0h,5,73.5532020442515
pep_0481,gene_097,ctrl,0h,6,105.56361143569495
pep_0481,gene_097,ctrl,24h,1,91.56638364172653
pep_0481,gene_097,ctrl,24h,2,51.10736975433667
pep_0481,gene_097,ctrl,24h,3,44.88037569515158
pep_0481,gene_097,ctrl,24h,4,122.5014751252046
pep_0481,gene_097,ctrl,24h,5,82.5969607682157
pep_0481,gene_097,ctrl,24h,6,86.39290253311061
pep_0481,gene_097,ctrl,6h,1,81.53162634859781
pep_0481,gene_097,ctrl,6h,2,54.92351433661371
pep_0481,gene_097,ctrl,6h,3,61.09060640458344
pep_0481,gene_097,ctrl,6h,4,70.04339879716923
pep_0481,gene_097,ctrl,6h,5,65.20424619970113
pep_0481,gene_097,ctrl,6h,6,90.33927830139233
pep_0481,gene_097,drug,0h,1,41.915922367598355
pep_0481,gene_097,drug,0h,2,64.22112159313714
pep_0481,gene_097,drug,0h,3,40.243587982495406
pep_0481,gene_097,drug,0h,4,50.55674195072373
pep_0481,gene_097,drug,0h,5,66.34802225983283
pep_0481,gene_097,drug,0h,6,83.34414976615348
pep_0481,gene_097,drug,24h,1,44.06060326631559
pep_0481,gene_097,drug,24h,2,56.554681467339805
pep_0481,gene_097,drug,24h,3,82.32208578598139
pep_0481,gene_097,drug,24h,4,113.16525508830567
pep_0481,gene_097,drug,24h,5,52.929873766481805
pep_0481,gene_097,drug,24h,6,63.89138313689344
pep_0481,gene_097,drug,6h,1,33.87069617509191
pep_0481,gene_097,drug,6h,2,38.522735796361744
pep_0481,gene_097,drug,6h,3,49.78695706459189
pep_0481,gene_097,drug,6h,4,27.959471636233104
pep_0481,gene_097,drug,6h,5,61.08959405368225
pep_0481,gene_097,drug,6h,6,52.85642560172932
pep_0482,gene_097,ctrl,0h,1,57.881861255758636
pep_0482,gene_097,ctrl,0h,2,32.46482041443417
pep_0482,gene_097,ctrl,0h,3,20.586477028917965
pep_0482,gene_097,ctrl,0h,4,54.96919112110093
pep_0482,gene_097,ctrl,0h,5,129.36144476124804
pep_0482,gene_097,ctrl,0h,6,91.59823692854135
pep_0482,gene_097,ctrl,24h,1,78.54651569276614
pep_0482,gene_097,ctrl,24h,2,74.84210726921657
pep_0482,gene_097,ctrl,24h,3,117.68057336922821
pep_0482,gene_097,ctrl,24h,4,46.66379101747036
pep_0482,gene_097,ctrl,24h,5,173.34365605478294
pep_0482,gene_097,ctrl,24h,6,79.9318019966644
pep_0482,gene_097,ctrl,6h,1,26.32261151963435
pep_0482,gene_097,ctrl,6h,2,67.41875249520788
pep_0482,gene_097,ctrl,6h,3,72.5114707170615
pep_0482,gene_097,ctrl,6h,4,94.47151401138538
pep_0482,gene_097,ctrl,6h,5,79.07867115334598
pep_0482,gene_097,ctrl,6h,6,43.10413744319168
pep_0482,gene_097,drug,0h,1,118.15275694533571
pep_0482,gene_097,drug,0h,2,87.66552975680592
pep_0482,gene_097,drug,0h,3,72.79892731240963
pep_0482,gene_097,drug,0h,4,80.67766687220629
pep_0482,gene_097,drug,0h,5,150.6939563820744
pep_0482,gene_097,drug,0h,6,73.34228004958477
pep_0482,gene_097,drug,24h,1,74.4705165305801
pep_0482,gene_097,drug,24h,2,126.52834733257414
pep_0482,gene_097,drug,24h,3,61.54662472175721
pep_0482,gene_097,drug,24h,4,119.4842680787568
pep_0482,gene_097,drug,24h,5,47.29679673892775
pep_0482,gene_097,drug,24h,6,77.48440047513836
pep_0482,gene_097,drug,6h,1,50.65713813726746
pep_0482,gene_097,drug,6h,2,64.32954255194574
pep_0482,gene_097,drug,6h,3,48.30604941054139
pep_0482,gene_097,drug,6h,4,38.64821931964044
pep_0482,gene_097,drug,6h,5,79.47376739960846
pep_0482,gene_097,drug,6h,6,95.68400977055558
pep_0483,gene_097,ctrl,0h,1,78.70619755355534
pep_0483,gene_097,ctrl,0h,2,74.4418153300642
pep_0483,gene_097,ctrl,0h,3,63.88321149306116
pep_0483,gene_097,ctrl,0h,4,100.43433600326954
pep_0483,gene_097,ctrl,0h,5,80.16564424483957
pep_0483,gene_097,ctrl,0h,6,89.8817019235345
pep_0483,gene_097,ctrl,24h,1,106.31806604418243
pep_0483,gene_097,ctrl,24h,2,70.61423533945342
pep_0483,gene_097,ctrl,24h,3,65.15002612347783
pep_0483,gene_097,ctrl,24h,4,105.9819972295801
pep_0483,gene_097,ctrl,24h,5,42.48217456055844
pep_0483,gene_097,ctrl,24h,6,60.27022355322412
pep_0483,gene_097,ctrl,6h,1,59.026760243650834
pep_0483,gene_097,ctrl,6h,2,100.72308993640948
pep_0483,gene_097,ctrl,6h,3,108.4489398870234
pep_0483,gene_097,ctrl,6h,4,87.00636106847703
pep_0483,gene_097,ctrl,6h,5,75.80835775765098
pep_0483,gene_097,ctrl,6h,6,59.23036570867852
pep_0483,gene_097,drug,0h,1,106.6689423423623
pep_0483,gene_097,drug,0h,2,84.53385055972699
pep_0483,gene_097,drug,0h,3,84.18519056683951
pep_0483,gene_097,drug,0h,4,67.38372077145554
pep_0483,gene_097,drug,0h,5,68.16639397950071
pep_0483,gene_097,drug,0h,6,171.73081161183893
pep_0483,gene_097,drug,24h,1,65.386081997809
pep_0483,gene_097,drug,24h,2,108.80198835931034
pep_0483,gene_097,drug,24h,3,107.50357785698903
pep_0483,gene_097,drug,24h,4,94.09501768546204
pep_0483,gene_097,drug,24h,5,91.20885073644192
pep_0483,gene_097,drug,24h,6,103.33527844517349
pep_0483,gene_097,drug,6h,1,82.11880232253202
pep_0483,gene_097,drug,6h,2,51.88903143430621
pep_0483,gene_097,drug,6h,3,74.78883260684047
pep_0483,gene_097,drug,6h,4,140.62501797001107
pep_0483,gene_097,drug,6h,5,113.91600820538387
pep_0483,gene_097,drug,6h,6,63.3781978453598
pep_0484,gene_097,ctrl,0h,1,149.65117096940975
pep_0484,gene_097,ctrl,0h,2,178.71687402703483
pep_0484,gene_097,ctrl,0h,3,108.62399876253816
pep_0484,gene_097,ctrl,0h,4,162.49934725261184
pep_0484,gene_097,ctrl,0h,5,114.00798657061786
pep_0484,gene_097,ctrl,0h,6,112.18355826574893
pep_0484,gene_097,ctrl,24h,1,44.872338191682566
pep_0484,gene_097,ctrl,24h,2,80.97459473489198
pep_0484,gene_097,ctrl,24h,3,132.13842378671993
pep_0484,gene_097,ctrl,24h,4,150.82807156745497
pep_0484,gene_097,ctrl,24h,5,68.98873495909982
pep_0484,gene_097,ctrl,24h,6,55.76090393955364
pep_0484,gene_097,ctrl,6h,1,99.82931830224203
pep_0484,gene_097,ctrl,6h,2,33.08668733852247
pep_0484,gene_097,ctrl,6h,3,79.26452829589164
pep_0484,gene_097,ctrl,6h,4,175.85024149169462
pep_0484,gene_097,ctrl,6h,5,90.32832514527907
pep_0484,gene_097,ctrl,6h,6,99.32401475165882
pep_0484,gene_097,drug,0h,1,126.66657303622472
pep_0484,gene_097,drug,0h,2,49.63443005733157
pep_0484,gene_097,drug,0h,3,188.80930988761617
pep_0484,gene_097,drug,0h,4,79.68928257222024
pep_0484,gene_097,drug,0h,5,91.75191532121808
pep_0484,gene_097,drug,0h,6,169.05465025230598
pep_0484,gene_097,drug,24h,1,128.39153660536422
pep_0484,gene_097,drug,24h,2,119.49389289887154
pep_0484,gene_097,drug,24h,3,220.28081941382615
pep_0484,gene_097,drug,24h,4,60.171057078108646
pep_0484,gene_097,drug,24h,5,303.69959939216767
pep_0484,gene_097,drug,24h,6,155.06014710178093
pep_0484,gene_097,drug,6h,1,80.5820334321691
pep_0484,gene_097,drug,6h,2,93.57724475705025
pep_0484,gene_097,drug,6h,3,154.26531559647563
pep_0484,gene_097,drug,6h,4,175.98605746523037
pep_0484,gene_097,drug,6h,5,153.35082295146245
pep_0484,gene_097,drug,6h,6,175.19263592709666
pep_0485,gene_097,ctrl,0h,1,98.95162107742388
pep_0485,gene_097,ctrl,0h,2,81.8284435352777
pep_0485,gene_097,ctrl,0h,3,306.72428236283804
pep_0485,gene_097,ctrl,0h,4,136.99916482538006
pep_0485,gene_097,ctrl,0h,5,143.88268838782068
pep_0485,gene_097,ctrl,0h,6,142.9610317815416
pep_0485,gene_097,ctrl,24h,1,135.38299098391147
pep_0485,gene_097,ctrl,24h,2,185.35501835830968
pep_0485,gene_097,ctrl,24h,3,128.08986518922492
pep_0485,gene_097,ctrl,24h,4,167.0441083212092
pep_0485,gene_097,ctrl,24h,5,169.54678861425546
pep_0485,gene_097,ctrl,24h,6,166.05249627356113
pep_0485,gene_097,ctrl,6h,1,133.5566789224599
pep_0485,gene_097,ctrl,6h,2,248.45611749585933
pep_0485,gene_097,ctrl,6h,3,240.66459205264056
pep_0485,gene_097,ctrl,6h,4,246.79541568587277
pep_0485,gene_097,ctrl,6h,5,142.1058945082781
pep_0485,gene_097,ctrl,6h,6,215.92849089909748
pep_0485,gene_097,drug,0h,1,105.94761943830012
pep_0485,gene_097,drug,0h,2,104.03576512352065
pep_0485,gene_097,drug,0h,3,152.0194399568128
pep_0485,gene_097,drug,0h,4,140.37741948291438
pep_0485,gene_097,drug,0h,5,73.72267256569467
pep_0485,gene_097,drug,0h,6,161.65278716939517
pep_0485,gene_097,drug,24h,1,126.78579184955349
pep_0485,gene_097,drug,24h,2,95.51823883196408
pep_0485,gene_097,drug,24h,3,95.23860340812843
pep_0485,gene_097,drug,24h,4,137.74802748461428
pep_0485,gene_097,drug,24h,5,124.2497194502157
pep_0485,gene_097,drug,24h,6,213.03848520608474
pep_0485,gene_097,drug,6h,1,154.55353841152004
pep_0485,gene_097,drug,6h,2,123.46997413085761
pep_0485,gene_097,drug,6h,3,147.7016984363264
pep_0485,gene_097,drug,6h,4,170.130702942788
pep_0485,gene_097,drug,6h,5,162.74292579840838
pep_0485,gene_097,drug,6h,6,173.96373298471266
pep_0486,gene_098,ctrl,0h,1,99.01879008910312
pep_0486,gene_098,ctrl,0h,2,97.51623707038976
pep_0486,gene_098,ctrl,0h,3,103.17622701932693
pep_0486,gene_098,ctrl,0h,4,194.79156382254436
pep_0486,gene_098,ctrl,0h,5,88.81069970180803
pep_0486,gene_098,ctrl,0h,6,94.8409543717717
pep_0486,gene_098,ctrl,24h,1,116.39460567119718
pep_0486,gene_098,ctrl,24h,2,178.5001732154314
pep_0486,gene_098,ctrl,24h,3,147.51351762290574
pep_0486,gene_098,ctrl,24h,4,156.5529138036047
pep_0486,gene_098,ctrl,24h,5,81.03338816295195
pep_0486,gene_098,ctrl,24h,6,100.53093262822442
pep_0486,gene_098,ctrl,6h,1,101.11143431841643
pep_0486,gene_098,ctrl,6h,2,157.77037969559123
pep_0486,gene_098,ctrl,6h,3,131.75923096922892
pep_0486,gene_098,ctrl,6h,4,121.04749659093751
pep_0486,gene_098,ctrl,6h,5,153.3167029760573
pep_0486,gene_098,ctrl,6h,6,97.88307541012253
pep_0486,gene_098,drug,0h,1,132.2178542877216
pep_0486,gene_098,drug,0h,2,83.95685822902601
pep_0486,gene_098,drug,0h,3,176.10882639781366
pep_0486,gene_098,drug,0h,4,225.65048574403076
pep_0486,gene_098,drug,0h,5,147.5384172176323
pep_0486,gene_098,drug,0h,6,212.34902173122137
pep_0486,gene_098,drug,24h,1,178.13354635799706
pep_0486,gene_098,drug,24h,2,186.54682017893614
pep_0486,gene_098,drug,24h,3,197.08129152126918
pep_0486,gene_098,drug,24h,4,332.20021006175716
pep_0486,gene_098,drug,24h,5,206.06521774224345
pep_0486,gene_098,drug,24h,6,84.5246405788127
pep_0486,gene_098,drug,6h,1,176.5162601745515
pep_0486,gene_098,drug,6h,2,177.06513110531623
pep_0486,gene_098,drug,6h,3,284.41999558369645
pep_0486,gene_098,drug,6h,4,140.69555505328876
pep_0486,gene_098,drug,6h,5,166.5066666294204
pep_0486,gene_098,drug,6h,6,246.50283661513168
pep_0487,gene_098,ctrl,0h,1,99.87115857725557
pep_0487,gene_098,ctrl,0h,2,71.67102578116699
pep_0487,gene_098,ctrl,0h,3,48.63972105897901
pep_0487,gene_098,ctrl,0h,4,144.61936418000332
pep_0487,gene_098,ctrl,0h,5,125.37551562611041
pep_0487,gene_098,ctrl,0h,6,58.856687588553044
pep_0487,gene_098,ctrl,24h,1,71.70232101914645
pep_0487,gene_098,ctrl,24h,2,83.15327937353773
pep_0487,gene_098,ctrl,24h,3,105.92133383761086
pep_0487,gene_098,ctrl,24h,4,35.25795674213489
pep_0487,gene_098,ctrl,24h,5,84.47886778569669
pep_0487,gene_098,ctrl,24h,6,68.30440884996447
pep_0487,gene_098,ctrl,6h,1,45.29181645591912
pep_0487,gene_098,ctrl,6h,2,80.88404513907841
pep_0487,gene_098,ctrl,6h,3,81.66490578702663
pep_0487,gene_098,ctrl,6h,4,85.16628597441272
pep_0487,gene_098,ctrl,6h,5,90.79357329317956
pep_0487,gene_098,ctrl,6h,6,37.95086751720432
pep_0487,gene_098,drug,0h,1,76.70905969785545
pep_0487,gene_098,drug,0h,2,58.33805944213103
pep_0487,gene_098,drug,0h,3,59.453535852916566
pep_0487,gene_098,drug,0h,4,77.7461933634112
pep_0487,gene_098,drug,0h,5,117.06445643314825
pep_0487,gene_098,drug,0h,6,110.58115419883106
pep_0487,gene_098,drug,24h,1,129.13934491116234
pep_0487,gene_098,drug,24h,2,40.59792248161557
pep_0487,gene_098,drug,24h,3,42.617982866957085
pep_0487,gene_098,drug,24h,4,104.36511908659507
pep_0487,gene_098,drug,24h,5,66.63330234438807
pep_0487,gene_098,drug,24h,6,109.12471307756776
pep_0487,gene_098,drug,6h,1,24.420088896431526
pep_0487,gene_098,drug,6h,2,92.06218390928669
pep_0487,gene_098,drug,6h,3,92.26125628230932
pep_0487,gene_098,drug,6h,4,57.10513575977573
pep_0487,gene_098,drug,6h,5,63.325748027311285
pep_0487,gene_098,drug,6h,6,50.119323476028704
pep_0488,gene_098,ctrl,0h,1,68.26307349024816
pep_0488,gene_098,ctrl,0h,2,104.5068784163782
pep_0488,gene_098,ctrl,0h,3,61.66034504397209
pep_0488,gene_098,ctrl,0h,4,91.80819840275356
pep_0488,gene_098,ctrl,0h,5,71.84898625887838
pep_0488,gene_098,ctrl,0h,6,80.52647730526718
pep_0488,gene_098,ctrl,24h,1,159.81303898663654
pep_0488,gene_098,ctrl,24h,2,62.23884317112324
pep_0488,gene_098,ctrl,24h,3,77.62816036413334
pep_0488,gene_098,ctrl,24h,4,54.851309944832664
pep_0488,gene_098,ctrl,24h,5,92.89544639834175
pep_0488,gene_098,ctrl,24h,6,67.08129657842468
pep_0488,gene_098,ctrl,6h,1,79.009141402587
pep_0488,gene_098,ctrl,6h,2,90.75637351818435
pep_0488,gene_098,ctrl,6h,3,69.23126391075893
pep_0488,gene_098,ctrl,6h,4,96.7568554191358
pep_0488,gene_098,ctrl,6h,5,76.18541051212844
pep_0488,gene_098,ctrl,6h,6,58.73150640331567
pep_0488,gene_098,drug,0h,1,64.69249684299359
pep_0488,gene_098,drug,0h,2,76.0409822521143
pep_0488,gene_098,drug,0h,3,67.84570910329879
pep_0488,gene_098,drug,0h,4,37.04818386064052
pep_0488,gene_098,drug,0h,5,81.15948793993017
pep_0488,gene_098,drug,0h,6,60.78127422005472
pep_0488,gene_098,drug,24h,1,114.07560599660626
pep_0488,gene_098,drug,24h,2,37.84295883945585
pep_0488,gene_098,drug,24h,3,48.17498001939952
pep_0488,gene_098,drug,24h,4,65.28767068085607
pep_0488,gene_098,drug,24h,5,118.02023160425284
pep_0488,gene_098,drug,24h,6,37.303856422315356
pep_0488,gene_098,drug,6h,1,37.43372838280453
pep_0488,gene_098,drug,6h,2,80.83570343769983
pep_0488,gene_098,drug,6h,3,95.94610072196507
pep_0488,gene_098,drug,6h,4,110.24988559405173
pep_0488,gene_098,drug,6h,5,107.84245361926187
pep_0488,gene_098,drug,6h,6,48.50139599339558
pep_0489,gene_098,ctrl,0h,1,60.847818754171634
pep_0489,gene_098,ctrl,0h,2,111.57626919602359
pep_0489,gene_098,ctrl,0h,3,43.795972110687
pep_0489,gene_098,ctrl,0h,4,172.9494384668948
pep_0489,gene_098,ctrl,0h,5,137.26345444438903
pep_0489,gene_098,ctrl,0h,6,70.84891319425162
pep_0489,gene_098,ctrl,24h,1,74.27272171647395
pep_0489,gene_098,ctrl,24h,2,119.06999139861225
pep_0489,gene_098,ctrl,24h,3,149.62261252433066
pep_0489,gene_098,ctrl,24h,4,109.85470055666234
pep_0489,gene_098,ctrl,24h,5,84.55072509163473
pep_0489,gene_098,ctrl,24h,6,119.49931389634926
pep_0489,gene_098,ctrl,6h,1,141.13204538413476
pep_0489,gene_098,ctrl,6h,2,55.89280928935463
pep_0489,gene_098,ctrl,6h,3,62.26482387300023
pep_0489,gene_098,ctrl,6h,4,107.72193423320876
pep_0489,gene_098,ctrl,6h,5,130.2856650044268
pep_0489,gene_098,ctrl,6h,6,118.50570512531408
pep_0489,gene_098,drug,0h,1,69.56047729967115
pep_0489,gene_098,drug,0h,2,57.612507444566475
pep_0489,gene_098,drug,0h,3,87.26869416787667
pep_0489,gene_098,drug,0h,4,170.44662204699594
pep_0489,gene_098,drug,0h,5,61.958668810866335
pep_0489,gene_098,drug,0h,6,36.617857602924694
pep_0489,gene_098,drug,24h,1,130.95858044982512
pep_0489,gene_098,drug,24h,2,86.61892940550617
pep_0489,gene_098,drug,24h,3,207.8961826821754
pep_0489,gene_098,drug,24h,4,83.74750984697233
pep_0489,gene_098,drug,24h,5,107.29412117983176
pep_0489,gene_098,drug,24h,6,61.453294111107425
pep_0489,gene_098,drug,6h,1,143.57888529322264
pep_0489,gene_098,drug,6h,2,127.47317552903456
pep_0489,gene_098,drug,6h,3,45.59039613757527
pep_0489,gene_098,drug,6h,4,81.91619256302579
pep_0489,gene_098,drug,6h,5,68.39826118016596
pep_0489,gene_098,drug,6h,6,131.3435719041497
pep_0490,gene_098,ctrl,0h,1,92.96429698151495
pep_0490,gene_098,ctrl,0h,2,138.64054596254402
pep_0490,gene_098,ctrl,0h,3,203.48433315419447
pep_0490,gene_098,ctrl,0h,4,58.30662321529147
pep_0490,gene_098,ctrl,0h,5,57.233966458405604
pep_0490,gene_098,ctrl,0h,6,138.58186692208315
pep_0490,gene_098,ctrl,24h,1,63.5765748402694
pep_0490,gene_098,ctrl,24h,2,123.09898944468544
pep_0490,gene_098,ctrl,24h,3,134.8807789699913
pep_0490,gene_098,ctrl,24h,4,154.78182633264112
pep_0490,gene_098,ctrl,24h,5,197.50512182146554
pep_0490,gene_098,ctrl,24h,6,133.50114567956356
pep_0490,gene_098,ctrl,6h,1,127.07235529807575
pep_0490,gene_098,ctrl,6h,2,85.63636423117161
pep_0490,gene_098,ctrl,6h,3,136.8932935641963
pep_0490,gene_098,ctrl,6h,4,87.17522549168079
pep_0490,gene_098,ctrl,6h,5,129.02426174245716
pep_0490,gene_098,ctrl,6h,6,146.51001387274366
pep_0490,gene_098,drug,0h,1,76.49070477985138
pep_0490,gene_098,drug,0h,2,89.21057643851576
pep_0490,gene_098,drug,0h,3,166.2761006312301
pep_0490,gene_098,drug,0h,4,114.73825158998365
pep_0490,gene_098,drug,0h,5,141.47863991302992
pep_0490,gene_098,drug,0h,6,85.1578393038714
pep_0490,gene_098,drug,24h,1,122.60910832038248
pep_0490,gene_098,drug,24h,2,153.80136258163833
pep_0490,gene_098,drug,24h,3,146.5758008073305
pep_0490,gene_098,drug,24h,4,136.15115557319604
pep_0490,gene_098,drug,24h,5,149.75890880751757
pep_0490,gene_098,drug,24h,6,78.90430441965968
pep_0490,gene_098,drug,6h,1,131.03476089336542
pep_0490,gene_098,drug,6h,2,115.50126036457179
pep_0490,gene_098,drug,6h,3,117.54826270091073
pep_0490,gene_098,drug,6h,4,84.29108138898181
pep_0490,gene_098,drug,6h,5,168.98920513942932
pep_0490,gene_098,drug,6h,6,85.65022253647625
pep_0491,gene_099,ctrl,0h,1,138.43702180076153
pep_0491,gene_099,ctrl,0h,2,68.10058794686127
pep_0491,gene_099,ctrl,0h,3,61.00802231292018
pep_0491,gene_099,ctrl,0h,4,93.26676156805065
pep_0491,gene_099,ctrl,0h,5,176.74428224197797
pep_0491,gene_099,ctrl,0h,6,53.75526373883599
pep_0491,gene_099,ctrl,24h,1,152.44491299628038
pep_0491,gene_099,ctrl,24h,2,109.6730134082198
pep_0491,gene_099,ctrl,24h,3,143.23093783547455
pep_0491,gene_099,ctrl,24h,4,54.38174286811658
pep_0491,gene_099,ctrl,24h,5,134.66957674554138
pep_0491,gene_099,ctrl,24h,6,94.4383255617299
pep_0491,gene_099,ctrl,6h,1,39.47876346425068
pep_0491,gene_099,ctrl,6h,2,74.63421903940744
pep_0491,gene_099,ctrl,6h,3,52.92402432703924
pep_0491,gene_099,ctrl,6h,4,121.34612812148775
pep_0491,gene_099,ctrl,6h,5,143.8034132795061
pep_0491,gene_099,ctrl,6h,6,122.33395545663475
pep_0491,gene_099,drug,0h,1,83.3432410942256
pep_0491,gene_099,drug,0h,2,138.63784862971266
pep_0491,gene_099,drug,0h,3,84.14979283479431
pep_0491,gene_099,drug,0h,4,65.02632593942621
pep_0491,gene_099,drug,0h,5,109.46365289986653
pep_0491,gene_099,drug,0h,6,152.56198032421628
pep_0491,gene_099,drug,24h,1,119.19239170621185
pep_0491,gene_099,drug,24h,2,108.81286314163684
pep_0491,gene_099,drug,24h,3,94.3981052101537
pep_0491,gene_099,drug,24h,4,137.72434319238894
pep_0491,gene_099,drug,24h,5,112.24998688551925
pep_0491,gene_099,drug,24h,6,91.2937326063838
pep_0491,gene_099,drug,6h,1,113.81653931922706
pep_0491,gene_099,drug,6h,2,84.99288151299862
pep_0491,gene_099,drug,6h,3,176.58310905863686
pep_0491,gene_099,drug,6h,4,52.59227649653117
pep_0491,gene_099,drug,6h,5,108.19506404066159
pep_0491,gene_099,drug,6h,6,100.42931706101615
pep_0492,gene_099,ctrl,0h,1,124.32421852829363
pep_0492,gene_099,ctrl,0h,2,93.41369066696684
pep_0492,gene_099,ctrl,0h,3,119.47872294434562
pep_0492,gene_099,ctrl,0h,4,68.00995148842645
pep_0492,gene_099,ctrl,0h,5,90.65847516179127
pep_0492,gene_099,ctrl,0h,6,98.16694576717994
pep_0492,gene_099,ctrl,24h,1,99.89557891630032
pep_0492,gene_099,ctrl,24h,2,51.794582710420826
pep_0492,gene_099,ctrl,24h,3,82.36009190636071
pep_0492,gene_099,ctrl,24h,4,78.79860495397126
pep_0492,gene_099,ctrl,24h,5,150.60472732522902
pep_0492,gene_099,ctrl,24h,6,46.994378590034536
pep_0492,gene_099,ctrl,6h,1,61.19467463067957
pep_0492,gene_099,ctrl,6h,2,109.96349850307628
pep_0492,gene_099,ctrl,6h,3,58.200103374847636
pep_0492,gene_099,ctrl,6h,4,148.1907229196779
pep_0492,gene_099,ctrl,6h,5,64.38295478234261
pep_0492,gene_099,ctrl,6h,6,96.96854393836658
pep_0492,gene_099,drug,0h,1,99.67303590152747
pep_0492,gene_099,drug,0h,2,73.24571762623036
pep_0492,gene_099,drug,0h,3,124.57133224487325
pep_0492,gene_099,drug,0h,4,128.52782537686215
pep_0492,gene_099,drug,0h,5,56.459063785895914
pep_0492,gene_099,drug,0h,6,65.43095916331386
pep_0492,gene_099,drug,24h,1,64.27811503290994
pep_0492,gene_099,drug,24h,2,147.84600051853636
pep_0492,gene_099,drug,24h,3,127.50914959885084
pep_0492,gene_099,drug,24h,4,103.64168340705143
pep_0492,gene_099,drug,24h,5,40.95086029437128
pep_0492,gene_099,drug,24h,6,58.13389982299001
pep_0492,gene_099,drug,6h,1,66.32204065086074
pep_0492,gene_099,drug,6h,2,83.35367045939616
pep_0492,gene_099,drug,6h,3,70.70986608771612
pep_0492,gene_099,drug,6h,4,31.99929959812241
pep_0492,gene_099,drug,6h,5,101.88740224715701
pep_0492,gene_099,drug,6h,6,50.51917734653159
pep_0493,gene_099,ctrl,0h,1,81.57988877089016
pep_0493,gene_099,ctrl,0h,2,63.98313382591621
pep_0493,gene_099,ctrl,0h,3,41.8617462535771
pep_0493,gene_099,ctrl,0h,4,39.427992385705195
pep_0493,gene_099,ctrl,0h,5,79.45878813106086
pep_0493,gene_099,ctrl,0h,6,105.8719842264317
pep_0493,gene_099,ctrl,24h,1,76.18365556342175
pep_0493,gene_099,ctrl,24h,2,78.40356991134642
pep_0493,gene_099,ctrl,24h,3,56.79149152393618
pep_0493,gene_099,ctrl,24h,4,19.136536731947448
pep_0493,gene_099,ctrl,24h,5,57.82407582679387
pep_0493,gene_099,ctrl,24h,6,62.653806040929915
pep_0493,gene_099,ctrl,6h,1,151.42563291514216
pep_0493,gene_099,ctrl,6h,2,121.05275115672455
pep_0493,gene_099,ctrl,6h,3,57.957716302312875
pep_0493,gene_099,ctrl,6h,4,84.17363125456477
pep_0493,gene_099,ctrl,6h,5,77.21308288745534
pep_0493,gene_099,ctrl,6h,6,89.19119104658189
pep_0493,gene_099,drug,0h,1,57.60475737234481
pep_0493,gene_099,drug,0h,2,83.09201961005135
pep_0493,gene_099,drug,0h,3,66.79880329323075
pep_0493,gene_099,drug,0h,4,95.32420337913724
pep_0493,gene_099,drug,0h,5,57.56519851697574
pep_0493,gene_099,drug,0h,6,75.59104931259021
pep_0493,gene_099,drug,24h,1,64.39073141413385
pep_0493,gene_099,drug,24h,2,37.23987096951433
pep_0493,gene_099,drug,24h,3,102.66365583274646
pep_0493,gene_099,drug,24h,4,54.14042761585715
pep_0493,gene_099,drug,24h,5,46.0846782275118
pep_0493,gene_099,drug,24h,6,118.21681327504125
pep_0493,gene_099,drug,6h,1,64.86781453352187
pep_0493,gene_099,drug,6h,2,72.74375100241787
pep_0493,gene_099,drug,6h,3,74.46037582981742
pep_0493,gene_099,drug,6h,4,88.03926018509891
pep_0493,gene_099,drug,6h,5,101.67514372689531
pep_0493,gene_099,drug,6h,6,111.30951401411885
pep_0494,gene_099,ctrl,0h,1,70.97601933528573
pep_0494,gene_099,ctrl,0h,2,139.93312944401077
pep_0494,gene_099,ctrl,0h,3,113.16160549565788
pep_0494,gene_099,ctrl,0h,4,229.75973822001373
pep_0494,gene_099,ctrl,0h,5,205.66294668315686
pep_0494,gene_099,ctrl,0h,6,139.04953439261763
pep_0494,gene_099,ctrl,24h,1,138.9610483357698
pep_0494,gene_099,ctrl,24h,2,129.3440600561487
pep_0494,gene_099,ctrl,24h,3,117.5056407917718
pep_0494,gene_099,ctrl,24h,4,126.9791736736828
pep_0494,gene_099,ctrl,24h,5,84.23569739028596
pep_0494,gene_099,ctrl,24h,6,192.24662395292845
pep_0494,gene_099,ctrl,6h,1,62.91850067793999
pep_0494,gene_099,ctrl,6h,2,143.65323335246538
pep_0494,gene_099,ctrl,6h,3,99.21873943902989
pep_0494,gene_099,ctrl,6h,4,170.07703048958575
pep_0494,gene_099,ctrl,6h,5,89.49900072070427
pep_0494,gene_099,ctrl,6h,6,69.65581070894156
pep_0494,gene_099,drug,0h,1,74.13725700306402
pep_0494,gene_099,drug,0h,2,181.71844710005948
pep_0494,gene_099,drug,0h,3,147.6165032760625
pep_0494,gene_099,drug,0h,4,141.6402600459218
pep_0494,gene_099,drug,0h,5,24.430005453241574
pep_0494,gene_099,drug,0h,6,116.63494637073487
pep_0494,gene_099,drug,24h,1,160.0995259141244
pep_0494,gene_099,drug,24h,2,102.38151624029197
pep_0494,gene_099,drug,24h,3,144.2567336228044
pep_0494,gene_099,drug,24h,4,133.17366718094442
pep_0494,gene_099,drug,24h,5,87.22501840484539
pep_0494,gene_099,drug,24h,6,134.64857979231292
pep_0494,gene_099,drug,6h,1,127.83678909879315
pep_0494,gene_099,drug,6h,2,121.86699673237658
pep_0494,gene_099,drug,6h,3,163.42549896783473
pep_0494,gene_099,drug,6h,4,232.42212802836522
pep_0494,gene_099,drug,6h,5,143.39253526298276
pep_0494,gene_099,drug,6h,6,162.43165766818632
pep_0495,gene_099,ctrl,0h,1,89.9391660285729
pep_0495,gene_099,ctrl,0h,2,150.52633692680385
pep_0495,gene_099,ctrl,0h,3,40.79856430677094
pep_0495,gene_099,ctrl,0h,4,59.58389105433238
pep_0495,gene_099,ctrl,0h,5,49.992702394773026
pep_0495,gene_099,ctrl,0h,6,95.94880243272384
pep_0495,gene_099,ctrl,24h,1,78.34898434846505
pep_0495,gene_099,ctrl,24h,2,95.60726270831908
pep_0495,gene_099,ctrl,24h,3,72.4145042131989
pep_0495,gene_099,ctrl,24h,4,94.92802308348618
pep_0495,gene_099,ctrl,24h,5,145.2156375309138
pep_0495,gene_099,ctrl,24h,6,142.25355937102938
pep_0495,gene_099,ctrl,6h,1,36.30055311571035
pep_0495,gene_099,ctrl,6h,2,102.65032575041742
pep_0495,gene_099,ctrl,6h,3,105.24186708862926
pep_0495,gene_099,ctrl,6h,4,48.61138010839589
pep_0495,gene_099,ctrl,6h,5,114.40418266669667
pep_0495,gene_099,ctrl,6h,6,112.63994920616327
pep_0495,gene_099,drug,0h,1,56.6816043864348
pep_0495,gene_099,drug,0h,2,57.294594546256164
pep_0495,gene_099,drug,0h,3,107.08605225620111
pep_0495,gene_099,drug,0h,4,63.71844366844203
pep_0495,gene_099,drug,0h,5,67.85093821844886
pep_0495,gene_099,drug,0h,6,150.94429903589764
pep_0495,gene_099,drug,24h,1,159.37116395643307
pep_0495,gene_099,drug,24h,2,111.3159365161662
pep_0495,gene_099,drug,24h,3,49.16565675787522
pep_0495,gene_099,drug,24h,4,99.24715252655518
pep_0495,gene_099,drug,24h,5,154.04565839249275
pep_0495,gene_099,drug,24h,6,71.74370421155825
pep_0495,gene_099,drug,6h,1,100.22580448160703
pep_0495,gene_099,drug,6h,2,108.59510282854862
pep_0495,gene_099,drug,6h,3,110.16568554966807
pep_0495,gene_099,drug,6h,4,40.16589821414155
pep_0495,gene_099,drug,6h,5,54.35860529215109
pep_0495,gene_099,drug,6h,6,191.22541581840412
pep_0496,gene_100,ctrl,0h,1,95.42887573132214
pep_0496,gene_100,ctrl,0h,2,31.57388422246557
pep_0496,gene_100,ctrl,0h,3,84.19097052339899
pep_0496,gene_100,ctrl,0h,4,77.66852210883944
pep_0496,gene_100,ctrl,0h,5,92.85032248144817
pep_0496,gene_100,ctrl,0h,6,70.34725477206142
pep_0496,gene_100,ctrl,24h,1,37.75656865643325
pep_0496,gene_100,ctrl,24h,2,57.17185767370745
pep_0496,gene_100,ctrl,24h,3,89.98276139744591
pep_0496,gene_100,ctrl,24h,4,70.86529585947856
pep_0496,gene_100,ctrl,24h,5,140.07070902347814
pep_0496,gene_100,ctrl,24h,6,159.9733684216639
pep_0496,gene_100,ctrl,6h,1,86.29488191073065
pep_0496,gene_100,ctrl,6h,2,119.57702523853904
pep_0496,gene_100,ctrl,6h,3,93.76305844065958
pep_0496,gene_100,ctrl,6h,4,73.97159749840527
pep_0496,gene_100,ctrl,6h,5,31.608185857493282
pep_0496,gene_100,ctrl,6h,6,76.18725843020395
pep_0496,gene_100,drug,0h,1,120.39061568583075
pep_0496,gene_100,drug,0h,2,36.32148247442103
pep_0496,gene_100,drug,0h,3,53.411723120830814
pep_0496,gene_100,drug,0h,4,61.14206833376813
pep_0496,gene_100,drug,0h,5,57.73526437483809
pep_0496,gene_100,drug,0h,6,50.07932849102549
pep_0496,gene_100,drug,24h,1,62.41404033393469
pep_0496,gene_100,drug,24h,2,131.62587867750065
pep_0496,gene_100,drug,24h,3,163.67615718270872
pep_0496,gene_100,drug,24h,4,103.15279390181921
pep_0496,gene_100,drug,24h,5,75.00569368965883
pep_0496,gene_100,drug,24h,6,22.31101455965558
pep_0496,gene_100,drug,6h,1,74.52682844870309
pep_0496,gene_100,drug,6h,2,41.969920968921265
pep_0496,gene_100,drug,6h,3,53.22335795783339
pep_0496,gene_100,drug,6h,4,106.00032337589798
pep_0496,gene_100,drug,6h,5,113.8824509631898
pep_0496,gene_100,drug,6h,6,64.14613098911431
pep_0497,gene_100,ctrl,0h,1,153.507043538777
pep_0497,gene_100,ctrl,0h,2,90.1598906139115
pep_0497,gene_100,ctrl,0h,3,167.94751397353693
pep_0497,gene_100,ctrl,0h,4,142.3115454364996
pep_0497,gene_100,ctrl,0h,5,101.64563853443535
pep_0497,gene_100,ctrl,0h,6,118.8477027508057
pep_0497,gene_100,ctrl,24h,1,121.54374802890104
pep_0497,gene_100,ctrl,24h,2,167.65687285411894
pep_0497,gene_100,ctrl,24h,3,115.91419471164421
pep_0497,gene_100,ctrl,24h,4,65.77440398519678
pep_0497,gene_100,ctrl,24h,5,99.55572284972396
pep_0497,gene_100,ctrl,24h,6,108.88309382930267
pep_0497,gene_100,ctrl,6h,1,161.1845047987199
pep_0497,gene_100,ctrl,6h,2,97.22042468884484
pep_0497,gene_100,ctrl,6h,3,232.50295784711486
pep_0497,gene_100,ctrl,6h,4,110.7235419064183
pep_0497,gene_100,ctrl,6h,5,176.76666394024596
pep_0497,gene_100,ctrl,6h,6,157.7913747312218
pep_0497,gene_100,drug,0h,1,159.13560381328148
pep_0497,gene_100,drug,0h,2,77.64135683408318
pep_0497,gene_100,drug,0h,3,112.26105150571885
pep_0497,gene_100,drug,0h,4,101.82749522780944
pep_0497,gene_100,drug,0h,5,167.2157295930216
pep_0497,gene_100,drug,0h,6,99.35883259598339
pep_0497,gene_100,drug,24h,1,98.03588628202304
pep_0497,gene_100,drug,24h,2,183.4677086335306
pep_0497,gene_100,drug,24h,3,80.79282016912502
pep_0497,gene_100,drug,24h,4,151.6647147142416
pep_0497,gene_100,drug,24h,5,133.92086109674096
pep_0497,gene_100,drug,24h,6,106.04653698450986
pep_0497,gene_100,drug,6h,1,163.89449711109603
pep_0497,gene_100,drug,6h,2,126.19920131232787
pep_0497,gene_100,drug,6h,3,86.54205255564324
pep_0497,gene_100,drug,6h,4,154.02787165863904
pep_0497,gene_100,drug,6h,5,69.18406131446122
pep_0497,gene_100,drug,6h,6,91.21884817298604
pep_0498,gene_100,ctrl,0h,1,83.32833774678387
pep_0498,gene_100,ctrl,0h,2,70.21433445490052
pep_0498,gene_100,ctrl,0h,3,64.98765179662229
pep_0498,gene_100,ctrl,0h,4,70.38096247026995
pep_0498,gene_100,ctrl,0h,5,99.73246394957197
pep_0498,gene_100,ctrl,0h,6,60.25319783451229
pep_0498,gene_100,ctrl,24h,1,112.60808888850909
pep_0498,gene_100,ctrl,24h,2,103.67759591229154
pep_0498,gene_100,ctrl,24h,3,92.51801756096506
pep_0498,gene_100,ctrl,24h,4,73.50959956629124
pep_0498,gene_100,ctrl,24h,5,129.83136195618238
pep_0498,gene_100,ctrl,24h,6,83.62553164158969
pep_0498,gene_100,ctrl,6h,1,113.32262363908339
pep_0498,gene_100,ctrl,6h,2,67.27549041794754
pep_0498,gene_100,ctrl,6h,3,88.96231113801211
pep_0498,gene_100,ctrl,6h,4,85.07790840318066
pep_0498,gene_100,ctrl,6h,5,50.571116801025056
pep_0498,gene_100,ctrl,6h,6,123.63044689994109
pep_0498,gene_100,drug,0h,1,74.57574224509837
pep_0498,gene_100,drug,0h,2,154.07093182991855
pep_0498,gene_100,drug,0h,3,130.79161439332907
pep_0498,gene_100,drug,0h,4,58.59020845517497
pep_0498,gene_100,drug,0h,5,52.86003047335348
pep_0498,gene_100,drug,0h,6,85.32711909252876
pep_0498,gene_100,drug,24h,1,55.763249637269766
pep_0498,gene_100,drug,24h,2,66.45625538476874
pep_0498,gene_100,drug,24h,3,101.56389524001567
pep_0498,gene_100,drug,24h,4,74.38163528656915
pep_0498,gene_100,drug,24h,5,43.1026635891326
pep_0498,gene_100,drug,24h,6,76.50925630237178
pep_0498,gene_100,drug,6h,1,56.825139168705924
pep_0498,gene_100,drug,6h,2,77.12840056247244
pep_0498,gene_100,drug,6h,3,104.2192652014147
pep_0498,gene_100,drug,6h,4,89.13161030853445
pep_0498,gene_100,drug,6h,5,93.35796082675448
pep_0498,gene_100,drug,6h,6,78.75141138108181
pep_0499,gene_100,ctrl,0h,1,63.56309818210076
pep_0499,gene_100,ctrl,0h,2,139.0421508411216
pep_0499,gene_100,ctrl,0h,3,113.29620114992434
pep_0499,gene_100,ctrl,0h,4,150.95378457719235
pep_0499,gene_100,ctrl,0h,5,61.614045936755694
pep_0499,gene_100,ctrl,0h,6,124.99994211481915
pep_0499,gene_100,ctrl,24h,1,103.33003248464296
pep_0499,gene_100,ctrl,24h,2,32.29360630849841
pep_0499,gene_100,ctrl,24h,3,83.10447222393648
pep_0499,gene_100,ctrl,24h,4,45.0857058924303
pep_0499,gene_100,ctrl,24h,5,121.85945463453969
pep_0499,gene_100,ctrl,24h,6,94.1158744475827
pep_0499,gene_100,ctrl,6h,1,109.05786925394331
pep_0499,gene_100,ctrl,6h,2,76.26024386982692
pep_0499,gene_100,ctrl,6h,3,134.24754567941878
pep_0499,gene_100,ctrl,6h,4,165.73708545543425
pep_0499,gene_100,ctrl,6h,5,69.63951389469071
pep_0499,gene_100,ctrl,6h,6,109.14019836639937
pep_0499,gene_100,drug,0h,1,81.32415438086811
pep_0499,gene_100,drug,0h,2,79.35803718917327
pep_0499,gene_100,drug,0h,3,46.457248761056675
pep_0499,gene_100,drug,0h,4,87.61530562267619
pep_0499,gene_100,drug,0h,5,144.72940103593226
pep_0499,gene_100,drug,0h,6,62.2145890223052
pep_0499,gene_100,drug,24h,1,62.21864785348764
pep_0499,gene_100,drug,24h,2,78.9017152790398
pep_0499,gene_100,drug,24h,3,165.38062591225423
pep_0499,gene_100,drug,24h,4,99.40272736277602
pep_0499,gene_100,drug,24h,5,94.69994163594508
pep_0499,gene_100,drug,24h,6,111.70165475794839
pep_0499,gene_100,drug,6h,1,109.83989520093802
pep_0499,gene_100,drug,6h,2,158.05663305944003
pep_0499,gene_100,drug,6h,3,28.917351385493905
pep_0499,gene_100,drug,6h,4,42.60997064150969
pep_0499,gene_100,drug,6h,5,182.92655088770636
pep_0499,gene_100,drug,6h,6,168.3882314722282
pep_0500,gene_100,ctrl,0h,1,77.0993439996859
pep_0500,gene_100,ctrl,0h,2,220.42391494324008
pep_0500,gene_100,ctrl,0h,3,211.31972598751437
pep_0500,gene_100,ctrl,0h,4,94.34598540998525
pep_0500,gene_100,ctrl,0h,5,147.35768420244935
pep_0500,gene_100,ctrl,0h,6,155.30495857910677
pep_0500,gene_100,ctrl,24h,1,149.8410920058697
pep_0500,gene_100,ctrl,24h,2,62.424977795689934
pep_0500,gene_100,ctrl,24h,3,190.09484017102295
pep_0500,gene_100,ctrl,24h,4,169.06262160029746
pep_0500,gene_100,ctrl,24h,5,110.26194041320223
pep_0500,gene_100,ctrl,24h,6,104.04941500608257
pep_0500,gene_100,ctrl,6h,1,114.60988891985642
pep_0500,gene_100,ctrl,6h,2,108.2104035825046
pep_0500,gene_100,ctrl,6h,3,211.31978972094186
pep_0500,gene_100,ctrl,6h,4,98.20551854845807
pep_0500,gene_100,ctrl,6h,5,95.94804860705284
pep_0500,gene_100,ctrl,6h,6,110.38390731593393
pep_0500,gene_100,drug,0h,1,90.281635551989325
pep_0500,gene_100,drug,0h,2,220.68917721769103
pep_0500,gene_100,drug,0h,3,81.80018610693868
pep_0500,gene_100,drug,0h,4,170.32407040060903
pep_0500,gene_100,drug,0h,5,148.65226720754873
pep_0500,gene_100,drug,0h,6,96.89745747818095
pep_0500,gene_100,drug,24h,1,227.22038616653725
pep_0500,gene_100,drug,24h,2,104.90353267594406
pep_0500,gene_100,drug,24h,3,87.55616121032843
pep_0500,gene_100,drug,24h,4,99.31293610749425
pep_0500,gene_100,drug,24h,5,110.79471676996282
pep_0500,gene_100,drug,24h,6,44.4645778268453
pep_0500,gene_100,drug,6h,1,151.6686593155423
pep_0500,gene_100,drug,6h,2,145.9748225096971
pep_0500,gene_100,drug,6h,3,122.60812837018163
pep_0500,gene_100,drug,6h,4,190.35509849863595
pep_0500,gene_100,drug,6h,5,115.93612301330596
pep_0500,gene_100,drug,6h,6,148.6291883359086
